$MeshFormat
2.2 0 8
$EndMeshFormat
$Nodes
3814
1 0 0 0
2 0.33 0.25 0.25
3 0.66 -0.25 0.25
4 1 0 0
5 0 1 0
6 0.33 0.75 -0.25
7 0.66 1.25 -0.25
8 1 1 0
9 -0.25 0.5 0.25
10 1.25 0.5 -0.25
11 0.01378874832557237 0.01001357806641813 0.01030050907438657
12 0.02798615337917298 0.01943733734120484 0.02060212432569956
13 0.04259973641139338 0.02822551959771977 0.03088328792197477
14 0.05763361023281987 0.03633134932505501 0.0411186986900928
15 0.07308768171219429 0.0437081087651725 0.05127915588725638
16 0.08895687179599347 0.05031051503214792 0.06133156397450146
17 0.1052304999021342 0.05609640422515053 0.07123919352646163
18 0.1218918461430443 0.06102860994383136 0.08096218530186473
19 0.1389180913523717 0.06507694907175784 0.09045837823029872
20 0.156280644409119 0.06822010614211751 0.09968439528789524
21 0.1739459300477235 0.07044722302384054 0.1085969424699201
22 0.1918765967575247 0.07175898938000705 0.1171542007681383
23 0.2100330462987096 0.07216808551249668 0.125317169714633
24 0.2283751273826618 0.07169891656149614 0.1330508174875444
25 0.2468638077000974 0.07038668162490995 0.1403249193516178
26 0.2654626548828599 0.06827591517701719 0.1471145189357154
27 0.2841390018930073 0.06541869736018056 0.1534000059445371
28 0.30286472540438 0.06187274710528994 0.159166853447532
29 0.3216166451395664 0.05769958621989949 0.164405099103453
30 0.34037657876005 0.05296291629520609 0.1691086608885955
31 0.3591311309794425 0.04772729045726592 0.1732745790623457
32 0.3778712903655455 0.04205711214801925 0.1769022559485369
33 0.3965919144474064 0.03601595013620839 0.1799927477077538
34 0.4152911588179507 0.02966613637576857 0.1825481391854327
35 0.4339698969569926 0.02306859885377935 0.1845710180818499
36 0.4526311339178981 0.01628288840002899 0.186064050312469
37 0.4712794832929307 0.009367332774955127 0.1870296596884924
38 0.4899206418076216 0.002379300775321162 0.1874697978860379
39 0.5085609042452248 -0.004624475562351429 0.1873858034774624
40 0.5272066972864214 -0.01158754697368339 0.1867783422926772
41 0.5458641164221805 -0.01845338663741306 0.1856474259754325
42 0.5645384634340234 -0.0251650529665037 0.1839925079837455
43 0.5832337719631966 -0.03166490145981727 0.1818126583204314
44 0.6019523099297797 -0.03789437359211369 0.1791068209917737
45 0.6206940711326457 -0.04379390082742669 0.1758741563263105
46 0.6394562495128063 -0.04930295636436131 0.1721144714458905
47 0.6582327134685385 -0.05436029541163947 0.1678287375337857
48 0.6770135213243683 -0.05890442688844726 0.1630196817149537
49 0.6957845053289311 -0.06287434457666025 0.1576924355101628
50 0.7145269902812206 -0.06621053791464566 0.1518552021605865
51 0.7332177041566784 -0.06885627148704397 0.14551989253528
52 0.7518289480981022 -0.07075908779323743 0.1387026621250745
53 0.7703290772839946 -0.07187244240392958 0.1314242732482708
54 0.7886833056788982 -0.07215733661093214 0.1237102132419628
55 0.8068548329535148 -0.07158378290662865 0.1155905061203425
56 0.8248062028448759 -0.07013192831860886 0.1070992032892119
57 0.8425007801131987 -0.06779268975364726 0.09827357499252015
58 0.859904217752854 -0.06456780879885303 0.08915306164740844
59 0.8769857395931233 -0.06046931643680602 0.07977810114023988
60 0.8937191421743298 -0.05551847432945926 0.07018893904109495
61 0.910083427525201 -0.04974432825138149 0.06042454153611683
62 0.9260630643315119 -0.04318203747722851 0.05052168921110235
63 0.941647903482341 -0.03587114945593003 0.0405143051222373
64 0.9568328266165826 -0.02785395700465161 0.03043302300918495
65 0.9716171777490092 -0.01917405699961139 0.02030500067066918
66 0.9860041301484911 -0.009875132049355629 0.01015389625847358
67 0.01378874832557237 0.9899864219335819 -0.01030050907438657
68 0.02798615337917298 0.9805626626587952 -0.02060212432569956
69 0.04259973641139338 0.9717744804022802 -0.03088328792197477
70 0.05763361023281987 0.963668650674945 -0.0411186986900928
71 0.07308768171219429 0.9562918912348275 -0.05127915588725638
72 0.08895687179599347 0.949689484967852 -0.06133156397450146
73 0.1052304999021342 0.9439035957748494 -0.07123919352646163
74 0.1218918461430443 0.9389713900561687 -0.08096218530186473
75 0.1389180913523717 0.9349230509282421 -0.09045837823029872
76 0.156280644409119 0.9317798938578824 -0.09968439528789524
77 0.1739459300477235 0.9295527769761595 -0.1085969424699201
78 0.1918765967575247 0.9282410106199929 -0.1171542007681383
79 0.2100330462987096 0.9278319144875034 -0.125317169714633
80 0.2283751273826618 0.9283010834385039 -0.1330508174875444
81 0.2468638077000974 0.9296133183750901 -0.1403249193516178
82 0.2654626548828599 0.9317240848229829 -0.1471145189357154
83 0.2841390018930073 0.9345813026398194 -0.1534000059445371
84 0.30286472540438 0.9381272528947101 -0.159166853447532
85 0.3216166451395664 0.9423004137801005 -0.164405099103453
86 0.34037657876005 0.9470370837047939 -0.1691086608885955
87 0.3591311309794425 0.952272709542734 -0.1732745790623457
88 0.3778712903655455 0.9579428878519808 -0.1769022559485369
89 0.3965919144474064 0.9639840498637917 -0.1799927477077538
90 0.4152911588179507 0.9703338636242314 -0.1825481391854327
91 0.4339698969569926 0.9769314011462207 -0.1845710180818499
92 0.4526311339178981 0.983717111599971 -0.186064050312469
93 0.4712794832929307 0.9906326672250448 -0.1870296596884924
94 0.4899206418076216 0.9976206992246788 -0.1874697978860379
95 0.5085609042452248 1.004624475562351 -0.1873858034774624
96 0.5272066972864214 1.011587546973683 -0.1867783422926772
97 0.5458641164221805 1.018453386637413 -0.1856474259754325
98 0.5645384634340234 1.025165052966504 -0.1839925079837455
99 0.5832337719631966 1.031664901459817 -0.1818126583204314
100 0.6019523099297797 1.037894373592114 -0.1791068209917737
101 0.6206940711326457 1.043793900827427 -0.1758741563263105
102 0.6394562495128063 1.049302956364361 -0.1721144714458905
103 0.6582327134685385 1.05436029541164 -0.1678287375337857
104 0.6770135213243683 1.058904426888447 -0.1630196817149537
105 0.6957845053289311 1.06287434457666 -0.1576924355101628
106 0.7145269902812206 1.066210537914646 -0.1518552021605865
107 0.7332177041566784 1.068856271487044 -0.14551989253528
108 0.7518289480981022 1.070759087793237 -0.1387026621250745
109 0.7703290772839946 1.071872442403929 -0.1314242732482708
110 0.7886833056788982 1.072157336610932 -0.1237102132419628
111 0.8068548329535148 1.071583782906629 -0.1155905061203425
112 0.8248062028448759 1.070131928318609 -0.1070992032892119
113 0.8425007801131987 1.067792689753647 -0.09827357499252015
114 0.859904217752854 1.064567808798853 -0.08915306164740844
115 0.8769857395931233 1.060469316436806 -0.07977810114023988
116 0.8937191421743298 1.055518474329459 -0.07018893904109495
117 0.910083427525201 1.049744328251381 -0.06042454153611683
118 0.9260630643315119 1.043182037477228 -0.05052168921110235
119 0.941647903482341 1.03587114945593 -0.0405143051222373
120 0.9568328266165826 1.027853957004652 -0.03043302300918495
121 0.9716171777490092 1.019174056999611 -0.02030500067066918
122 0.9860041301484911 1.009875132049356 -0.01015389625847358
123 -0.008059896123219243 0.01638837094879375 0.008059896123219243
124 -0.01593478019119668 0.03295563420847625 0.01593478019119668
125 -0.02361645424792553 0.04970332945473721 0.02361645424792553
126 -0.03109637341553128 0.06663265793447537 0.03109637341553128
127 -0.03836567260969333 0.08374448378356192 0.03836567260969333
128 -0.04541515965005682 0.1010392491736983 0.04541515965005682
129 -0.05223533239512394 0.1185169267061091 0.05223533239512394
130 -0.05881639922116257 0.1361769639540744 0.05881639922116257
131 -0.06514830836148321 0.1540182327390162 0.06514830836148321
132 -0.07122077739802141 0.1720389577953546 0.07122077739802141
133 -0.07702333349644575 0.1902366499937275 0.07702333349644575
134 -0.08254536909977024 0.2086080615383131 0.08254536909977024
135 -0.08777619570494445 0.2271491092370943 0.08777619570494445
136 -0.09270511623463128 0.2458548298103278 0.09270511623463128
137 -0.09732150524457622 0.2647193388507089 0.09732150524457622
138 -0.1016148901146059 0.2837357640043362 0.1016148901146059
139 -0.1055750550662809 0.3028962459326607 0.1055750550662809
140 -0.1091921401193899 0.322191901868278 0.1091921401193899
141 -0.1124567531746343 0.3416128362185514 0.1124567531746343
142 -0.1153600824766625 0.3611481543274448 0.1153600824766625
143 -0.1178940110550723 0.3807859996063572 0.1178940110550723
144 -0.1200512293545102 0.400513612534279 0.1200512293545102
145 -0.1218253423343632 0.4203174088569299 0.1218253423343632
146 -0.1232109680256231 0.4401830797453274 0.1232109680256231
147 -0.1242038239457356 0.4600957131559915 0.1242038239457356
148 -0.1248007976369381 0.4800399216904379 0.1248007976369381
149 -0.125 0.5000000000000004 0.125
150 -0.124800797636938 0.519960078309563 0.124800797636938
151 -0.1242038239457355 0.5399042868440094 0.1242038239457355
152 -0.123210968025623 0.5598169202546733 0.123210968025623
153 -0.1218253423343631 0.579682591143071 0.1218253423343631
154 -0.1200512293545101 0.5994863874657219 0.1200512293545101
155 -0.1178940110550722 0.619214000393643 0.1178940110550722
156 -0.1153600824766624 0.6388518456725555 0.1153600824766624
157 -0.1124567531746342 0.6583871637814492 0.1124567531746342
158 -0.10919214011939 0.6778080981317219 0.10919214011939
159 -0.1055750550662811 0.6971037540673385 0.1055750550662811
160 -0.1016148901146061 0.7162642359956628 0.1016148901146061
161 -0.09732150524457658 0.7352806611492896 0.09732150524457658
162 -0.09270511623463164 0.7541451701896706 0.09270511623463164
163 -0.08777619570494476 0.7728508907629046 0.08777619570494476
164 -0.08254536909977053 0.7913919384616859 0.08254536909977053
165 -0.07702333349644581 0.8097633500062723 0.07702333349644581
166 -0.07122077739802148 0.8279610422046452 0.07122077739802148
167 -0.06514830836148316 0.845981767260984 0.06514830836148316
168 -0.05881639922116252 0.8638230360459258 0.05881639922116252
169 -0.05223533239512382 0.8814830732938912 0.05223533239512382
170 -0.04541515965005682 0.8989607508263018 0.04541515965005682
171 -0.03836567260969314 0.9162555162164385 0.03836567260969314
172 -0.031096373415531 0.9333673420655253 0.031096373415531
173 -0.02361645424792543 0.9502966705452631 0.02361645424792543
174 -0.01593478019119663 0.9670443657915239 0.01593478019119663
175 -0.008059896123219296 0.9836116290512061 0.008059896123219296
176 1.008059896123219 0.01638837094879375 -0.008059896123219243
177 1.015934780191197 0.03295563420847625 -0.01593478019119668
178 1.023616454247926 0.04970332945473721 -0.02361645424792553
179 1.031096373415531 0.06663265793447537 -0.03109637341553128
180 1.038365672609693 0.08374448378356192 -0.03836567260969333
181 1.045415159650057 0.1010392491736983 -0.04541515965005682
182 1.052235332395124 0.1185169267061091 -0.05223533239512394
183 1.058816399221163 0.1361769639540744 -0.05881639922116257
184 1.065148308361483 0.1540182327390162 -0.06514830836148321
185 1.071220777398021 0.1720389577953546 -0.07122077739802141
186 1.077023333496446 0.1902366499937275 -0.07702333349644575
187 1.08254536909977 0.2086080615383131 -0.08254536909977024
188 1.087776195704945 0.2271491092370943 -0.08777619570494445
189 1.092705116234631 0.2458548298103278 -0.09270511623463128
190 1.097321505244576 0.2647193388507089 -0.09732150524457622
191 1.101614890114606 0.2837357640043362 -0.1016148901146059
192 1.105575055066281 0.3028962459326607 -0.1055750550662809
193 1.10919214011939 0.322191901868278 -0.1091921401193899
194 1.112456753174634 0.3416128362185514 -0.1124567531746343
195 1.115360082476663 0.3611481543274448 -0.1153600824766625
196 1.117894011055072 0.3807859996063572 -0.1178940110550723
197 1.12005122935451 0.400513612534279 -0.1200512293545102
198 1.121825342334363 0.4203174088569299 -0.1218253423343632
199 1.123210968025623 0.4401830797453274 -0.1232109680256231
200 1.124203823945736 0.4600957131559915 -0.1242038239457356
201 1.124800797636938 0.4800399216904379 -0.1248007976369381
202 1.125 0.5000000000000004 -0.125
203 1.124800797636938 0.519960078309563 -0.124800797636938
204 1.124203823945736 0.5399042868440094 -0.1242038239457355
205 1.123210968025623 0.5598169202546733 -0.123210968025623
206 1.121825342334363 0.579682591143071 -0.1218253423343631
207 1.12005122935451 0.5994863874657219 -0.1200512293545101
208 1.117894011055072 0.619214000393643 -0.1178940110550722
209 1.115360082476662 0.6388518456725555 -0.1153600824766624
210 1.112456753174634 0.6583871637814492 -0.1124567531746342
211 1.10919214011939 0.6778080981317219 -0.10919214011939
212 1.105575055066281 0.6971037540673385 -0.1055750550662811
213 1.101614890114606 0.7162642359956628 -0.1016148901146061
214 1.097321505244577 0.7352806611492896 -0.09732150524457658
215 1.092705116234632 0.7541451701896706 -0.09270511623463164
216 1.087776195704945 0.7728508907629046 -0.08777619570494476
217 1.08254536909977 0.7913919384616859 -0.08254536909977053
218 1.077023333496446 0.8097633500062723 -0.07702333349644581
219 1.071220777398021 0.8279610422046452 -0.07122077739802148
220 1.065148308361483 0.845981767260984 -0.06514830836148316
221 1.058816399221163 0.8638230360459258 -0.05881639922116252
222 1.052235332395124 0.8814830732938912 -0.05223533239512382
223 1.045415159650057 0.8989607508263018 -0.04541515965005682
224 1.038365672609693 0.9162555162164385 -0.03836567260969314
225 1.031096373415531 0.9333673420655253 -0.031096373415531
226 1.023616454247926 0.9502966705452631 -0.02361645424792543
227 1.015934780191197 0.9670443657915239 -0.01593478019119663
228 1.008059896123219 0.9836116290512061 -0.008059896123219296
229 0.392965734212977 0.05315317801304491 0.1748625296758668
230 0.3573371551399138 0.9342315431073993 -0.1640208819096611
231 0.5235252989762407 0.007575753948968787 0.1800999505531302
232 0.5434425371863479 1.000827217111845 -0.1805890503409417
233 1.104562265336589 0.4302541769964148 -0.1170989042245654
234 0.2406568755130983 0.9131631188918459 -0.1300183903778789
235 1.096002684677636 0.3348849188812703 -0.1054942090374909
236 1.105112301351469 0.5483868477486281 -0.1205120147257831
237 0.278728634218091 0.08422151879044615 0.1504321827623555
238 1.070047814592689 0.2238163512479873 -0.07922690458333857
239 -0.1063668580617168 0.5073444520390202 0.1203878572394637
240 1.095825424545425 0.6624823765163603 -0.1117338330959166
241 0.5953118634787075 -0.0191965598524281 0.1736314969332926
242 0.6136015299340316 1.024197874573888 -0.1734715991136416
243 0.7039245682600559 -0.0494296899551132 0.1495959867587719
244 1.04018681417816 0.1344949134239811 -0.0491767247911146
245 1.07368939775679 0.7608673879552517 -0.09462271652211909
246 -0.1013208633171566 0.6450672672656701 0.1091073132468833
247 -0.1023838520845169 0.3896772962835244 0.1170635441600075
248 0.7929539758714511 -0.05516767176400996 0.1159890927353926
249 0.725932319951698 1.050445607426519 -0.1476288148810653
250 0.1996149602175278 0.08902317038816511 0.1233609039618423
251 0.1266470617164451 0.07573026416842117 0.08871876294100783
252 0.1469061973478123 0.9143600452575744 -0.08759832413750737
253 0.8802285280843453 -0.04278294989976992 0.07280348202468018
254 0.4475292291166726 0.9652075845896191 -0.17852543162216
255 0.8168977731034126 1.055344353605098 -0.1136623570409403
256 -0.07646915641827663 0.7581584874959575 0.083434287512757
257 1.047663775642819 0.8529435786833823 -0.07052222873443058
258 -0.08345985080969698 0.2765358864018487 0.1002481580492478
259 1.01141040925439 0.06521287698742555 -0.02033321917676745
260 0.8845932712016168 1.042182290081013 -0.08182220617379898
261 -0.04802393529016034 0.8484945411535102 0.05373222401512794
262 -0.06324150280774975 0.2035250188005406 0.08267793773181524
263 0.07244976958083685 0.0611399498537803 0.05976841629030583
264 0.09372370512225853 0.9309717835751913 -0.05960057498945702
265 0.941225191295974 -0.01659437475977506 0.03554291397025777
266 1.022262280820795 0.9244687958845487 -0.04619018977735138
267 0.3319965326793833 0.07181007407307158 0.163959169849896
268 0.2984367759879231 0.9212736924150415 -0.1495319422427462
269 0.9333883153248235 1.025941016887245 -0.05465843341698365
270 0.4486532340067976 0.03617690917663426 0.179423107239833
271 -0.04574835554799883 0.1502479000426454 0.06648988495881773
272 -0.09086359855576695 0.3360325227481049 0.1104990375778504
273 -0.0281873918450761 0.8972504949535238 0.03345196821204841
274 1.100326805548654 0.6092283955541811 -0.1172876466135607
275 1.084952405540861 0.2792472647293497 -0.09403950422122076
276 -0.08831201340658995 0.7029706187686342 0.09673353716691961
277 -0.107582731246086 0.5680369297463812 0.1178910897502089
278 -0.106532100421814 0.4504175100554685 0.1206524240641967
279 1.106229803984579 0.4880896285808101 -0.1203146340449528
280 0.6506876913733612 -0.03462572273068518 0.1627324912948321
281 0.6704509363557378 1.039167698984272 -0.1625333242716261
282 0.04545064140074476 0.9518521721345101 -0.02953175708364683
283 -0.02656948142322001 0.09653742125879144 0.0470171614115484
284 0.1615730697835158 0.08596569026589509 0.1070015218640948
285 0.2381396386357522 0.08833482923123712 0.1377045094078011
286 0.1844372243100062 0.9120948387099233 -0.1064367988309872
287 0.393009721318534 0.9467676749605798 -0.1716906701159383
288 1.007510462931678 0.9602641772870341 -0.03242249099477387
289 1.034095747535216 0.8890969346472956 -0.05966066034365262
290 0.03945090281404169 0.04491426418251017 0.03915277210071961
291 0.4861543120197939 0.02048687073388755 0.1812534497461957
292 1.05859264397671 0.8161762690216329 -0.08122799396709918
293 0.4874168450706998 0.9801449974114278 -0.1810669370224501
294 1.082935137684264 0.7243322342175731 -0.1018926552581851
295 -0.07312713372113804 0.2391542453942486 0.09193753491000957
296 0.9986853269944796 0.03414977625171563 -0.006767195418894024
297 0.96978620788607 -0.002065045405414964 0.01708276390680458
298 0.5599911197367056 -0.006769412717013847 0.1778738688090161
299 1.029562779267322 0.09812851989270238 -0.03660541192439367
300 -0.015084514491302 0.9328009959148944 0.0191883942400308
301 0.5789537075812885 1.012245802980981 -0.1776358704919216
302 1.052619763171833 0.1724029467722537 -0.06232706661821572
303 -0.05974996300910344 0.8117117961477491 0.06632806239833598
304 1.10066950580198 0.3727286174541884 -0.1111686168155562
305 -0.1007818832677314 0.6088655974946181 0.1123929215033984
306 0.9644303546879538 1.011281357826041 -0.03571850817068957
307 0.7620648191621973 1.055430046702547 -0.1355173791443253
308 0.8518487297012962 1.050360250010726 -0.09783643454643781
309 0.9110087755552082 -0.03076420264990308 0.0544767965915407
310 0.7421677503520322 -0.0503041411537641 0.1351855340006384
311 0.847512125083664 -0.05105283065294316 0.09056063920105498
312 -0.01166417972423235 0.0627728364660023 0.03356439591196212
313 0.01754445212659098 0.9736395269403436 -0.01132250341106408
314 0.009345761538038688 0.02796602317992293 0.01983394794737743
315 -0.001650538605508874 0.04519219008066667 0.02660824311414323
316 0.007946986348002753 0.05948799366403384 0.03704542513856253
317 -0.001124607335506785 0.07632176692389686 0.04322044922858085
318 0.01824510020525993 0.07356125852899724 0.04722603479518678
319 0.00920855236925152 0.09045604996280429 0.05278031785879585
320 0.0279659171900719 0.08784848319555484 0.05691376122129035
321 0.01964010460240322 0.1045456802993317 0.06190326569209826
322 0.03821433219996344 0.1020732541722065 0.06620011016474811
323 0.03015709246642819 0.1192343161837297 0.07074904078644476
324 0.04913973855797344 0.1163265828935349 0.07507729518975521
325 0.04065935592396843 0.1338765716191252 0.07890205475500903
326 0.05992742728357464 0.1309942293586201 0.08332327351799393
327 0.05172259253233178 0.1488168590222852 0.08653280720287249
328 0.07089906073467045 0.1458101429538975 0.09080892330739554
329 0.06249110469836628 0.1630758077956882 0.09305402088982942
330 0.08208477804943289 0.1610697364036736 0.0974999858138204
331 0.07081240464693961 0.1799212013709243 0.09867106632956213
332 0.0929959404992598 0.1765769054772157 0.1031098850546474
333 0.0856131171558716 0.194741439765658 0.1042440699479278
334 0.1048481414799105 0.1920857914093918 0.1078102940022244
335 0.09729112966958117 0.210399097987545 0.1081718767653107
336 0.1165077153797265 0.2078868977499167 0.1113285529123171
337 0.1092359298626279 0.2260932336922925 0.1110235144627364
338 0.1282835123165093 0.2237836870340597 0.1136932432003085
339 0.1213621339660862 0.2418413182133849 0.1127769917377976
340 0.1407393378956389 0.2393278471863662 0.1149942667962421
341 0.1337793213759806 0.2574256501350984 0.1134647707565227
342 0.1528233519415509 0.2552544074079048 0.1151228428284341
343 0.1462022775066397 0.273077330942221 0.1130943375412334
344 0.1655202098429059 0.270586282959961 0.1142961922438854
345 0.1582517845290267 0.2888250377020236 0.1117066843570818
346 0.1779153646603203 0.286095483892672 0.1124623600850934
347 0.1706371708021972 0.3042764056681965 0.1094545932860966
348 0.1903427580469399 0.3013951212888862 0.1097755723298622
349 0.1836067617831108 0.3191395057416843 0.1064618610342467
350 0.2028295595662529 0.3165958542811065 0.1063045610245672
351 0.1962970954977864 0.3341603340996414 0.1026873258761574
352 0.2152597414301932 0.3316363421552033 0.1021513421406797
353 0.2086309521271346 0.3491304452632442 0.09826691152793052
354 0.2275872271131125 0.3465565407957861 0.09739725960350612
355 0.2211601473561289 0.3638858571462186 0.09328490059585831
356 0.2398981781780123 0.3613210040860985 0.09212560961573858
357 0.2332952929820029 0.3786485236226032 0.08781003042011519
358 0.2521025701471186 0.3759881423414797 0.08640220615145408
359 0.24570935275107 0.3931354120569619 0.08192063264329646
360 0.2634458090504749 0.3911668534057432 0.08020083003049798
361 0.2565654210100748 0.4085103806109903 0.07555787115099909
362 0.2789629947625382 0.404665947319886 0.07358282086834311
363 0.268969115983591 0.4229756656049733 0.06891898577843314
364 0.2881980060553955 0.4194421988631152 0.06714063345366873
365 0.2802398370482554 0.4377405440701289 0.06205266375319992
366 0.3001943438292225 0.4338415238025572 0.06015115986937639
367 0.307728098040243 0.4159659482988365 0.06527618286919529
368 0.3197832754003473 0.4302548150918404 0.05819162936365763
369 0.31224639001421 0.4479166982398498 0.05304305714504318
370 0.3317663056035313 0.4443900345374447 0.05097796874764685
371 0.33925934747441 0.4266790668990739 0.05622621770170626
372 0.3512402844635327 0.4408239218722488 0.04892391745355774
373 0.3587634345461217 0.4231480949228703 0.05420774011079426
374 0.3707333728607626 0.4372689641184645 0.04684009771230194
375 0.3782618276340166 0.4196035955026871 0.05215320058993353
376 0.3902221594216778 0.4337035624469462 0.04472859858227426
377 0.3977531742463291 0.4160426545474427 0.05005506295132225
378 0.4097052202157316 0.4301247124355203 0.04258169175704796
379 0.4021696645938901 0.44777722865111 0.03723079393998966
380 0.4216799479942039 0.4441995995925188 0.03504354156614353
381 0.4291815565263797 0.4265289950117027 0.04039253715067898
382 0.4411474782586052 0.4402982937150063 0.03294541372432729
383 0.4487110388523823 0.4228821468575313 0.03815535282672633
384 0.4606061087808727 0.4366250454727379 0.03071179027440218
385 0.468124749208095 0.4189324697402386 0.03598978905512527
386 0.4800873069889342 0.4332483491760303 0.0283044765681399
387 0.4875833481885105 0.4152493746583729 0.03364365516126978
388 0.4995626597748435 0.429599628633542 0.02593740506009156
389 0.506989937428367 0.4119402341308946 0.03109126410603402
390 0.5189503617459399 0.4259808365414355 0.02350630346065761
391 0.510959830459345 0.4437241237777138 0.01846221165793589
392 0.5308918310955261 0.4400078824178875 0.01597857543536733
393 0.5383660357379203 0.4222769047875493 0.02102596436224612
394 0.5502953621199315 0.436345636876922 0.01350607787029976
395 0.5577953223448818 0.4185508728506143 0.01846998030138489
396 0.5429555260955811 0.4540474811215454 0.008489184113625774
397 0.5623055201658762 0.4504311659678211 0.006043496720285037
398 0.554959825843782 0.4681518017829434 0.001071969472336037
399 0.5742926634538911 0.4645509467881953 -0.001331095114226324
400 0.5670112925259194 0.482244368957581 -0.00624917688405215
401 0.5863249582549002 0.4786935330881701 -0.008611031996185412
402 0.5790382226541497 0.4963997026090057 -0.01347156582068773
403 0.59835674535146 0.4928763903169443 -0.01577842951989587
404 0.5911264577250386 0.5105698079357912 -0.02057836067947052
405 0.6104040314669037 0.5071039373611731 -0.02282288665335021
406 0.6176943384540768 0.4892523413310914 -0.01811826349250221
407 0.6031928364613032 0.5248054361658322 -0.0275570270265198
408 0.6224690209792232 0.5213816500915118 -0.02973185694035474
409 0.6152918232601416 0.5390997258402035 -0.03439951831502578
410 0.5951983082924771 0.5412658750995013 -0.03180742852171107
411 0.6345606484268118 0.5357119961215484 -0.03649292249091619
412 0.6274002123150739 0.5534383932803852 -0.04108202423556242
413 0.646663023177884 0.5500906873490727 -0.04308728173834818
414 0.6392908457068404 0.5680452922217757 -0.04762631994197684
415 0.6587655687676723 0.5645655648759413 -0.04951351960195095
416 0.6513101239326972 0.582569955963685 -0.05395898703931976
417 0.6709162226657568 0.579085915651179 -0.05574770629215001
418 0.67824631237001 0.5610568400774363 -0.05145500020163146
419 0.663529181891386 0.5970998201061046 -0.06010157754087105
420 0.6831462307602392 0.5936371180152723 -0.0617740316674951
421 0.6757539756884474 0.6116877552489658 -0.06602565085394636
422 0.6561246249062083 0.6150845388364752 -0.06452148682319804
423 0.6683514886315907 0.6297087493691741 -0.07034488599548228
424 0.6487734431824675 0.6330455755501974 -0.06902067083942331
425 0.687951401494288 0.6263577182580948 -0.07171776231198021
426 0.2588717597407192 0.4424767284359064 0.06390822087528372
427 0.6806421354837122 0.644402614031035 -0.07593453517672552
428 0.70023990111037 0.641086786974596 -0.07716803669942926
429 0.6928910035595043 0.659165885605715 -0.08126044609080328
430 0.7125376783821191 0.6558901614556485 -0.08235188780982974
431 0.4957221286779094 0.3970121438580139 0.0389017190474622
432 0.7052381993958478 0.6740052753370844 -0.08631945057738724
433 0.7248835322938592 0.6707606408519664 -0.08725132036963276
434 0.717542847587081 0.688915487506979 -0.0910760816664119
435 0.2131772783117419 0.3822402751115853 0.08905202682200533
436 0.3242272685596193 0.4620603721785 0.04573793369959827
437 0.7321721002356961 0.652602146660988 -0.08349434668083987
438 0.7444922240050111 0.6675225725409999 -0.08823554026051243
439 0.7517820708697326 0.6493050219773764 -0.08469207708060056
440 0.6978796475861524 0.6920957713251932 -0.09035289121150097
441 0.2464127452006105 0.344995345360799 0.09616421923096968
442 0.7102342433890096 0.7070269068505391 -0.0949687782905006
443 0.6905628722203028 0.7101672438577197 -0.09446516637596442
444 0.7029099664784276 0.7251503423886611 -0.09894199789400321
445 0.6832202022605121 0.7282212890353934 -0.09865476784165951
446 0.764187759193511 0.6644347747268825 -0.08931827554534327
447 0.7714326538936571 0.6460165698259059 -0.08595978305712959
448 0.4141090116856068 0.4618326050405335 0.02968508969890699
449 0.6955855374439772 0.7432379165899146 -0.1029883759348267
450 0.675886077488692 0.7462525422448052 -0.1029261936614099
451 0.783839699360824 0.6611927462329041 -0.09042210460874624
452 0.791051891807199 0.6426998250134058 -0.08728538920668341
453 0.1641550694837912 0.3224663057666584 0.1064058573244869
454 0.6882679570394605 0.7613046357740119 -0.1071151823024545
455 0.7078065260824401 0.7584801022737913 -0.1069970748643493
456 0.6685501959596273 0.764261589537834 -0.1072828528840598
457 0.8035018102784082 0.6579958819072884 -0.0915990911469233
458 0.8106635366657635 0.6393767793378184 -0.0886795496162924
459 0.8231386532859876 0.65471089337488 -0.09282214475628028
460 0.8302651357953881 0.6360322090631609 -0.09014191202310896
461 0.700655843767545 0.7764692375717086 -0.1109443971468131
462 0.7201777358079884 0.7737030482687449 -0.1106058798614831
463 0.2093175218599076 0.2990625670051032 0.1099002123056865
464 0.7130380941654848 0.7917079128411288 -0.1143767254968147
465 0.7326110985722347 0.7889498327459047 -0.1137924649866913
466 0.8426906003483678 0.651134294758605 -0.09405661851097324
467 0.8498171538324831 0.6326207232181864 -0.09166335643894463
468 0.8374329242969066 0.6175589131782941 -0.08755319883714939
469 0.8569843842521845 0.6141413066474875 -0.08932704081387494
470 0.844600281623766 0.5991219375286335 -0.08502153959840719
471 0.8641310383058464 0.5956751034610305 -0.08703769136577823
472 0.851773638293987 0.5806823448809058 -0.08254066433139037
473 0.8712767130993951 0.5771911616893347 -0.08479229734960023
474 0.8589445486098874 0.5622328468040316 -0.08010816120160716
475 0.8784105067142483 0.5587014238219208 -0.08259152084386817
476 0.8661116210678673 0.5437731096600831 -0.07772386595956422
477 0.8856110440103848 0.5401843739387917 -0.08044539366692427
478 0.8733384419595499 0.5253062883953888 -0.07540043664961822
479 0.7254312412099717 0.8070239556561395 -0.1173829321017724
480 0.7449676912045529 0.8043312821957258 -0.1165465557643198
481 0.3857871452058851 0.4019312167830283 0.05744900803204382
482 0.8926751101784907 0.521679868161905 -0.07832607401041547
483 0.8804927985309815 0.506825615054562 -0.07311325439862933
484 0.8622924674187039 0.6477248376912588 -0.0953990060926465
485 0.8551407639492113 0.6662393222334584 -0.09756863248503296
486 0.8997974413523685 0.5031458801382593 -0.07626080282527721
487 0.8875871440225575 0.4883264368288615 -0.07086203732384914
488 0.8683077326709113 0.4920182773046723 -0.06761643138519148
489 0.8754306444905267 0.473561475141626 -0.06520271207615408
490 0.8561294374776534 0.4772606273949817 -0.06185668525706312
491 0.8633282944294924 0.4588447839964608 -0.05930060822295074
492 0.8440252075277395 0.4625767295656109 -0.05587155558225007
493 0.8512681827687391 0.4441920065093976 -0.05317385424163706
494 0.8705182504987946 0.4404206588936519 -0.056798099727872
495 0.8585037524482234 0.425778163838148 -0.05052712940484422
496 0.839270331353261 0.4295775121699922 -0.04683692293522849
497 0.8465327374089116 0.4112142751350695 -0.04405941586899025
498 0.8273205022992347 0.4150119606313414 -0.04030350436417125
499 0.834696425201046 0.3966044315068294 -0.03740067942258685
500 0.815454554728583 0.4004570521192337 -0.03358580256451601
501 0.8228447074751402 0.3820962629899767 -0.03056307808982511
502 0.8539167077699691 0.3926750141024444 -0.04133147154797119
503 0.803608348471216 0.3859862023526563 -0.02669998387092999
504 0.810949198886551 0.3677130475350832 -0.02355827867966579
505 0.7917394660425231 0.371595811736209 -0.0196466577152285
506 0.7991184746504884 0.3533615497578094 -0.01640109795540444
507 0.7799619258280035 0.3572124062812408 -0.01244554074629775
508 0.7873678218059869 0.3390089645927632 -0.00909688376630418
509 0.8064885085012196 0.3350948787472461 -0.0132091579890242
510 0.7947745422159554 0.3207758322804067 -0.005805419030592202
511 0.775655781997624 0.32469633479926 -0.001656360837293244
512 0.7830822611691871 0.3065001763500033 0.001733454974227968
513 0.7639797162161106 0.3104226119092879 0.005911501712230476
514 0.7714312633472931 0.2922578089117194 0.009395405533154723
515 0.7523378001972687 0.2961859714083102 0.01359800471480414
516 0.759806693162751 0.2780555886555189 0.0171732514507381
517 0.7407279380665196 0.2819845899316601 0.02139469762163367
518 0.7904810428822904 0.2882904947866999 0.005068863561443659
519 0.7482358900219899 0.2638725543267654 0.02505647330445199
520 0.729148029786584 0.2678165462653855 0.02929324505457516
521 0.736665709652348 0.2497434158957038 0.03304030549759194
522 0.7175463767604324 0.2537416864996743 0.03727892542993084
523 0.7251370740937753 0.2356347901658309 0.04111433221716789
524 0.7060143355288793 0.2396423376706202 0.04535476315061593
525 0.7441817018751598 0.231657934980275 0.03672667660182567
526 0.7136334317214541 0.2215549337273529 0.04927145315314083
527 0.6945918121750355 0.2254873946519305 0.05351079217074927
528 0.7021524119732877 0.2075015020449091 0.0575036403845072
529 0.6830967554067634 0.2114299311248359 0.06173709817191851
530 0.6906915952796842 0.1934720449389922 0.06580262222429865
531 0.6716177021451989 0.1973988580373675 0.0700215694755475
532 0.6639729790501709 0.2153169318659648 0.06583494197137923
533 0.6525016664475789 0.2012734857987224 0.07409385927434198
534 0.644823518501715 0.2191485462393712 0.06978814468875283
535 0.6333441348143706 0.2050946074474866 0.07801694390531649
536 0.6601671814657253 0.1833821588015038 0.07835360973709428
537 0.7377482071793188 0.8224904188888393 -0.1199446437857376
538 0.7573935765366799 0.8197630946672537 -0.1188137897902742
539 0.718065050438456 0.8253011185924445 -0.1210951772316925
540 0.8747751559744136 0.6629158805233902 -0.0987245530384811
541 0.8675128618352648 0.6815727133919246 -0.1006690977844357
542 0.116168164341522 0.2615547565026337 0.1118328018881004
543 0.625634923641656 0.2229279422872988 0.07359713893691384
544 0.6141455291556329 0.2088604232531859 0.08178768433064799
545 0.6562338800906118 0.7492321320198756 -0.1028825758014666
546 0.648859513628969 0.7672097192053031 -0.1074691922321501
547 0.6364885749281504 0.7522695840601723 -0.1028712545707393
548 0.6291734224609609 0.7701818949382846 -0.1076773053072172
549 0.6168058761725507 0.7552733318326916 -0.1028676892649787
550 0.6094312645046356 0.7730999608373145 -0.1078762975755168
551 0.5970932219900504 0.7582774202765818 -0.1028693527866089
552 0.5897260059863811 0.7760406098439889 -0.108082846535747
553 0.5773971039186487 0.761282895524739 -0.1028695951046675
554 0.5700217379714101 0.7789826692557162 -0.108280217422996
555 0.5577025753840733 0.7642932901495132 -0.1028582774836743
556 0.5503187196820608 0.7819297456605436 -0.108458278074867
557 0.5380099585909737 0.7673123312666201 -0.1028244064475936
558 0.5823677131683063 0.7937627431123555 -0.1134044948282504
559 0.5306635540490696 0.7848794820747795 -0.1086051176117961
560 0.5183381957989834 0.770339979870192 -0.1027549235623527
561 0.5257152907756091 0.752789029578369 -0.09692380021567767
562 0.5060384264658202 0.755895930851461 -0.09664760741992659
563 0.5134368441747157 0.7383548875094708 -0.09077526839764416
564 0.4937754219273626 0.7415348149612164 -0.09030048587486927
565 0.5011764327666302 0.7240052420375636 -0.08439730225831138
566 0.4815591931489103 0.7272456985392999 -0.08373131459404944
567 0.4741193820782001 0.7447364750119106 -0.08976527209049612
568 0.4618951340604807 0.7305332535733933 -0.08300364056351234
569 0.4693084738980695 0.7130566168452847 -0.07696297367203882
570 0.449691504201134 0.7164058265226324 -0.07604914474888952
571 0.4422815349995305 0.7338351639325382 -0.08219104262923432
572 0.4300853586410799 0.7197903753843983 -0.07504890077456647
573 0.422650731186958 0.7371902974529154 -0.08127896069803579
574 0.4104930831059292 0.7232185773679989 -0.07394306760350053
575 0.4178929742763721 0.7053034613058327 -0.0675306209074053
576 0.3983840210104628 0.7091963246373629 -0.06640987284400321
577 0.3909161980261433 0.7267001315620201 -0.07271058136721445
578 0.3788408127885733 0.7128373395326936 -0.06502696654168881
579 0.3862353024754039 0.6954572574710762 -0.05882832843228321
580 0.3667247792032574 0.6990821705908163 -0.05723521423976844
581 0.359336045823514 0.716487255308334 -0.06347085317188973
582 0.3472327246189779 0.7027795560969611 -0.05548852437943068
583 0.3546332178452883 0.6853539221267744 -0.04933366080086468
584 0.3351734950108802 0.6891167373723488 -0.04742324722652976
585 0.3277414232472502 0.7065679713132692 -0.05356377857913716
586 0.3157216419159916 0.6929712950684079 -0.04533486557294619
587 0.3083192931715144 0.7104253427900037 -0.05143310125209647
588 0.2963216721424121 0.6969069405848894 -0.04304252184556859
589 0.2889228014174681 0.7143991394509028 -0.04907628943277972
590 0.2769910700267615 0.7009232632638127 -0.04051926890579632
591 0.284348713976953 0.6833870481311837 -0.03460732466688625
592 0.2650205345767224 0.6874940259326092 -0.03194456555978332
593 0.257672868044942 0.7050880428760207 -0.03774936542111786
594 0.2457618825307376 0.6916887159334865 -0.02902647353940005
595 0.238444129070535 0.7093534593944439 -0.03469721591941591
596 0.2265633468400883 0.6960225069660563 -0.02584237602365652
597 0.23383794500386 0.6783034739614364 -0.02032544390441968
598 0.214673018184688 0.6826759884942812 -0.01702041026634275
599 0.2074381889981374 0.70046012201422 -0.02235056860687988
600 0.1955810955249183 0.6871603885980097 -0.0134210584175087
601 0.1884223653964258 0.7050507511530797 -0.01855351446678933
602 0.1765918822711592 0.6917882721990974 -0.009522863332162441
603 0.1837047374886963 0.673835108932471 -0.004568302481978807
604 0.1647221829228749 0.6784793484691479 -0.000578545860433325
605 0.1717911472475125 0.6604639589029961 0.004193475089503726
606 0.1528364760528188 0.6651396143975249 0.008238633523784122
607 0.159861312871333 0.646961272526887 0.01286142010199314
608 0.1694905027677041 0.7097580771180279 -0.01440228025907522
609 0.1408727871417612 0.6517063593456965 0.01694335878315775
610 0.1478448028681047 0.6335775529667949 0.02133426782433191
611 0.1288928292604176 0.63827148897899 0.02545377797149215
612 0.1357772032824116 0.6199972895222683 0.02968704276762031
613 0.1670215878390882 0.6288313226151586 0.01750150716060443
614 0.1220469488519152 0.6565366174068618 0.02130734849073941
615 0.1168626045057951 0.6247503540335321 0.03378145389389378
616 0.1236709028175636 0.6064467494010197 0.03780437381298517
617 0.1047509108326919 0.6111495432430687 0.04190214912042072
618 0.1115003547801491 0.5927816421961092 0.04571113594355623
619 0.7100395798522681 0.2717073374655173 0.03340310320765522
620 0.6064076803680827 0.2266536035563806 0.07725923738890485
621 0.5949556783873082 0.2125548569154592 0.08539484849599829
622 0.8909797520993551 0.573661582910643 -0.08716876520744027
623 0.7501112369216086 0.8379932484878229 -0.1219996201247234
624 0.7697949954821921 0.8352708444353745 -0.1205589940079801
625 0.5109448845276661 0.7878490563119009 -0.1087063359076643
626 0.09256672744780914 0.5974699337655316 0.0497802240466463
627 0.09925028274445617 0.5790341061335981 0.05336630509002789
628 0.5871763557182635 0.230322566681998 0.08076312811778322
629 0.5756263546060107 0.2162179496342281 0.08885597269458467
630 0.5834059228764114 0.1984869657129286 0.09354989090047712
631 0.5641086753385183 0.2021085225365118 0.09693019048336465
632 0.556330500906977 0.2198046605999049 0.09213813780338953
633 0.5447686217597114 0.2056623877913764 0.1001306479804002
634 0.5369472311941281 0.2233260007769736 0.09525974481525991
635 0.5253860191624014 0.2091456879049125 0.1031434433178179
636 0.5175480741432561 0.2267805298224175 0.09819698730573159
637 0.5059612152233406 0.2125551857428787 0.1059600601662361
638 0.4982377428719393 0.2304815070246981 0.1008040282361597
639 0.4864947454337576 0.2158875751083089 0.1085712502264958
640 0.4787599346000109 0.2338516701082674 0.1033423169208847
641 0.4669873696538082 0.2191395698431662 0.1109671321250291
642 0.4592259236320042 0.2369507441438515 0.1057549884892804
643 0.4474401385692709 0.2223080219353099 0.1131373285313476
644 0.4396634582656001 0.2400874231922705 0.1079125090994403
645 0.4278545439015636 0.2253901087473464 0.1150711350325987
646 0.7962341797165411 0.4042303538246097 -0.02988947544224188
647 0.7625190985023296 0.8534687396841196 -0.1234958491987781
648 0.7821335813856315 0.850875694859312 -0.1217409486528622
649 0.5719033584069868 0.1844018077215712 0.1016868315150448
650 0.9120460546900799 0.5180277640608305 -0.08137624865232305
651 0.9191030948597301 0.4994739927935784 -0.07953992940116943
652 0.8872821846239888 0.6781979696835956 -0.1016030180787946
653 0.8800150027781614 0.6968813857196627 -0.1032958302744825
654 0.5464358436284488 0.484926280300439 -0.003399061573324733
655 0.130521666370187 0.5881726790489372 0.04188140431719883
656 0.7097223986667858 0.1894946960977527 0.06143870876055584
657 0.7448564072195551 0.3143068695874893 0.009963949258360069
658 0.523217729726365 0.8024149615138119 -0.1145096127993688
659 0.4200515222913134 0.242930878689614 0.1099293569565585
660 0.4082324293226766 0.2283834104991269 0.1167578519527147
661 0.5140603595197273 0.1950041906848615 0.1108803879044716
662 0.4553141867148865 0.2047447218791547 0.1182717815058794
663 0.3425693531492627 0.6716528778945794 -0.04134672539022032
664 0.08566602737192677 0.6158743480005467 0.04636060658417936
665 0.3008863922369698 0.7278743772217233 -0.05758519474893332
666 0.1812622512452081 0.722948778983419 -0.02360980398045382
667 0.1624421535632838 0.7277821601461215 -0.0192108401071141
668 0.08025789048196583 0.5836831029872129 0.05740536145543727
669 0.08691667920269848 0.565201286924394 0.0607362248517087
670 0.598685052546472 0.2444283665430847 0.07268646077624133
671 0.1727923695755842 0.2537691014148443 0.1166881077854372
672 0.5035115727961111 0.8053221433573985 -0.1147878892306062
673 0.7745313013988023 0.869244110828344 -0.1244647511381571
674 0.7944280547417326 0.8665214787594303 -0.1222994546330409
675 0.7544255059633236 0.872272794338782 -0.126650498466394
676 0.1741544803910116 0.7408979573508012 -0.02859984631024674
677 0.1554232830343861 0.7458387731474361 -0.02390340469516659
678 0.8998221573799647 0.6935209631017599 -0.1039843128416921
679 0.8927054302458366 0.7121150955659458 -0.1054000699343867
680 0.06791909543097722 0.5698564978394584 0.06469599400302328
681 0.07451698098306157 0.5512787919922333 0.0677807112876162
682 0.09358316519779813 0.5467074818831205 0.0641337691876027
683 0.08107910163964396 0.5327189328699622 0.0709272463691922
684 0.1002376214685695 0.5282270673798184 0.06757951703115174
685 0.08768951387109289 0.5141673787326868 0.07410100704172361
686 0.06852492513484347 0.5186299916872441 0.07733642239116553
687 0.0750353889182101 0.5000165192713251 0.08022672970695129
688 0.9313911821020653 0.5143611396648287 -0.08454719574639297
689 0.9384040562063405 0.4957649889675497 -0.08294728030014838
690 0.4004172273754498 0.245813764849089 0.1116707652652315
691 0.3885978823539328 0.2312896075695708 0.1181834122261768
692 0.5158385766592068 0.8198826822848253 -0.120540943487184
693 0.9124060480548982 0.7088670349311315 -0.1058169135972246
694 0.905319082239098 0.7275006610567324 -0.106938365914121
695 0.9194903375323228 0.6902543555085071 -0.1047164031300283
696 0.05585841592132685 0.5044425155089802 0.0833342674883276
697 0.06231850038621235 0.4857514195808724 0.08590914912007772
698 0.4961007662249078 0.8227369561946932 -0.121003474509869
699 0.431407158426275 0.2578422923280693 0.1027781278785058
700 0.7862698838948385 0.8855042504794477 -0.124861152185062
701 0.8063469835945009 0.8829749839212002 -0.1222646810294663
702 0.8141014304713141 0.863848141562933 -0.120108738197123
703 0.8262308194548239 0.8801598747516454 -0.1195907505838355
704 0.1670688112011935 0.7588787840964866 -0.03347588506474813
705 0.1484562537135654 0.7639478783854509 -0.02846210840200592
706 0.8394528635949373 0.5657543628471448 -0.07772286698331334
707 0.07856541094092133 0.21484223545675 0.1054393599773248
708 0.1068852287673045 0.5097620593261045 0.07105693138262792
709 0.3965096049439387 0.2137258413693655 0.1232936510270368
710 0.3767557324803592 0.2165102800741944 0.1244131103881672
711 0.3689381916048862 0.2341103027500425 0.1193401736643384
712 0.3570924281872649 0.2192348166814981 0.1252044853358844
713 0.1367883551811335 0.7508778174841572 -0.01874461487799692
714 0.1300173509225433 0.7691916963389387 -0.02300585547853796
715 0.1184075683726014 0.7561981149329131 -0.0132430843833327
716 0.1117331300050503 0.7745969452983078 -0.01708556930173571
717 0.1002070977215695 0.7616492816090095 -0.00730792482627768
718 0.09370831987870157 0.780177040957772 -0.01075401655570551
719 0.08216177980772685 0.7672300186633005 -0.0009304679822269048
720 0.5099532171470647 0.2448548130384733 0.09301158408913468
721 0.950711389662343 0.5106838227032737 -0.08784513964564614
722 0.9576782476737096 0.4920402147517542 -0.08648851009503408
723 0.8337292763814582 0.8613553313212069 -0.1178640089660107
724 0.8458667599176887 0.8775754811065865 -0.1168581809136866
725 0.07577613012380491 0.7858994302618246 -0.00393095877914475
726 0.8533550908732673 0.8587730437833359 -0.115522975443326
727 0.8653707594373934 0.8746063286754511 -0.1140193049769188
728 0.8729728409869923 0.8560246468459901 -0.1130697954646265
729 0.8849115946940508 0.8718968765896047 -0.111027862105464
730 0.8927642507822354 0.8528431636922716 -0.110472410182954
731 0.5084022519153898 0.8373250583247387 -0.1267195434853081
732 0.04307362683565556 0.4901633940544593 0.08887808419441087
733 0.04948726721420887 0.4713959724175573 0.0911093645907618
734 0.06874632770531655 0.4670789083427878 0.0884901359222728
735 0.05588208405954866 0.4526369422361347 0.09333219030179432
736 0.06430843852045151 0.7729503107579956 0.005858984456254226
737 0.07522900169382543 0.4483651831592842 0.09105933342275965
738 0.06227636370491543 0.4338757409640698 0.09552961000152022
739 0.8183577671553572 0.8991325758314318 -0.1214163456536934
740 0.7776352652132117 0.8175349236850737 -0.117728697959335
741 0.5847682209286476 0.7435481633459591 -0.09756763275066878
742 0.7961269685174024 0.6768120518713506 -0.09459304449022887
743 0.3491753580748093 0.2368166176012342 0.1202363619526359
744 0.337289594288354 0.2217970713324485 0.1257116952093225
745 0.03670650935409044 0.5089166675744911 0.08664538812648387
746 0.9320980840345451 0.7056535352028229 -0.1062588869227492
747 0.9391548410576863 0.687012951916562 -0.1054857979730896
748 0.8774364592254527 0.8901993633351761 -0.1115633899829109
749 0.8967236813949908 0.8876836014560342 -0.1079763033215745
750 0.160030343582596 0.7769116753732814 -0.03821957952468322
751 0.1786849029220223 0.7718903495851974 -0.04311758009647769
752 0.04290161209318859 0.4381155598433201 0.09761505861689934
753 0.04923836742878516 0.4192909000424644 0.09940514282559097
754 0.4884144192861973 0.8402993689509737 -0.1274335302334752
755 0.1050792525816886 0.7931154908407846 -0.02068296171579525
756 0.9700106608773501 0.5069815066185938 -0.09127467781164128
757 0.9630860511256829 0.5256574920834143 -0.09241509473745403
758 0.9769227222383722 0.4882914746895257 -0.09016842014371922
759 0.9646395701114958 0.4733952475449505 -0.08517399716840976
760 0.02391058746840609 0.4946000696457983 0.0920411683001686
761 0.01755024442855144 0.5134350416278245 0.09017962555713976
762 0.3846251220248253 0.1989344329407476 0.1295089718270216
763 0.05816154857252766 0.7917474261387668 0.003260415765321271
764 0.1359149466904909 0.2066302736796351 0.1146197957723391
765 0.8728151617926297 0.7156774119528024 -0.1050395291301505
766 0.9838504160734312 0.4696196351110561 -0.08910986600811872
767 0.9715912632365997 0.454728498761958 -0.08389978202554196
768 0.8891852063415301 0.9059557539658314 -0.1080866255959242
769 0.5006870045311349 0.8549741927402084 -0.1331426394363904
770 0.5207235772673302 0.8520437404643904 -0.1321304947010383
771 0.08166305618213392 0.4296864656476649 0.09360605331154409
772 0.1715766595983448 0.7898435111266406 -0.04804846288069128
773 0.1902799289874537 0.7848800910683442 -0.05280990300020842
774 0.02983616490516321 0.4235031708499024 0.1012923345838851
775 0.03611814387365338 0.4046220261859492 0.1026391146532075
776 0.9907243878083473 0.450916513695335 -0.08807835460494813
777 0.9785332112229147 0.4360655941389549 -0.08267234506693549
778 0.04660287196332431 0.7787907869376737 0.01307121233360594
779 0.05267492019805865 0.7599478350677404 0.01551839509924085
780 0.3294378319958676 0.2394460649152226 0.1208420320232429
781 0.3175262284835271 0.2242953433567899 0.1258849833256003
782 0.3413184114091169 0.2544420795739565 0.1152888980805054
783 0.3253802823416874 0.2066284407844504 0.1306497911057844
784 0.305594757582177 0.208971420938984 0.1303208356048231
785 0.9517653752519695 0.7024171954546446 -0.1067144309530509
786 0.958823543048045 0.6837637646742761 -0.1062846300812041
787 0.03499811813330023 0.7657856753451991 0.02267388386837032
788 0.04090891877804148 0.7468892247619334 0.02501109570720358
789 0.4763930320524689 0.8256214052750199 -0.1213860994704664
790 0.4686629590108445 0.8432723311760895 -0.1280492090171977
791 0.4566931046866937 0.8285313595036976 -0.1216616688400545
792 0.4490735079135334 0.8462903260462007 -0.1285588223753927
793 0.4370167385224157 0.8315256179354434 -0.1218263641511287
794 0.9892834861917892 0.5032513669706125 -0.09484111878534579
795 0.9082954465152446 0.9033969981252624 -0.1038034630280727
796 0.8608863948931046 0.8402092048575794 -0.1142163014533232
797 0.4295960794373512 0.8487118925324018 -0.1286591786840213
798 0.4173282811705585 0.8345144672878873 -0.121807445227661
799 0.5132930399351722 0.8694186516717612 -0.1383975379228638
800 0.5330086871456056 0.8668487439440933 -0.1371975043899036
801 0.9976055073923122 0.4322144991225487 -0.08709587826496101
802 0.9854690099171621 0.4174016776910577 -0.0814948071439718
803 0.004769606207431575 0.4990850780322003 0.09541740626103225
804 -0.00145888953141006 0.5179762720708018 0.09391456787099693
805 0.5253262433337031 0.884462836753328 -0.143485544521147
806 0.5453315915083655 0.8818082845289117 -0.1419196478945481
807 0.01669105986790812 0.4088120947923202 0.1043219986185908
808 0.02292217368784173 0.3898846717107323 0.1051891943054181
809 0.04236111715379069 0.3857382889422472 0.1039080190489594
810 0.02911883168070826 0.3709675105795625 0.1059526163100971
811 0.04861415426431526 0.3668427175489526 0.1050775508675464
812 0.03537564540664179 0.3520151093470211 0.1065903068216136
813 0.8367712015438847 0.4809493620980386 -0.05862308291479393
814 0.7786577123609748 0.6276429663817613 -0.08267124370343105
815 0.6415397244033857 0.7851696097693404 -0.1121543379045597
816 0.1831022931324439 0.8027502135168543 -0.05793075137844735
817 0.2018612503092475 0.7978555042829295 -0.06253401333830759
818 0.9004798445250932 0.9216581721419712 -0.1035009779946398
819 0.9195505105946321 0.9188680860626299 -0.0983971691916732
820 0.9274926534948982 0.9006269935433817 -0.09917881602616466
821 0.3215890007821245 0.2571079617802148 0.11601168608941
822 0.3334633003308608 0.272078064399412 0.110373662894193
823 0.04324894220607681 0.1648404166096746 0.08894497524501127
824 0.7401028509790601 0.771558733352475 -0.1104141420097266
825 0.04076518760713697 0.7977237466129349 0.01083933483294299
826 0.05225159935190661 0.810640655606267 0.0008914237304888627
827 0.946233957673714 0.668377044308972 -0.1047289321587728
828 0.9658781391590585 0.6651079197776246 -0.1058629728122107
829 0.3134608293028153 0.1913132762106614 0.1349429002167833
830 0.2936714124402847 0.1934866355051243 0.1340303846352127
831 0.2858145706893089 0.211229360345581 0.1296283091144143
832 0.2738977975054949 0.1955672171216297 0.1327159071089166
833 0.9714475576245382 0.6991953292449293 -0.1071779958075867
834 0.9643972251368697 0.7178495072905238 -0.10724723391371
835 0.02320180787939225 0.752716048144878 0.03212810516041684
836 0.02911811691336971 0.7337766423165863 0.03426428241634367
837 0.01587046571118023 0.3561273437021986 0.1072410661091355
838 0.02199991355441433 0.3371385797027 0.1073132925891637
839 0.4412557772030365 0.863991451248873 -0.135621927593761
840 1.00447290619101 0.4135047197948254 -0.08615950884959704
841 0.992389720492231 0.3987220093238523 -0.08036559263734189
842 0.9734043524116218 0.4026299740529343 -0.07563572292844056
843 0.9803699025419716 0.3839747808698628 -0.07432290247935798
844 0.9613963770585602 0.3878872418508339 -0.06953190225559081
845 0.9684293054262171 0.3692843176171537 -0.06805866062260126
846 0.9873296566398522 0.3653243956997037 -0.07307123660002117
847 0.9754333608734798 0.3506574729278992 -0.06663726158890505
848 0.9565346541955136 0.3546139646793278 -0.06157278155988519
849 0.9635895938157879 0.3360200844943106 -0.05999529001946484
850 0.9447219028499165 0.3400000473340525 -0.05489825197912306
851 0.9518190154808909 0.321437217493403 -0.05317105137522332
852 0.9329620935261952 0.325422428494885 -0.04803589274912407
853 0.9401033372896004 0.3068910851254536 -0.04616806872188782
854 0.9589022944136377 0.3028693525779803 -0.05151134519882034
855 0.9472318172131765 0.2883533613232335 -0.04436940393388132
856 0.9284487739913215 0.2923898097497465 -0.03900191684988238
857 0.93561489807015 0.2738752161418126 -0.03706766953935766
858 0.9166698550167613 0.2778211537699569 -0.03159414285195349
859 0.9238474526851626 0.2593389478275683 -0.02952211223158952
860 0.9426766600404836 0.2553031379675904 -0.03516290262131176
861 0.9311524928264112 0.2408827431814843 -0.02758267867304193
862 0.9125362570782475 0.2450285480785763 -0.02202181043646529
863 0.9197619658007271 0.2265605402844802 -0.01991263022541638
864 0.9008728353690003 0.2307098219917532 -0.01423772172701444
865 0.9082848403312832 0.2122238065240994 -0.0120535271785157
866 0.8896536230323945 0.2163208359642905 -0.006439709764577795
867 0.8969573896659166 0.1979148750999008 -0.004108870640958762
868 0.8780515197682381 0.2019720992299339 0.001629224216456105
869 0.8855609033046152 0.1836077393372801 0.00400142173970125
870 0.9041952352901781 0.1794782657422762 -0.001832318149034572
871 0.8929083292827749 0.1652300201990896 0.006347215093392488
872 0.8741620888594382 0.1694937205938932 0.01219260909976711
873 0.8816157876801091 0.1510186306877868 0.01464878794366198
874 0.8628747462247743 0.1552948786633646 0.02049365239605663
875 0.8703853231846906 0.1368400816775998 0.02304151339153617
876 0.8518600610294651 0.1410092049710598 0.0288405228414635
877 0.8592635162408674 0.122692971300528 0.03150174029686469
878 0.8406497691117323 0.1268297816793847 0.03734559919709168
879 0.8889974507244542 0.1326505455319502 0.01700802712883134
880 0.8481102649906305 0.1085592666995043 0.04008316014692494
881 0.8295391586084162 0.1127340238159256 0.04589793932603987
882 0.8370057806987363 0.09446876961178653 0.04874033021171066
883 0.8183933983208973 0.098628322663754 0.05457139614235904
884 0.8259164128454539 0.08039554187693296 0.05748880268654673
885 0.8073508760867006 0.08456766077737753 0.06329067319632498
886 0.8555603691750469 0.09028060515124957 0.04273437096568548
887 0.9383902073342671 0.2224203315455531 -0.02570511529978734
888 0.8148892428956459 0.0663617536832488 0.06629783401318987
889 0.7963018411336247 0.07052259272688616 0.07210106073381553
890 0.7886923375064544 0.08866459706194381 0.06895068792389718
891 0.7776397207925592 0.07461639197654558 0.07775065823886279
892 0.8219827767092073 0.130951729221913 0.04301538796109346
893 0.7699751853530673 0.09270814823658054 0.07445150959260377
894 0.7589181606124934 0.07865598067203355 0.08323836205598467
895 0.7666241856440831 0.06057903507091043 0.08661667881600404
896 0.7478846588316056 0.06462546944151054 0.0920869601366487
897 0.740139114047073 0.08263885028651841 0.08856447136382015
898 0.7290731217574677 0.06858881389466093 0.09740420169485436
899 0.7213110994078005 0.08655793168836776 0.09372711590091168
900 0.7102525711627631 0.07251711247004311 0.1025266976567368
901 0.7024103355342618 0.09043087898586347 0.09872511838962196
902 0.6913485730234064 0.07637145800533685 0.1074897944841704
903 0.9942642066769265 0.3466555733023137 -0.07187453667646153
904 0.6992169160093491 0.05848638669037563 0.1113691583102759
905 0.6802994301572733 0.06232514366965849 0.1162894699517539
906 0.672386576286506 0.08016007554030088 0.1122752775840422
907 0.6613436696308441 0.06608336884551605 0.121019422664046
908 0.6534485597765483 0.08408024468564201 0.116776045036839
909 0.6422800316196015 0.06979119727724151 0.125559377943298
910 0.6343850416942489 0.08776230396714282 0.1211663479787893
911 0.6231768084666023 0.07341005662755316 0.1298893870495328
912 0.6152003428538493 0.09078821184085081 0.1255905911670474
913 0.6040100041765442 0.07694577091942878 0.1339998346281117
914 0.5960062541749791 0.09419275006696481 0.1296109477406525
915 0.5847785754760407 0.08039212136089123 0.1378757553486261
916 0.5767886651936291 0.09790454988313915 0.1332407573110513
917 0.5655232018464967 0.08373297910547758 0.1414929381673052
918 0.5575243649081816 0.1017236079901018 0.1365442221402584
919 0.4098692964697723 0.8516452974977012 -0.1287531564427122
920 0.3976363257569254 0.8376355611113273 -0.1216246216055021
921 0.9533122527360925 0.6497347028751064 -0.10398888762266
922 0.9729405024437269 0.6464422281595744 -0.1054524432375477
923 0.9603824327132356 0.6310929973609718 -0.1032674994701706
924 0.9799744961036132 0.6277867375786205 -0.1050535137521822
925 1.009903765473866 0.4474720634485817 -0.09249400632628488
926 0.7555912088395389 0.04655546428294879 0.09556178806463622
927 0.88166310149242 0.2349187496841842 -0.008669332940674089
928 0.05488840125347549 0.3479165027387023 0.1061323382988207
929 0.1945720381565553 0.8156144983685063 -0.06782187317981239
930 0.2134357997949947 0.8108247590665366 -0.07227077284477146
931 0.1759602838767278 0.8206668444263416 -0.06287860701812736
932 0.03504240491500474 0.8167315870157094 0.008920916232511941
933 0.04646059837119304 0.8296151662333827 -0.001146889449821387
934 0.5048749439792986 0.8877690946914724 -0.1452302374702568
935 0.5375955639766207 0.8995104809261375 -0.1481561441464059
936 0.5576123642524132 0.8968966886362815 -0.1462645661842351
937 0.5650467431231138 0.8793411718994527 -0.1403722416256787
938 0.5772753056212072 0.894507467253893 -0.1444186297947677
939 0.5847686158526121 0.8769078193297446 -0.1387934055656327
940 0.5969672624558648 0.8921592105781923 -0.1425472223579818
941 0.6044229244018979 0.8744813500211424 -0.1371886568312808
942 0.6166581849679992 0.8898159188782109 -0.1406491973935507
943 0.609233243662659 0.907540039438032 -0.145869686287277
944 0.6288619322477031 0.9052685867635247 -0.1436676684708043
945 0.6241295486970453 0.8720638934373789 -0.1355611490712905
946 0.6213845416752801 0.9230229507402579 -0.1487365106846167
947 0.6410618034282435 0.9208539860528404 -0.1462128295151214
948 0.3899115293681801 0.8547047614948931 -0.1286309639214336
949 0.3778887196759808 0.8408661556196851 -0.1212188562358189
950 0.3854226852920383 0.8237322937017482 -0.1142576568853287
951 0.365728037124559 0.8270933918604908 -0.1135520279316719
952 0.3693652779144746 0.858085691248123 -0.1282833016119834
953 0.9925540285878701 0.6431617207650969 -0.1069688030930332
954 0.9995627938279807 0.6244823455704437 -0.1069070723918844
955 0.01139005038246607 0.7395891120035686 0.041323229165267
956 0.0171816037266589 0.7206045278545843 0.04331664622798524
957 0.03505783316926089 0.7148942319171346 0.03666408060411039
958 0.02307522896481708 0.7016746345583289 0.04552022854429788
959 0.005135595828903133 0.707369372537299 0.05212970709983854
960 0.01094524652655213 0.6883916932566827 0.05414545929050751
961 0.2207445134357824 0.7931359992824133 -0.06661903434585334
962 0.2324249310755425 0.8062388227985324 -0.07618791338650233
963 0.5461179647376532 0.08698781574200036 0.1448515185264817
964 0.5381213486584819 0.1050031110246417 0.1397691018085149
965 0.2660395548568496 0.2134003732528231 0.1285825363601954
966 0.2541508681420147 0.1976299651640334 0.131002972342957
967 0.2250335713879033 0.823796771651922 -0.08200812855582168
968 0.2440708567973863 0.819312680355786 -0.08569401534414853
969 0.1194206197792488 0.5237864662281941 0.06443278386805444
970 0.1261117458582965 0.5054052171063144 0.0681913597771078
971 0.1386169510261014 0.5194080211929339 0.06147079348693513
972 0.1454164822253249 0.50107922131078 0.06548376276133142
973 0.157865315451835 0.5150829449556362 0.05867096282822715
974 0.1647038775686557 0.496840865981253 0.06291985920240561
975 0.1771823818437195 0.5107691376346677 0.05602659735995812
976 0.1521635929301502 0.4827894637326635 0.06950890743356454
977 0.5208256899210347 0.7207731240715747 -0.08501285945052496
978 0.06811924496494919 0.3627255553639534 0.1043757780310991
979 0.8814412899923834 0.9243490935932293 -0.1082362297836641
980 0.8926497417713271 0.9399882015268175 -0.1031898868604445
981 0.8736144293448592 0.9428159330911796 -0.1084065503196629
982 0.6882082330286102 0.04446109458274523 0.1202456333317686
983 0.9840848407152473 0.7146221784648232 -0.1073224595917552
984 0.9770367777393288 0.7332838848006841 -0.1069935629837021
985 0.1715417748287027 0.4785812002069295 0.06718337241679438
986 0.1589653480167907 0.4644828284955874 0.07353497848786206
987 0.2620305740979287 0.179710978778114 0.1348653605134096
988 0.2423408190001015 0.1816592955922878 0.1324088391886666
989 0.5266874302074761 0.09012064287123134 0.1479080480214816
990 0.5186342984773239 0.1076781420887344 0.1428991653542953
991 -0.01432448299248491 0.5036078688154741 0.09901288548067548
992 -0.02046538097830903 0.5225559222019638 0.09788767118814105
993 -0.007742595914038905 0.5368755209862174 0.09245361865945735
994 0.002420164840101907 0.3412838688057093 0.1077574046342499
995 0.008750714639406479 0.3223265608446984 0.1072253665532735
996 0.0743761404826053 0.3438612552912205 0.1058417628789421
997 0.0876506500111305 0.3586045962019369 0.1038246717942278
998 0.3137432272906154 0.2747815838251181 0.1112170511784278
999 0.3256154550600832 0.2897496974399015 0.1054787098114661
1000 0.3453202330379813 0.2869240082817964 0.1043222503370662
1001 0.3374539581255571 0.3045536509592284 0.09936111290618928
1002 0.3570987750997221 0.3016457164912646 0.097936743656898
1003 0.3492452771232863 0.3192593185064456 0.09291355184607789
1004 0.3688609491920853 0.3162757520303795 0.0912623172371077
1005 0.9385003379723751 0.9160018790829234 -0.09289032314444132
1006 0.9465915926713612 0.8978498899966556 -0.09416294891989152
1007 0.1016255113387537 0.1584444238743396 0.1020824820231139
1008 0.6250618480896064 0.1055818896324802 0.117185773454215
1009 0.04115734012989929 0.6960670775293392 0.03923418077327527
1010 0.2514217555594593 0.801785044433272 -0.0795528124782176
1011 0.2632683742097464 0.8150588255860357 -0.08889798620914863
1012 0.3732302408245062 0.8099262837723882 -0.1066741927224159
1013 0.3536730623520282 0.8133642312304236 -0.105671981179426
1014 0.1066946458248427 0.7430613691456092 -0.003551838466295632
1015 0.2731162183417092 0.3732624859502552 0.08467438983228841
1016 0.6312267286664768 0.05568390793324577 0.1342432654357443
1017 0.6335430776188274 0.9386362701815459 -0.1511127224998026
1018 0.6531432245173104 0.9365304655799604 -0.1482524446084274
1019 0.660684854044571 0.9186695813209713 -0.1436643657525023
1020 0.6727261817459174 0.9344228656103015 -0.1453613740523769
1021 0.1783744420682006 0.4603665248418931 0.07143813690569567
1022 0.1657504201906581 0.4461811741842242 0.07756353045273887
1023 -0.007026820489053762 0.6940695842477169 0.06068436891152494
1024 -0.001303255866181949 0.6750446259587516 0.06250278175978558
1025 -0.02663256527601093 0.5415142987427737 0.09679936611070586
1026 -0.01390199184595627 0.5557769300921483 0.09101002341642304
1027 0.5071900768936863 0.09313116266456108 0.1506428809584225
1028 0.4990922779217472 0.1105730721879178 0.1455856591045936
1029 0.2557311931914275 0.8323791500840322 -0.09513402269782786
1030 0.5501607763214807 0.914332532593457 -0.1522966397918107
1031 0.7134867794797115 0.1045060385640291 0.09000362053245728
1032 0.6939683866370235 0.1088849502118018 0.09485130010307105
1033 0.02949904960551405 0.8358205069876575 0.007309569683553417
1034 0.04085601596596826 0.8486770907218701 -0.002860619592837059
1035 0.05778031862018146 0.8424558907114001 -0.01137368898727312
1036 0.05211732442330919 0.861486266144781 -0.01318621378172868
1037 0.06900682278688483 0.8552526960786196 -0.021747388033214
1038 0.6139557379335983 0.9407555553907476 -0.1539445469720375
1039 0.005665790583685285 0.7586478374004206 0.03958203026667308
1040 -0.01076611242667612 0.3264407507092351 0.107482617337677
1041 -0.004577848668261407 0.3075115718465681 0.1063314914664141
1042 0.0148574441197527 0.3033681922010247 0.1064965453049094
1043 0.001553002398086169 0.2886092937807783 0.1049558028815729
1044 -0.01735954198309907 0.345270856952788 0.1084427018828673
1045 0.02107104555349798 0.2844416600737921 0.1055506767980911
1046 0.007838869810595204 0.2697164671776728 0.1033417741761279
1047 0.6651703678434708 0.9523245635334969 -0.149749653884126
1048 0.6847165043080974 0.9502900238494075 -0.1464908891414597
1049 0.6923083370280583 0.9323157548623688 -0.1424330714823854
1050 0.704286646335237 0.9483039166172225 -0.1431849344185195
1051 0.2749969132602914 0.8282572320564159 -0.09807972092579915
1052 0.9870118102364835 0.6091125032852607 -0.1046696373607838
1053 1.006571448991853 0.6057970186480661 -0.1068551899231314
1054 1.019144514563934 0.6211716777180546 -0.1088254648145334
1055 1.026122300601619 0.6024802565721644 -0.109120750383896
1056 1.01358712679669 0.5871171615647944 -0.1068183071630486
1057 0.2825802478100454 0.8110191866927414 -0.09165278498330851
1058 0.9258050479095969 0.3439477245250986 -0.04996876589029788
1059 0.3610602447196726 0.7962079962950124 -0.09889592921984386
1060 0.5928922464772355 0.06276727960074828 0.1424787709655033
1061 0.010455096224472 0.4277341626637915 0.1033690738161883
1062 -0.002715069569167325 0.4130239850474178 0.1062042148352196
1063 -0.008934831889148162 0.431986510624339 0.1056543616132533
1064 0.1703197027422332 0.5289333711669775 0.05156930944519578
1065 0.1895920114747253 0.5246166042576628 0.04886239385899279
1066 0.1826810065448821 0.5427332466712739 0.04420963210907154
1067 0.2019482363631541 0.538397224107716 0.04146098955972734
1068 0.2089003472263016 0.5203598577161526 0.04629076511733543
1069 0.221024437283915 0.5343511685826902 0.03881941526677676
1070 0.2142320191289268 0.5521519347457758 0.03385081292608882
1071 0.2333035659612224 0.5480485272178992 0.03120995461808096
1072 0.2265170224374748 0.5659000201753841 0.02604411353224802
1073 0.2458147890235452 0.5616172436496384 0.02342485680115267
1074 0.2517307819132966 0.5430334211130198 0.02919984261051826
1075 0.2649060571654199 0.556591679244448 0.0213001277132585
1076 0.2580791422112891 0.5750684562982692 0.01559903461292638
1077 0.2773985334318979 0.5707466806899478 0.01318908633484754
1078 0.2844421360460346 0.552347555796607 0.01893036506690598
1079 0.2967842153187565 0.5665506363018888 0.01086689323170878
1080 0.3038493519962773 0.5487708526933441 0.01645294736171004
1081 0.3161467397115605 0.5627542985920845 0.008521461327348497
1082 0.3232682711839774 0.5448107468121226 0.01422939292557204
1083 0.3355824454321175 0.5587299588876482 0.006363357957410887
1084 0.342685036300153 0.5407636311730168 0.01213017552691574
1085 0.3549039252107199 0.554384780979464 0.004447626419304098
1086 0.3477872846231821 0.572249136614627 -0.00135179611056439
1087 0.3671845077766414 0.568045916227463 -0.003272807917344831
1088 0.3743157468545537 0.5503476441088546 0.002467736553067309
1089 0.386606423825953 0.564030920994266 -0.005196349517626309
1090 0.3794533815602097 0.5817623257900183 -0.01099833247121339
1091 0.3989016027221587 0.577724470244581 -0.01283424920795678
1092 0.4060371987088975 0.5600365699478171 -0.007068998210459388
1093 0.4183447334196411 0.5737579671891893 -0.01463627012965319
1094 0.4254747921824414 0.5560569984705089 -0.008903781398518091
1095 0.4377949386953607 0.5698066973191332 -0.01640002093856189
1096 0.4306623967572739 0.5875027670858468 -0.02214597677932481
1097 0.4501524755328969 0.5835843518330681 -0.02383143604397715
1098 0.4430195924774276 0.6012765745677839 -0.02958368869122132
1099 0.4624722233826423 0.5973948182863555 -0.03116711554173714
1100 0.4695951316354579 0.5796750349108553 -0.02548242908106148
1101 0.4819557826158158 0.593522051296401 -0.03272975132455283
1102 0.4890663408372427 0.5757716660923724 -0.02712411245737987
1103 0.5014418294842817 0.5896539920282642 -0.03427935394086851
1104 0.4943343854843937 0.6074127656296069 -0.03986361726098713
1105 0.5138358460653114 0.6035826877302428 -0.04131163759774682
1106 0.2896520022406292 0.5843802476204644 0.005240499698463748
1107 0.506759056158523 0.6213496656506228 -0.04687035049206901
1108 0.5262659913388017 0.6175608449195354 -0.04820660995620383
1109 0.3047412852241321 0.4656299018555616 0.04786000051609133
1110 0.5085385697021302 0.5718695094621623 -0.02876308573754029
1111 0.4961666824801156 0.5579961250497896 -0.02158281135102883
1112 0.5191755115430534 0.6353421710461373 -0.05372738043748973
1113 0.5387018083124057 0.6315972903585914 -0.0549454183247528
1114 0.4996194376512724 0.6390932181718305 -0.05249883607830293
1115 0.5457833728493222 0.613771499189957 -0.04954547176327447
1116 0.5582185524341903 0.6278521388150015 -0.05616584062461906
1117 0.5511586384464219 0.6456950568917831 -0.06151381484800948
1118 0.2815380059042977 0.7318486493218356 -0.0551395398781295
1119 0.9303191715700867 0.9342671743172796 -0.0916043848817618
1120 0.948958544415024 0.9311271286728494 -0.08511544099321386
1121 0.4247642892161213 0.8172831235399263 -0.1149930219062661
1122 0.4876270067933222 0.09600929859933444 0.1530261556544854
1123 0.479427587032886 0.113423958496249 0.1479104328760902
1124 0.4680007119184846 0.09874457742361514 0.1550243950573178
1125 0.4597925024551114 0.1161374229667504 0.1498499147067422
1126 0.01683029512942157 0.6694562965986161 0.0563421492041443
1127 0.004494358102958115 0.6560590963423384 0.06448707085808782
1128 -0.01367148126775963 0.6616291073136028 0.07056889607074676
1129 -0.007963908448905072 0.6425934527299868 0.07232922055156572
1130 0.0104449329675862 0.637010980277084 0.06660597703208525
1131 0.221906650028429 0.6648920736403588 -0.01165762800931605
1132 0.6782150048738027 0.6952674730178128 -0.08967089129834034
1133 0.9593784684420138 0.4398603176490845 -0.07839441417807588
1134 0.7299045492607578 0.7039056067171978 -0.09551900050406663
1135 0.9139869050737948 0.3294137657539586 -0.04305365719311366
1136 0.6365687434894223 0.618460535979211 -0.06307046046062625
1137 0.6291373174121224 0.636370097076163 -0.06772928886721639
1138 0.3459212776762557 0.8306216586210835 -0.1125744454790224
1139 0.2411195327621664 0.6605799428002028 -0.01479909940422428
1140 0.2291454563046637 0.6471152392540925 -0.006280643955223302
1141 0.6241663880028548 0.7373355795818732 -0.09793421722052306
1142 1.006135133125819 0.361313270078814 -0.07825001049541487
1143 1.013007660435878 0.3426006658869417 -0.07728958499765617
1144 0.876531834915703 0.6107323705982549 -0.09118774384957264
1145 0.8433431402890628 0.1597794718351056 0.02636068818261537
1146 0.774278312534478 0.04250572640827244 0.08992796501491304
1147 0.7633042404828629 0.02852388133718475 0.09893593039058257
1148 0.7819175891218101 0.0243962118735451 0.09316891149694528
1149 0.8247096120834738 0.4662710004279487 -0.05255835566160656
1150 0.8174235299370564 0.4845902950944906 -0.05550184907889389
1151 0.8053717484542527 0.4699389944437711 -0.04935572274313689
1152 0.7980393124061065 0.4882168496616428 -0.05248549835394123
1153 0.7860130256132878 0.4735809378624623 -0.0462585489008938
1154 0.7786515634429692 0.4918071448265359 -0.04956993417677995
1155 0.7666346871506495 0.4771970585964036 -0.0432618184461471
1156 0.7592308480748577 0.4953790926922187 -0.04674860519809076
1157 0.7472736175129104 0.480777000845041 -0.04036470328621291
1158 0.7712373873800089 0.5100442530608348 -0.05293779970159214
1159 0.7396479670328218 0.4990696882354562 -0.04403067133481338
1160 0.7277316291406554 0.4844518763754448 -0.03756062444900202
1161 0.7352816090481402 0.4662502359188821 -0.03378719209479412
1162 0.7157318161484031 0.4699808895941733 -0.03091579103854612
1163 0.7233605252436915 0.4517642336001441 -0.0270410183205675
1164 0.703820660776439 0.4555149657346956 -0.02410220879425749
1165 0.7114733730741106 0.4373273712585244 -0.02013424618112742
1166 0.6918834896292323 0.4411516005529426 -0.01713925404405635
1167 0.69961848740916 0.4229373065247903 -0.01307851761882258
1168 0.6800374262627975 0.4267784752574669 -0.01002935698260347
1169 0.6877940929419984 0.4085915331419546 -0.005885090951850972
1170 0.6681514302146716 0.4125275646888176 -0.002799361060162969
1171 0.6759982986332833 0.3942874642308961 0.001435017876458351
1172 0.6560455000099223 0.3985036702937794 0.004542446219888373
1173 0.6641693002969882 0.3800975746244403 0.008859604325613408
1174 0.6445242990995695 0.384045153272645 0.01202557327146019
1175 0.6524845713356044 0.3657934201876839 0.01641178299242453
1176 0.6327312694968299 0.3697654735030499 0.01962429916217086
1177 0.6407329068979584 0.3516449540321333 0.02403722734515317
1178 0.6210188018531809 0.3555623254770647 0.02727967073830369
1179 0.6290275049026748 0.3374853813590757 0.03175336416825814
1180 0.6097211681794917 0.3411638595224669 0.03499618336748393
1181 0.6602108051125052 0.3477408883639364 0.0207209323717529
1182 0.6953621346570991 0.3905313851901994 -0.001805579332512831
1183 0.5817095643183827 0.4467307340496567 0.003545490653419858
1184 0.7079964482447516 0.4882855045250933 -0.03486580679029105
1185 0.6173753016348162 0.323290691988281 0.03955435794523984
1186 0.5980885569386879 0.3270055328068175 0.04277967592587278
1187 0.5904096482461212 0.3447910519965789 0.03813583377506128
1188 0.5787244812840109 0.3306486927183826 0.04591913201612761
1189 0.5710497866067576 0.3484147902609441 0.04116662924409574
1190 0.5593621968269747 0.3342683804402904 0.04893788357996748
1191 0.5671857492474881 0.3164625828298314 0.05373145960706814
1192 0.5477216202894605 0.3200945791004057 0.05674055212855365
1193 0.5793689379050693 0.2480655289112056 0.0761039316571199
1194 0.7190387655122479 0.4192029562773296 -0.01623443090343937
1195 0.9114775917726883 0.1610474290862515 0.0003343283073094262
1196 -0.01266434480358362 0.7131373234581606 0.05905198269460167
1197 0.8333972100406121 0.06215069048475266 0.06033395630943131
1198 0.2281017496314947 0.5161014414420024 0.0438865408581703
1199 0.6563145851206016 0.2332177015459714 0.06160103338181154
1200 0.9659557565733435 0.2842783301384366 -0.04991362374470687
1201 0.7672690546810697 0.2598898869678157 0.02069538121957934
1202 0.8138481113214753 0.3168242837615453 -0.010079185676287
1203 0.6366975812148639 0.3195609404083087 0.03619493168065074
1204 0.8255458801140794 0.3311637737864856 -0.01744470216473516
1205 0.8328628419074848 0.3128587783265383 -0.01448318167468128
1206 0.5911914195269403 0.1807368126813201 0.09820877039923448
1207 0.7394746727278262 0.634427344296792 -0.07980546963927945
1208 0.8776981953581572 0.421984484172183 -0.05434870925198561
1209 0.4567048116074966 0.4039329717254 0.04382666884367068
1210 0.3946289645184989 0.465419103264966 0.03185190818351634
1211 0.3469901745614469 0.4098644929304536 0.06109461220693267
1212 0.4235419550577929 0.6051715769937465 -0.02795713583497405
1213 0.4358482828263557 0.6189437414490768 -0.03539937730255886
1214 0.4571047517224521 0.6989290972782137 -0.07000885850032044
1215 0.4163820318620651 0.6228162958898165 -0.03383039447774118
1216 0.4712015731729082 0.450421101993305 0.02349263687541922
1217 0.4706298883052807 0.2519130435919104 0.09814141380165087
1218 0.4016998247914469 0.8687732206397784 -0.1358393155698155
1219 0.5301467987427408 0.9171512752033018 -0.1545533593653915
1220 0.1874220129456914 0.8334872792918638 -0.0730117902595602
1221 0.1689504406855894 0.8387031477234431 -0.06767128357657715
1222 0.1884152168571625 0.3523152808153804 0.09901400701226362
1223 0.01804062368086345 0.8229200322929722 0.01731241040893147
1224 0.3015184550995946 0.1757297626570331 0.1384967999634753
1225 0.3212815715693126 0.1735576266156748 0.1396521788351041
1226 -0.03270741740581341 0.5604733619552472 0.0957394724195796
1227 0.8848039364845793 0.9583385658878185 -0.1028746247300382
1228 0.8651420187464051 0.9619397712432074 -0.1087037945304751
1229 0.5708020993638806 0.5129964837314419 -0.0178386717650782
1230 0.4131635341603674 0.542327519988918 -0.00135632743133891
1231 0.4325953413594154 0.5383343454611083 -0.003225708673646813
1232 0.0354662703925457 0.8678212970206516 -0.004238657467084517
1233 0.6966175799980341 0.9662562185758891 -0.1470095063938979
1234 0.7161052005398525 0.9643066800843785 -0.143292166875844
1235 0.7238206119784842 0.9463039192160051 -0.1398188381225269
1236 0.7355601019685627 0.9623470154122251 -0.1394955754319046
1237 0.6200120802104235 0.5710306135086108 -0.04566312291793839
1238 -0.0220971259840709 0.4172553584299782 0.1083006912352744
1239 -0.02823145124473548 0.4362383322104261 0.108148157860767
1240 1.033078901692596 0.5837810060436976 -0.1094209643889232
1241 0.9967133941371159 0.7300554382500943 -0.1066163446195884
1242 0.9896605483903267 0.748691847891212 -0.105845921797054
1243 1.003774745343012 0.7113979035817257 -0.1073604730375095
1244 0.969992370752242 0.7519476375496494 -0.1066471473393599
1245 0.9825937444128998 0.7673327722417163 -0.1050441318948594
1246 0.9629526333514591 0.7706119714546389 -0.1062788455440435
1247 0.9755085765228648 0.7859790824190499 -0.1042071186420641
1248 0.9559168883553453 0.7892762056649648 -0.1058842664884946
1249 0.9684358467226613 0.8045975065875137 -0.1033300753208077
1250 0.2462761953361438 0.2154957806810169 0.1271984245827693
1251 0.2581763258550639 0.2312442064755902 0.124497233224038
1252 0.3093582675939397 0.1579631914797879 0.1430324423782945
1253 0.3291191997480934 0.1558746889351347 0.1444103527478504
1254 0.2674139300985345 0.8455382829867655 -0.1045291752957539
1255 0.2482095773706277 0.8497765723240075 -0.1013603135615274
1256 0.1407089057574688 0.2926217285797831 0.1108282205786085
1257 0.3609862722167276 0.3338622472100696 0.08619846118688579
1258 0.3806460698720004 0.3308370900688103 0.08433899231112797
1259 1.024959864834155 0.3573028878603886 -0.08365308759587581
1260 0.4712578252135627 0.1308395873616902 0.142796129125381
1261 0.4516265330069199 0.1335362971039255 0.1446860221778363
1262 0.4401333404985453 0.1187122876665234 0.1513808535673
1263 0.431892103029717 0.1360943843724126 0.1462002610674004
1264 0.4205529857097971 0.1211847477721176 0.1524470898441556
1265 0.9405639586425417 0.9492477131536148 -0.08331063797676905
1266 0.5290260733262921 0.1234111659752652 0.1347537650473779
1267 0.3177594191359306 0.3073780276473983 0.1006275287623282
1268 0.341363911685778 0.3368554283503651 0.08791490554561116
1269 -0.03336835019560765 0.5081653905352455 0.1028342725849083
1270 0.5542906489608173 0.06944011979292976 0.1496890097007493
1271 -0.02616635651693783 0.6481447198290338 0.07832139037898128
1272 0.5396109419416621 0.3385630185457573 0.05166233069533699
1273 0.5283155351246753 0.3239778688082454 0.05950494273271693
1274 1.031723694293883 0.3385404719279001 -0.08292487386811578
1275 1.019857955245957 0.3238857935204876 -0.07639505805012212
1276 0.2918748090701311 0.5346870790349957 0.02427891115438717
1277 0.0632864237087718 0.874251800447547 -0.02365644758662207
1278 0.08009135294750241 0.8680013671316753 -0.03222296109735944
1279 0.7433045321089948 0.9442392174766177 -0.136377007816877
1280 0.7549873651209577 0.960372338993345 -0.1356002384147114
1281 0.7471742485963614 0.9784776419265235 -0.1384391483116938
1282 0.7665037490292276 0.9765371216956245 -0.1340443174090319
1283 0.7743981415827298 0.9584127454953933 -0.1315834075656081
1284 0.7858038791014976 0.9746284185842492 -0.1294922477103357
1285 0.6244442620690509 0.3882281686258064 0.01509158307092476
1286 0.7709724715802299 0.01044368989432304 0.1022554772570984
1287 0.7523549176956276 0.01456737015769205 0.1079962493453467
1288 0.7895481727440846 0.006251075767764659 0.09633279724559121
1289 0.2502571169649488 0.1637054883558992 0.1359264030531263
1290 0.2306954145210053 0.1654581792583836 0.1326702325968058
1291 0.2226989746485367 0.1835052844786284 0.1295891947273614
1292 0.2111865267527898 0.1672160390722705 0.129042646825359
1293 0.2339147919155501 0.4107874406959432 0.07803025176650288
1294 0.3172035253525747 0.1402422370069152 0.1476318670308851
1295 0.3369718861660167 0.1382333131254458 0.1492320176421597
1296 1.002224273821803 0.7640387050758101 -0.1036768945723351
1297 0.6600850421162754 0.4308990666673929 -0.007098914307299323
1298 0.4286922566162348 0.6365817508810465 -0.04128991454754151
1299 1.020567340932418 0.568408166901012 -0.1067918983550946
1300 0.9879627841064142 0.8012314209364058 -0.1010140487602854
1301 0.9808056088149385 0.8198002411698887 -0.09960471453742635
1302 0.960522666454244 0.8242788544848165 -0.1024215325306448
1303 0.4124469230108163 0.138629667095483 0.1472295188375428
1304 0.6839811730175671 0.4594887269102721 -0.02127420538780619
1305 0.2483891037149036 0.6428704536840333 -0.00927678671939605
1306 0.4005836876553106 0.1233731380252547 0.1531077856468199
1307 0.6418195544384772 0.5178217390509582 -0.03193579646656616
1308 -0.04544219983812027 0.5461848051122071 0.1013751909523366
1309 0.8447244989268069 0.3271759361437032 -0.02185079898633146
1310 0.8518600113153043 0.3088413086062209 -0.01902422229918656
1311 0.8401466614952133 0.2945263541591034 -0.01157163755433185
1312 0.5363490915864636 0.3055213874545434 0.06464692709723249
1313 0.5168532303611054 0.3092862200667232 0.06742143586794717
1314 0.5089959275008888 0.3274074743823373 0.06228282985754999
1315 0.4972335414715685 0.3130452820018456 0.07007207309492888
1316 0.489528542098887 0.3307286599878589 0.06499552609393548
1317 0.4777207986399789 0.316508574979285 0.07265957194350908
1318 0.469971539271559 0.334140506825644 0.06755449993556385
1319 0.4582431273208131 0.3199155271157128 0.07511003179968372
1320 0.450591625919683 0.3375630522614511 0.06993901908196784
1321 0.5674422531545427 0.1178851713496624 0.127962495669391
1322 0.2934981698978002 0.7453325756791703 -0.06380918252388149
1323 0.2072742323983505 0.5701370142224287 0.02885265167191819
1324 0.6250093508035068 0.3054337640247693 0.04405772776780182
1325 0.6442517567485108 0.3016582257711248 0.04060140205447951
1326 1.040313368485211 0.565171728724162 -0.1097817070968382
1327 0.3806975378069167 0.7926372043158927 -0.0998820185704225
1328 0.6118869881061515 0.8567654730396457 -0.1319640446328914
1329 0.6316055937551663 0.8542772685636554 -0.1305990389757128
1330 0.4348296122255363 0.7512328080125823 -0.08844240540204781
1331 0.0531570345321694 0.7092746925276262 0.03031982569525248
1332 0.05937957693500864 0.6905564565938064 0.03328079106191544
1333 0.8897344627128232 0.4366231896052078 -0.06054792952770478
1334 0.8968662378436225 0.4181437067911125 -0.05829864179073926
1335 0.1575781992629867 0.8259671286218855 -0.05740552996021808
1336 0.1507266034745758 0.8441627684813635 -0.0617537603688399
1337 0.5724461532138896 0.8617747237393267 -0.1346428237476198
1338 0.1975017063905847 0.7670034522121183 -0.04754205504474996
1339 0.8100011751747327 0.5028802408080786 -0.05847211146329881
1340 0.4641098705490469 0.8112340858409357 -0.1151204424515968
1341 0.1458575406973104 0.6832608743757608 0.003716512863619161
1342 0.3883686356766239 0.313240421319752 0.0894742959946838
1343 0.02143144093456743 0.1350487042312012 0.07436171513560262
1344 0.20312776042118 0.1852499676336675 0.1264560697273149
1345 0.1917335273582507 0.1689631187827395 0.1251168213152511
1346 0.5121626625933418 0.6535283433462535 -0.05949757472424922
1347 0.6260693785741103 0.9563980395396829 -0.1561498151609748
1348 0.01274446992918318 0.8421123971030983 0.01611452407719087
1349 0.02726548764164414 0.2655230669395245 0.1043628758292796
1350 0.01400650750356863 0.2508430371840789 0.1014530430070289
1351 0.04060138435006293 0.2802398313336599 0.1064110617358604
1352 0.9727411585813704 0.8393422828643605 -0.09816227962500222
1353 0.54274896778532 0.9317447178296723 -0.1585072105911219
1354 0.6982854092594181 0.1754927051514273 0.06981489840133971
1355 0.7173030405601873 0.1713532891224054 0.06535307619978969
1356 -0.01189582995457278 0.2737493854791418 0.1025830494732562
1357 -0.0204811408996244 0.6287914191716841 0.07987004949455166
1358 0.3620769568285055 0.6678809159501315 -0.04325129793020169
1359 0.349967151267471 0.6541562030562693 -0.03533197590916159
1360 -0.02486732342062735 0.699817334898781 0.06752120539533484
1361 0.2383940341036856 0.2334300602086387 0.1234230562232217
1362 0.2503084777752148 0.2490970418582303 0.1204551342127711
1363 0.7084062882694149 0.9823125044970158 -0.1468691920361334
1364 0.1619753582389137 0.8568066011436911 -0.07218556909932172
1365 0.1441444258738245 0.8621369453295814 -0.06576408587244481
1366 0.06140821830918741 0.5884488316030556 0.06165760430037477
1367 0.3306997170307218 0.5271777364937567 0.01971776539768718
1368 0.3498639711817151 0.523011455949433 0.01775411709562567
1369 1.016402018791556 0.7268001377895952 -0.1061593684368694
1370 1.023466662084155 0.7081764831170321 -0.1073424830449139
1371 0.9354645059119353 0.8823305102724206 -0.09995242025658442
1372 0.2195492329045641 0.5838165785072765 0.02088963944166942
1373 0.9068273379444177 0.3478776045936967 -0.04519708533385665
1374 0.5153755745578545 0.07568625380803849 0.1556776016523337
1375 1.038710729585369 0.6178636880577918 -0.1108054766327307
1376 1.031790299487658 0.6365577796686251 -0.1101452421303062
1377 0.7937815508601146 0.9564959811140702 -0.1274188215320347
1378 0.8057827848651866 0.9720600755327213 -0.1245776857109995
1379 0.8543721326090293 0.945745512462483 -0.1133430237159526
1380 0.1463357900979538 0.4502618599232719 0.07950886617422073
1381 0.1530811162073504 0.4318816743319145 0.08328060273659206
1382 0.04900864585605206 0.5745781399167194 0.06888915763409695
1383 0.7725416165221641 0.3753997415247942 -0.015850793042499
1384 0.9408044891572392 0.6343836865181849 -0.1015509362463194
1385 0.9478880085545515 0.6157799259182197 -0.1005462940621812
1386 0.8760399574274229 0.9774521905567299 -0.1027549152317037
1387 0.5458388827425251 0.4044962495948549 0.02603980530558197
1388 0.7427255355470391 0.4481305790441213 -0.03008257931975651
1389 0.5156249498370775 0.5540605339144622 -0.0233111358050022
1390 0.5032573775711617 0.5401972787293929 -0.01610262108046696
1391 -0.02456816052950834 0.3113908706278213 0.1064110490652452
1392 0.4066011058559381 0.4792709277095704 0.02435113939769828
1393 0.7971243771959625 0.9907711758419422 -0.1264563884231557
1394 0.8166436358212115 0.9883025695377692 -0.1209757798225766
1395 0.4236541772278193 0.1530113656874193 0.1412127887329683
1396 0.606485765052192 0.9584270923248601 -0.1593014548651608
1397 -0.0420441499793086 0.4213106895481301 0.1107071259058287
1398 0.4288552814299439 0.1038358709433424 0.1576596944535022
1399 0.08087464739883574 0.1281129028945707 0.08872266657833811
1400 -0.03879332292438915 0.6345922540292934 0.08573660756888762
1401 0.7314559619703124 0.9282849565521283 -0.1364563224115734
1402 0.5653175733609491 0.6099727430123376 -0.05089631862445654
1403 0.565675992821332 0.4003125678309788 0.02346082944580582
1404 0.9587970803119323 0.9456954618977939 -0.07575420865022257
1405 0.967399064639247 0.9278914889349067 -0.07802691937634589
1406 -0.04776697378995769 0.4405129696573455 0.1109094292261904
1407 1.02761561227592 0.5497352169522985 -0.1068000991310772
1408 1.047290340859456 0.5464710974454908 -0.1101198343437638
1409 1.034465789081142 0.5309743824894722 -0.1067909284050956
1410 1.053965298643385 0.5276563969275148 -0.110414143981163
1411 1.041381789337234 0.5122605181731212 -0.1068232144710091
1412 -0.04440426961219965 0.6538284175146362 0.0846345583799937
1413 0.6890125061755573 0.9842452135328259 -0.1509441966438317
1414 0.09384794935654039 0.3397575030675213 0.1056997974808462
1415 0.1071417789324477 0.3545258430673681 0.1033968621372702
1416 0.8590851110056442 0.2904717659173331 -0.01628155591291449
1417 0.8474087027690578 0.2761751814630878 -0.008716685951744071
1418 0.5908906870894527 0.262160657191099 0.0681005440488878
1419 0.609968161248535 0.258795426536628 0.06459519955429041
1420 -0.05156819694315998 0.5654019849242342 0.1007195618919701
1421 0.286748333101833 0.8415464307149977 -0.1071855367916437
1422 0.2791201677445261 0.8587124448405081 -0.1138130517138849
1423 0.2985238480219998 0.8548716305355364 -0.1161598594739382
1424 1.001053805185393 0.5717495277822263 -0.1039552297470134
1425 0.3684654483820696 0.7789652540921055 -0.09221265386106922
1426 0.3489607022648223 0.7825332143246455 -0.09093618194893167
1427 0.1327714369789401 0.8498562518963608 -0.05526506137777741
1428 0.126787319303229 0.8682359830958266 -0.05907459299834896
1429 0.8953131651266495 0.9739059496682269 -0.09606141085780941
1430 0.2190729401238664 0.1502324688538009 0.1315506768887471
1431 0.1008606458219033 0.3732783779783088 0.1010486468663243
1432 0.1203521162520942 0.3691426439907053 0.1003523173027104
1433 0.1139886675406553 0.3879761207866653 0.09755062581457549
1434 0.1334756749294567 0.3838173733183873 0.09659166915505556
1435 -0.03596548191369845 0.4022148630925375 0.1103466435170355
1436 0.08609123142930938 0.8491320840054873 -0.02984505965583172
1437 0.6193940330898347 0.8390071441306279 -0.1268634249300234
1438 0.6390976370566714 0.8364570479340774 -0.1257555069300978
1439 0.6513248692615802 0.851790585423521 -0.129222275130725
1440 0.2741494270811912 0.7493921580717471 -0.06128184166010191
1441 0.08053782968168918 0.3247967267889654 0.1071993930325124
1442 0.07136784502279661 0.7037553982230093 0.02434233589299112
1443 0.2982568843661281 0.1425689926185547 0.1454633515188879
1444 0.9433073547857478 0.7738927112944667 -0.1074095382236167
1445 0.9363035889989846 0.7925712941146796 -0.1074346543934112
1446 0.923655654114528 0.7771838397701835 -0.1084617528646194
1447 0.9166832683914121 0.7958585818369575 -0.1088857649249721
1448 0.9040073178702701 0.7804747050470846 -0.1094564192336351
1449 0.1135619523384896 0.4912916010886441 0.07455170884415313
1450 0.8477434155116781 0.6854660670043511 -0.09986935901083774
1451 0.6933153325950547 0.7945296366916299 -0.114990052710808
1452 0.9261597168636289 0.4808743852765381 -0.07774309670269204
1453 0.5355442291641674 0.8170686723273759 -0.1200210606826847
1454 0.2158399873715766 0.5023042129016104 0.0511312515981191
1455 0.2351797128407755 0.4979119958351674 0.0489278442910135
1456 0.2227867530499801 0.4842599004166697 0.05596515569488218
1457 0.9186241412850463 0.3624492601051675 -0.05195775859659463
1458 0.3489227900903823 0.1536773107571646 0.1452814863265663
1459 0.641358409518219 0.6509828894701069 -0.07358794650930565
1460 0.621730871634828 0.6542550853655009 -0.07246954994512671
1461 0.6339614386711903 0.6688954850269333 -0.07823628613903291
1462 0.6145009313043819 0.6719946391768983 -0.07727133908308764
1463 0.8250831784429348 0.6024687685681052 -0.08307744538529087
1464 0.8224041128500686 0.0481450301548777 0.06922528503477185
1465 0.8408958412973286 0.04390687510772499 0.06307431543234898
1466 0.8299168688265292 0.02991970004273631 0.07205924736466397
1467 0.8483193901064593 0.0256155243746422 0.06575798244672143
1468 0.8592933538514175 0.03959838174533276 0.05676180786661968
1469 0.8666452160839585 0.02125395962028025 0.05927524289106852
1470 0.8776141263151036 0.03523323587366555 0.05026657525077734
1471 0.8373757408503975 0.01165570200863408 0.07482554567268802
1472 0.9244148303316047 0.5329832681385415 -0.08620169761397659
1473 0.3128614285695942 0.7413784633394225 -0.06602834887031173
1474 0.3054732026127256 0.7589898209427174 -0.07247367986879505
1475 0.760775423294956 0.3610292378397817 -0.00860740220303392
1476 0.7810570610808932 0.1067833729870273 0.0657322117764088
1477 0.728738299397985 0.1854393245748683 0.05693144474083293
1478 0.7362465736602628 0.1672516401256378 0.06072077711165029
1479 0.7476904353377973 0.1813407909414574 0.05228398589299635
1480 0.7551172774133734 0.1632733127241654 0.0558915613099993
1481 0.7665608462550618 0.1772507081676793 0.04748523836667359
1482 0.7622865055175886 0.1107779208292684 0.07108633930617142
1483 0.9227775079936935 0.1752927913630047 -0.007843670003431589
1484 0.9299301742592816 0.1567861928181213 -0.005834133973362767
1485 0.9412537277640992 0.1710448142659574 -0.01402287223584096
1486 0.9483507497081824 0.1524968200650427 -0.01221969021896567
1487 0.9596535227259704 0.1667457914354736 -0.02039957833863457
1488 0.9370925102901229 0.1382766514352638 -0.00393071886545545
1489 0.9554094703888771 0.13392477280121 -0.01050594055239449
1490 0.9441972773688821 0.1197322918812896 -0.002105863336565223
1491 0.9623751319613255 0.1153324826666911 -0.008868741202801398
1492 0.9512615717742118 0.1011626689395987 -0.0003786507942067988
1493 0.9735936691415347 0.1295141188661991 -0.01728299988857437
1494 0.9329862604978596 0.1055589304544745 0.00641341266416044
1495 0.9401022550331146 0.08702393882406731 0.008243732921204139
1496 0.9218710059794103 0.09142004322770972 0.01500208949636133
1497 0.9290578077621929 0.07291716171121786 0.01692219405736151
1498 0.9581300538956257 0.08262279623732817 0.001294740361513445
1499 0.910820648547538 0.07731230113910009 0.02366903420323044
1500 0.9179730517398698 0.0588376657630898 0.02572191671497229
1501 0.9361616687277547 0.05438248638978081 0.01875479033192226
1502 0.3305176780814499 0.6579788857011337 -0.03329558485681642
1503 0.3379010798583564 0.64044938997649 -0.02735759235784537
1504 0.318473998947254 0.6443230120056256 -0.02519999684365479
1505 0.3258415279731461 0.6267582327198545 -0.01934483119666948
1506 0.3578145244255233 0.636406320983657 -0.02936743147667134
1507 0.3064348542648273 0.6306763784242366 -0.01708048256523137
1508 0.5280104089506231 0.567964624512719 -0.03040961216615276
1509 0.4052801777304175 0.3983738668772976 0.05536086649800369
1510 0.4253346835694743 0.4755214910987754 0.02238101853504947
1511 0.8222897835926418 0.8455270639875128 -0.1180272951520862
1512 0.001232570572079015 0.8291905119579205 0.02603431072849651
1513 1.043678717018093 0.3532405569293485 -0.08924666212986058
1514 1.036929217146643 0.3720067908668444 -0.08976572040875427
1515 0.5231042157011278 0.9340170293507453 -0.1608558967817164
1516 0.9250524516160549 0.04032459952448408 0.02768817088364122
1517 0.9502221734367002 0.9635456941953756 -0.07341894781114859
1518 -0.03032749882586788 0.7189674024615265 0.06627162429507286
1519 1.000212075328451 0.8163305766668509 -0.0965416894586083
1520 1.038497045091873 0.3197858836587959 -0.08227833809605697
1521 1.026692948703556 0.3051603915411855 -0.07557390665750913
1522 0.353134386710197 0.3505882338817612 0.0814431058490763
1523 0.3335518933430142 0.3543224176154238 0.08296367881855961
1524 0.1725379426172018 0.4278480780821721 0.08159653067116049
1525 0.4630310414755272 0.1482602697075158 0.1376974740308618
1526 0.4826282125704844 0.1454555544593473 0.1355091905182122
1527 0.7600746416759556 -0.003500211213936529 0.1113911086631512
1528 0.7414262096363862 0.0006296885558639241 0.1171062735150518
1529 0.4762112109758447 0.0813572266943262 0.1602128860253976
1530 0.7586234684124252 0.9946560044481145 -0.1365835389404964
1531 0.700770312876843 1.000343486097597 -0.1505469863958981
1532 0.392485874679064 0.3850089422376413 0.06259042029198469
1533 0.4114980029422875 0.3772762975806131 0.06215778649202411
1534 0.04675871948015969 0.2612839621338098 0.1056664806952264
1535 0.06006369872803691 0.2760259445273983 0.1075094004447711
1536 -0.003819373447317122 0.8484725311797152 0.02523308500684004
1537 0.462274230672109 0.3517654683136606 0.06241698426333619
1538 0.5090637167260523 0.7058949338888423 -0.07845079523743587
1539 0.5284849715926736 0.7031127627481402 -0.0793671308384237
1540 0.5005168453104186 0.345531814580711 0.05723399133542308
1541 0.579690314480092 0.1666841205697536 0.1064127825297824
1542 0.5989822200676623 0.1629765705709303 0.102827900983337
1543 0.5603951331861706 0.1703065798610772 0.1097959030082747
1544 0.4925808318043985 0.6568669022946692 -0.05824439614182634
1545 0.774438939667744 0.1588241982416186 0.05088553835918537
1546 0.7854830368334788 0.1730381697074115 0.04253251332852175
1547 0.7780013929761084 0.1912861132448943 0.03916106463799587
1548 0.7968579860840683 0.1871006250207573 0.03422267228248458
1549 0.78948759421634 0.2053357687118627 0.03092501760475901
1550 0.8083422881683687 0.2011430966459407 0.02599476186186859
1551 0.8010061040138046 0.2194161564511448 0.02278376838448253
1552 0.8198661739937371 0.2152367723889689 0.01785723837729355
1553 0.812566473610516 0.2335209212036782 0.01474381079475776
1554 1.052910015386773 0.5803553826975018 -0.1121685662822467
1555 0.2908548556218518 0.871943907756958 -0.1229763694056215
1556 0.3103282530341395 0.8681862707905554 -0.1249498333212516
1557 0.9805528603412862 0.1108627465046739 -0.01591012464979885
1558 0.9917554370040604 0.1250507620765933 -0.02433992469951297
1559 0.7822616032472489 0.9399027416990524 -0.1291880686684428
1560 0.8848897892796779 0.01683316203570009 0.05260132706392429
1561 0.2310852256057024 0.250935395333237 0.1197827347242645
1562 0.2186842819980638 0.2355856193175251 0.122077161049804
1563 0.07485835029759695 0.8871785911472864 -0.03463255172543954
1564 0.05780594106066672 0.8933496574281595 -0.02519695733275212
1565 0.3871363340235358 0.4830263279983181 0.0264421071807404
1566 -0.02010460811202262 0.5746913254550241 0.08964857259746357
1567 0.2434656286532055 0.2665225165273242 0.1165417814721677
1568 0.8966787568606138 0.7993485078883282 -0.1102898308717421
1569 0.8843026593553636 0.7838130024451022 -0.110415778982723
1570 0.4659959974451439 0.3022912163061798 0.08023444189928197
1571 0.4467400187932143 0.3055479865517594 0.08258103100026382
1572 0.4090968694175587 0.6408204404063669 -0.03991183760858602
1573 0.4212100757694738 0.6543558308011361 -0.04727446857034104
1574 0.8314206880441716 0.229361936758275 0.009826699054977069
1575 0.5052690410671024 0.2949414986597155 0.07520928687878205
1576 0.04258822053994581 0.5932566205633077 0.06618550285821506
1577 0.7064620022027164 0.1567774900460698 0.07383908066268588
1578 0.3250454768107337 0.1225409048998785 0.1523077506863676
1579 0.3448227284131825 0.120610177954885 0.1541288677735863
1580 0.5715869519135167 0.2657944124659471 0.07140088014764247
1581 -0.0607764613519592 0.4257622403407251 0.1131836546502782
1582 0.5227012205297693 0.5362284924377627 -0.01792017310425434
1583 0.5103643601879515 0.5223786997467981 -0.01068562167727746
1584 0.490928011605175 0.5263685441036747 -0.008803211372011031
1585 0.49799114571013 0.5085577308802067 -0.003352034273546713
1586 0.4785835062376921 0.5125706705901697 -0.001420904118496356
1587 0.6169715221264002 0.6218211438571379 -0.06165213560487642
1588 1.051399266895769 0.6332418115054587 -0.111795057172719
1589 1.044502445604548 0.6519164585063211 -0.1107258751473177
1590 0.3340860196994885 0.8169973437091801 -0.1044147063067169
1591 0.2363862588460345 0.6293417956761683 -0.0008979274018733642
1592 0.2556613572006422 0.6251513271287541 -0.003760426638395212
1593 0.6588121448754971 0.8339051428060602 -0.124640003912496
1594 0.6710443750393363 0.8493036648091461 -0.1278369946320057
1595 0.8709656106493994 0.3047632212361199 -0.02374581443368635
1596 0.8995985560542406 0.3663072822944263 -0.04737944199149533
1597 0.3563347378921416 0.7652663774870581 -0.08434370100709461
1598 0.2003091804343801 0.5881180272170886 0.02386495185800677
1599 0.3167077309604727 0.4797436747058829 0.04047300548551511
1600 0.296638076351868 0.4838962890138261 0.04256852155142991
1601 0.07773797300548077 0.6851497805275566 0.02766568940904252
1602 0.0656716361888086 0.6718898264118796 0.03640458652240098
1603 0.08972222616913381 0.698345200521343 0.01872038882054516
1604 -0.03451339816432175 0.4552256747292883 0.1079485573276177
1605 -0.05382683121802124 0.4595384955577105 0.1110864255093853
1606 0.5706923777272829 0.6419936292807671 -0.06260934535569436
1607 0.5636953027183431 0.6602807492615275 -0.06804730380543943
1608 0.1336361374090106 0.4359262106734902 0.08505250880763184
1609 0.03018725803223498 0.5793606423503962 0.07332405033252223
1610 0.8878326449994716 0.3517441913897021 -0.04057688932967916
1611 0.415271119205254 0.7545513866528379 -0.08762557982868466
1612 0.7533271985045688 0.3791636753720444 -0.01216861763729725
1613 0.7415707980896906 0.3648083392385435 -0.004883909103060351
1614 0.9283307422655503 0.6190848291864137 -0.09860510195383236
1615 0.9354567430673518 0.6005141306881259 -0.09734303542634801
1616 0.5353763228208925 0.9490942577477617 -0.1648956215891245
1617 0.5550563491175053 0.9469920266116162 -0.1622188267798306
1618 0.4273796107510365 0.7685769243202514 -0.09480619669738836
1619 0.1634588304043932 0.5471138956274966 0.0471218613667729
1620 0.6266391019361226 0.6867572177896557 -0.08296593449579953
1621 0.6070865654642983 0.6899729208212354 -0.08222189028062632
1622 0.9089162188405029 0.4328061819448976 -0.06443097301092401
1623 0.915997090571901 0.4142658791496909 -0.06238374697749845
1624 0.8944510961346703 0.6595869676373816 -0.09994758157201919
1625 0.2624699042463923 0.2645935023053966 0.1166956957222381
1626 0.2547525822412933 0.2825296408226771 0.1124281393824845
1627 0.03650187724974044 0.5606115777968219 0.07576925506401221
1628 0.004206157717496987 0.4466512955635186 0.1023509030240592
1629 0.6635501296519017 0.867227436248369 -0.1322574209155077
1630 0.6832555179271744 0.8648050402888514 -0.1305862595040979
1631 0.006472791456922204 0.8099740568107644 0.02713771101443131
1632 -0.0103914356008049 0.8162253137506367 0.03576966062206521
1633 1.010818573590086 0.6927553506553377 -0.108081593494995
1634 0.7934223158838547 0.4552981420641272 -0.04300576419550619
1635 0.2172683689519428 0.633537179884293 0.002179198793074485
1636 0.8539348421236826 0.5287344804696534 -0.07253909950545187
1637 0.9776355752124835 0.2988002643712543 -0.05703040409717799
1638 0.9846157153742497 0.2801632308794871 -0.05564527684459186
1639 0.4410377656456448 0.6504019898518555 -0.04864965743013085
1640 0.7336637239675091 0.01863997477588811 0.1135597108246453
1641 0.7227194796828356 0.004691655745132718 0.1226365485726979
1642 0.5405366317212095 0.7175461158676295 -0.08559565781445726
1643 0.3649273559686957 0.2841067959648895 0.1029547361849204
1644 0.3362163775787128 0.4760834677654434 0.03832815114819301
1645 0.4001731894711582 0.3277371228032078 0.08237556867180354
1646 1.060825655361936 0.5089158310415715 -0.1107685412552448
1647 1.048570825154354 0.4936473719117814 -0.1069579574458835
1648 0.618606170709166 0.9741275574629735 -0.1613341664332648
1649 0.967827013544553 0.9597500038133906 -0.06465753422828832
1650 0.4042840756911172 0.1531214642393928 0.1430499412203344
1651 0.8873758339730844 0.9920985392109383 -0.0952292836320703
1652 0.905720295418008 0.9886434378232855 -0.08774833303767321
1653 0.8691333722479178 0.9949467623142103 -0.1022259020356138
1654 0.112849607048263 0.3362415725881825 0.105613662464549
1655 0.1835550098273568 0.1870983553660796 0.1230445037084403
1656 0.1723252509446274 0.1707134618136726 0.120968315221662
1657 0.1806056550514666 0.1526527417771314 0.1224523846988483
1658 0.1613679717505622 0.1544219324123439 0.1175806904430091
1659 0.1698127530381388 0.1363965943047246 0.1184279649345635
1660 0.1507630535376653 0.1382222034680697 0.1128869729348296
1661 0.3980576280148531 0.4970703998434158 0.01902457275150814
1662 0.4043214282748627 0.1961567349609477 0.1284457144561423
1663 -0.06422440318631674 0.5508932528734276 0.1061948884607527
1664 -0.04257904568265507 0.7056260793980388 0.07464113692688294
1665 0.4743509153283621 0.1618515739193901 0.1308629526116249
1666 0.13981734810585 0.365121483375978 0.09972507162773044
1667 0.1529961454419803 0.3797449788319265 0.09569242921184759
1668 0.2714959138115771 0.8758802030610433 -0.1204355586259206
1669 0.4856565000711226 0.4947664416753035 0.004048834081971427
1670 0.4662406467955144 0.4987950500846076 0.006025495518646602
1671 0.06618403211308706 0.2570481465739571 0.1072201958709491
1672 0.8080153280012292 1.006952664603807 -0.1224676676973434
1673 0.8268421812490068 1.004996111064036 -0.1163861889177852
1674 1.055651211130034 0.3679439417740606 -0.09531221478153913
1675 1.049023643794747 0.3867681641478425 -0.095651840632519
1676 1.036161709765148 0.7235041626499116 -0.1055961121194022
1677 1.043320648911353 0.7047516593241604 -0.1072619543533156
1678 0.9555805314154617 0.8789274289248709 -0.09532155384409838
1679 0.4940098407155394 0.1587922380206844 0.1284725843546172
1680 0.5478448419765999 0.6998799500659074 -0.08008259387294094
1681 0.9444921170506476 0.8634185667083033 -0.1005753908608109
1682 0.8739580765460819 0.002880592335248135 0.06169817249965058
1683 0.06941332571021244 0.9061752325983098 -0.03629548499838661
1684 0.2423185888551355 0.4800178941380351 0.05384974211691168
1685 0.229924373576306 0.4660926366040553 0.06080386398387032
1686 0.2545099954458443 0.4937767317610977 0.04674029592221021
1687 0.8016964444053154 0.9382814291575096 -0.1254269045553993
1688 0.5050926795112597 0.490730009011211 0.002038142074301121
1689 1.045225622137552 0.3010084813242215 -0.08169788943667192
1690 1.033484513327448 0.286411517278334 -0.07482133468188698
1691 0.7437139073172413 0.1493070600315599 0.06437333905548438
1692 0.554269762434326 0.3857476182251125 0.03115615682714747
1693 1.057038090276779 0.3156378858527966 -0.08838175602615227
1694 0.5826064191890119 0.362971348420194 0.03332500873443737
1695 -0.03323441748954062 0.6154946001778844 0.08698688518691515
1696 -0.05125373630134269 0.6205233971391547 0.09274729042552324
1697 0.15520627744356 0.8750523769695173 -0.07646399462421802
1698 0.1732728916268448 0.869454996310485 -0.08271745164192071
1699 1.067814678238197 0.4902407887768846 -0.1111865254577931
1700 1.055216346973288 0.4746604220512239 -0.1069742866746721
1701 1.074646670847678 0.4714539507690761 -0.1115975895188919
1702 1.06192025792816 0.4558791385371355 -0.1070555178856889
1703 0.9087888148586927 0.8149321676051761 -0.109380900876195
1704 0.5990715009953234 0.9760718283463283 -0.1648141543589196
1705 0.05290769563860823 0.2423702094517841 0.1046648140182546
1706 0.1421481740875329 0.1561852885026984 0.1126369002641063
1707 0.943152697041643 0.03580874708245949 0.02050157788183991
1708 0.05515414777599525 0.09915624918661851 0.07031502032585341
1709 0.8390509195068057 0.2107618808865129 0.01273160829779002
1710 1.03576301393164 0.4784498004852523 -0.1025834910410792
1711 0.7305051698908411 -0.01327930246892702 0.1262605028668598
1712 0.7117905320159121 -0.009242477322259045 0.1317515520802633
1713 0.5364438936509778 0.6839392661947553 -0.07333170640698675
1714 0.4542552304406332 0.2880421759491361 0.08772292975373927
1715 0.4348220081859638 0.290810579615475 0.09013343058048737
1716 0.8046095964956224 0.1687326299351793 0.03735728263168451
1717 -0.04793061597166857 0.7248487572151272 0.07380635864169791
1718 -0.03568848316564106 0.7381606832762945 0.06523214768856303
1719 -0.01416210642385152 0.6092379285728532 0.08138080860738819
1720 0.02377939511083359 0.5981194001854251 0.07099825574538066
1721 0.03593967777622812 0.6120941180973837 0.06362338392390536
1722 0.2626822863962475 0.4753832727531502 0.05180625912254665
1723 0.3969205936091967 0.627440761263967 -0.0324904238804531
1724 1.015270658619673 0.534461248194418 -0.1033793137339302
1725 0.05257380529700616 0.9125116145418392 -0.02634320369449094
1726 0.8782816357880665 0.2862717047224235 -0.02120455083162531
1727 0.5831335812225282 0.2799468040957358 0.06343938814390343
1728 0.6814277502919589 1.002212915971925 -0.154993167849893
1729 0.5874916352381993 0.1489516601396245 0.1111023852157299
1730 0.6067529040242171 0.1442084122319124 0.1077867194194925
1731 0.6182073858946591 0.1590401475053612 0.09912064496951478
1732 0.625925717805756 0.1402205405190291 0.1039758180286531
1733 0.4328869669022156 0.6685599581585253 -0.05471173981521769
1734 0.401624698921588 0.6584848466002589 -0.04591552427672119
1735 0.8765438014850008 0.8025874117921064 -0.1116398280677501
1736 0.8645496448091362 0.7869943668869337 -0.1113424535945582
1737 0.871601928987634 0.7684344552053619 -0.1098380490883607
1738 0.8519875459457535 0.7717373397488418 -0.110422886501042
1739 0.8450348783471411 0.790247143843987 -0.1122498949866758
1740 0.8323361817644602 0.775062004223729 -0.1110183207512632
1741 0.8392437769242516 0.7564785452924765 -0.1088945074676981
1742 0.8195919673331236 0.7598355018644944 -0.1092027221325394
1743 0.8265089366557936 0.7412914079844272 -0.1068139274235842
1744 0.8068531198459563 0.7446769235904565 -0.1068630040450426
1745 0.7999406754958047 0.7631854171323358 -0.1095392375587775
1746 0.7872301533100234 0.7480624330626595 -0.1069528474266721
1747 0.794130871409356 0.7295964550678435 -0.1040458651659085
1748 0.7744844972960758 0.7330203205391673 -0.1039101879664034
1749 0.8254404483262135 0.7936442865093802 -0.1131717665455479
1750 0.7813829877581981 0.7143601101658806 -0.1007448673257975
1751 0.8009702937529193 0.7111591667711303 -0.1011872146422387
1752 0.7802903631513258 0.766527963956164 -0.109907081487087
1753 0.7567466832581482 0.6832437348090092 -0.09281052432546143
1754 0.837973786224728 0.8089905774834228 -0.1141269429068217
1755 0.9096122002006073 0.2963847329565215 -0.03380120472916896
1756 0.3138521196632144 0.6128497667638645 -0.01123578611235043
1757 0.3332001297220712 0.6091738815938199 -0.01353581971855412
1758 0.2436722166251908 0.6115725785218462 0.00447178121358914
1759 0.5157168779738777 0.9511928774561662 -0.1675004250518037
1760 0.5031274154884513 0.9365311872966701 -0.1632394028011736
1761 0.09162130911172833 0.8807573069809673 -0.04316091246355336
1762 -0.07011307955076254 0.5699576186759693 0.1059122256873329
1763 0.3460688510125666 0.3692967268195826 0.07587175241643726
1764 0.3258439112405473 0.3721291741728784 0.07788894045407288
1765 0.3139541802395911 0.3574508745245274 0.08458342535567299
1766 0.08416387391821369 0.6665907797947751 0.03113765861305884
1767 0.07202060905405941 0.6532670550097208 0.03966986934863512
1768 1.073223502835093 0.5240984382580685 -0.1141250061614033
1769 0.1317077187405341 0.140055662272655 0.1073623166672259
1770 0.1405322048715874 0.1221972158374937 0.1069275977943326
1771 0.1216344322857874 0.1241202752718553 0.1009152904670349
1772 0.8848698773042574 0.403529097818162 -0.05195210139890688
1773 0.9588780210995186 0.9773207186702487 -0.0618912023255916
1774 0.9756277078910572 0.9729728731948031 -0.05204053336354642
1775 0.9416439436039679 0.981384703624432 -0.07105066025629464
1776 0.6268331199106091 0.8212306623690491 -0.1218883314398695
1777 -0.008177597831474551 0.4846624510422686 0.1001453241281874
1778 0.9543733970178991 0.4065059212809347 -0.07107255964074632
1779 0.6071024192528731 0.8238568952508318 -0.1227450180672443
1780 0.09456134102967867 0.3920382467427297 0.09862417831963279
1781 0.1076505889029481 0.4067417045356123 0.09470013160709914
1782 0.3759760661683735 0.7615756443702727 -0.08560652728955716
1783 0.0945993765855081 0.4442024989548429 0.08893071492570863
1784 0.7340747523425699 0.3829028296470596 -0.008594632959266643
1785 0.7223114306488112 0.368596506098507 -0.001276219692270389
1786 0.7458624086961317 0.3972963467810748 -0.01578989385907956
1787 0.05391662994825679 0.2950208166552555 0.1075690225655989
1788 0.0734261486492698 0.2908005424899613 0.1084260803202726
1789 0.2742666459101203 0.2800580762727723 0.1122266848044978
1790 0.2663557418174815 0.2978308048607317 0.1078121888915464
1791 0.9159073469380079 0.6038537157095634 -0.0952030833730937
1792 0.9230682921016893 0.5853024929260723 -0.09370123279702436
1793 0.9425778580563842 0.5819253512674171 -0.09611271480343765
1794 0.908772993279904 0.6224095456695634 -0.09674720062713128
1795 0.6757510234486421 0.8827672039402772 -0.134829479045865
1796 0.6954630711269679 0.8803591136861205 -0.132842261809118
1797 0.7029608061989625 0.862387465132606 -0.1289039044963815
1798 0.7151195326798895 0.8780506475655825 -0.1308581261987506
1799 0.7074954147064069 0.8961229791840334 -0.1346113024666808
1800 0.7269954369361349 0.8939148510400912 -0.132307686799058
1801 0.08327495227572798 0.7168867531229965 0.01520394340587277
1802 0.1016074101882449 0.7114713348315067 0.009603088325028309
1803 0.1082137163960658 0.693056898125883 0.01345265486477017
1804 0.9306407655081995 0.7584960324834698 -0.1080290365037747
1805 -0.005210346519377473 0.7969853326905116 0.03677217655278709
1806 -0.0221328879990109 0.8032167709435784 0.04530785350986882
1807 -0.01705706353340904 0.7839623680392784 0.04622437051910472
1808 0.5943194961239805 0.9428645155203421 -0.1567490227168931
1809 0.7393796088912611 0.9965627329691141 -0.14136315641589
1810 0.7507588777324444 1.012768486283012 -0.1392035350372301
1811 0.7315610207745126 1.014473518950823 -0.1443780289561781
1812 0.7889551668507009 1.008958433517228 -0.1282932991383359
1813 0.1883398318026931 0.1349667646123477 0.1237589610564716
1814 0.1950609500921144 0.2032840408267301 0.1238744267306803
1815 0.1754310764289128 0.2050865222496249 0.1209718594183465
1816 0.3018410103889052 0.2596976060638425 0.1164821813369682
1817 0.6785409020502302 0.8313549553352082 -0.1235213774040337
1818 0.6663318600957422 0.8159111037842556 -0.1201438899623542
1819 1.028992189777988 0.7421158588023988 -0.1038972015798279
1820 0.9035846452640157 0.0957647313728144 0.02153928383845087
1821 0.8924223347705291 0.08167014534091679 0.03023928969487204
1822 0.2944878010380635 0.6166004662124476 -0.008801409442649694
1823 0.2870591006091903 0.6346592753541818 -0.01466089016182206
1824 1.007443664013371 0.7978578341438076 -0.09846534986614577
1825 0.8241482810327146 0.2476747697708308 0.006812077214142731
1826 0.8430597818882447 0.243529205112816 0.001889922539725558
1827 0.0535195897490273 0.6585589417606789 0.04491367093321572
1828 1.024837699424679 0.6552763691533163 -0.1094734876100329
1829 0.6695902743506905 0.9861764493138098 -0.1549535784586925
1830 0.6620882632713437 1.004094371243496 -0.1593655504663007
1831 -0.05831648589245925 0.5318359038013446 0.106528762743343
1832 -0.0771990345556019 0.5365303018906724 0.1112109379526846
1833 -0.07133047826208402 0.5174377861935228 0.1111739132015207
1834 0.007645782007567693 0.8613795598025628 0.01523550126701458
1835 1.058627733502617 0.6142465399139849 -0.1128869521122068
1836 1.071060623596167 0.6298578366285217 -0.1134853826498702
1837 0.1269249701948192 0.454381448843147 0.08155783994652659
1838 0.8052398391356256 0.2517828256720859 0.01157523189119132
1839 0.7510383935178839 0.9259352307782879 -0.1333311002637594
1840 0.7039512518173233 0.008674426946483033 0.127981813558462
1841 0.693004680376712 -0.005277613912090895 0.1370477502948959
1842 0.6851141927921351 0.01258571991574239 0.1331338842233234
1843 0.6740465451333111 -0.00242939700584506 0.1425675164302418
1844 0.6662560665683184 0.01621497838901301 0.1381456410821743
1845 0.6551324075492161 0.001194273633989402 0.1475124775558258
1846 0.682244413492086 -0.01945761684781074 0.1461635771760578
1847 0.6472989007361801 0.01990429432978824 0.14290220788007
1848 0.6362545035400536 0.005899836418327229 0.1517451914278587
1849 0.6282527787599016 0.02376710385781476 0.1473377667395442
1850 0.6172359713716626 0.009694415856976443 0.1560659664895594
1851 0.6091443534855658 0.02738591714149524 0.151583687886348
1852 0.5979685331194556 0.01329239849646376 0.160206752628903
1853 0.5899406543508487 0.03087377743383958 0.1555835214665339
1854 0.04149881498541817 0.8998245367715116 -0.0157530679749964
1855 0.03664067821590414 0.9191692182930481 -0.01654770727835816
1856 0.02541767350970369 0.9063772056619663 -0.005973653840385904
1857 0.02076702446438613 0.9257563918598019 -0.006309618918915098
1858 0.5601593330093061 0.7143372787720513 -0.08615191678940355
1859 0.5682102440675241 0.6960318231967919 -0.08066834030755443
1860 0.5797922779411118 0.7111307269990282 -0.08669772891914038
1861 0.9423952550107149 0.3917884685655034 -0.06491501082890308
1862 0.1530584161300266 0.7950090668434975 -0.04280259783672191
1863 0.452827241271527 0.6652839844704183 -0.05620348028983406
1864 0.1930361660324325 0.736107921441666 -0.0328941991094031
1865 0.7298678206534004 0.3504816931257166 0.002530127497764708
1866 0.7106062003325417 0.3542578648523644 0.006183251849317787
1867 0.7181464097205897 0.3362202347174992 0.0100695221938814
1868 0.6989229658140017 0.3399905510247755 0.01374898456744691
1869 0.7064838476643803 0.3219805917511352 0.01771754512622483
1870 0.687267295930426 0.3257583213011261 0.02141997380421408
1871 0.6948982632925139 0.3078082434388489 0.02544354871453774
1872 0.5404242567384299 0.8493812172450177 -0.1311429895826126
1873 0.1318705962542948 0.5377179024683532 0.05747336060898706
1874 0.6732555980218311 0.6624256525447495 -0.08021595585703979
1875 0.4912234295735153 0.7908509356770281 -0.1087515633382235
1876 0.9729855712325108 0.2656707789986909 -0.04838561850878782
1877 0.9915683520000046 0.2615102527681031 -0.05433256973324962
1878 0.9799898929230028 0.247047565584985 -0.04693207238364619
1879 0.9984908922585912 0.2428406697059618 -0.05309769225377178
1880 0.9869269605070552 0.2284001727332526 -0.04554121536051993
1881 1.005324919204939 0.2241495274053835 -0.05192418619285821
1882 0.9939089923650309 0.2097487359689916 -0.04426890653446749
1883 1.016907689617162 0.2385875893172015 -0.05948330410885202
1884 1.023702229945486 0.2198505501831652 -0.0585695307808907
1885 0.9754961735358233 0.2140040308556767 -0.03787712674609929
1886 0.982419430162068 0.1953609151952277 -0.03642393407849744
1887 1.000763455394715 0.1910715770801977 -0.043051218702553
1888 0.9894498084930747 0.1767267072864281 -0.03512866866435792
1889 1.007629088889778 0.1723650106758048 -0.04195602871309354
1890 0.9525366379929462 0.1853019430810443 -0.02205565518554431
1891 0.1506679441213371 0.7145921481251571 -0.009885610732151292
1892 0.2603800428310123 0.6563803380317654 -0.0177023639597435
1893 0.4605511356469216 0.6466104916314774 -0.04997070422301715
1894 0.8284733450431648 0.2802056144962023 -0.003970794049884076
1895 0.262215152460797 0.7360038718954891 -0.05242307892780719
1896 0.2548355263569987 0.7535243933843794 -0.05839310153460385
1897 0.266567864680553 0.7668535227586809 -0.06736761124864563
1898 0.2429870764286472 0.7402605062532621 -0.04937863219115848
1899 0.2356533589819314 0.7578679320529745 -0.05518865366416856
1900 0.7821003357541687 0.2235439921038381 0.02757054695070584
1901 0.8947003675935732 0.4698453401974823 -0.06867046378455288
1902 0.6373705027110571 0.1551497192713406 0.09519619992776776
1903 0.6450664796326713 0.1372801771941786 0.09956276697450647
1904 0.4470279145751748 0.7653538605361947 -0.09541459495536006
1905 0.4395762049064039 0.7826903339781145 -0.1017968443179932
1906 0.1757670197409543 0.5608565630263821 0.0395697156577666
1907 0.7076242094460827 0.6229647057729087 -0.07314442057484226
1908 0.6564608690488732 0.1514059686149739 0.09102997646208535
1909 1.019033891539177 0.1867130378973671 -0.04992949439827091
1910 0.8300868338782802 0.3638328473811346 -0.02759199737703176
1911 0.5341249047521124 0.39029960507132 0.03367031858280678
1912 0.4768085285641254 0.6952448763089668 -0.07092270131395888
1913 0.6866373992135395 0.2437219569269565 0.04948213022015523
1914 0.4565330547504679 0.08395695498503367 0.1618402419256665
1915 0.9655716785082944 0.8949517046473043 -0.088697764494513
1916 0.9744158055853791 0.8759844195930949 -0.09049969825455757
1917 0.9843590491308872 0.8919359289901905 -0.0827102382115148
1918 0.9932082019542973 0.8729935255680468 -0.0851580569610968
1919 0.6641402142313739 0.09836441309487547 0.1081617599093117
1920 0.5600644807297344 0.2516453051678538 0.07936380346619772
1921 0.5522583866119319 0.2693397209519405 0.07457308415586753
1922 0.5528565984290048 0.5959188344188275 -0.04421863541839268
1923 0.5732739020355968 0.5924417925037085 -0.04595295484297462
1924 0.5601298692223075 0.578105071562504 -0.03901539933069707
1925 0.8702996567802201 0.05360650350121304 0.04783985678412075
1926 0.4714697042338009 0.530354766132013 -0.006935560900953276
1927 0.3751686475403241 0.469004693642694 0.03399915875523868
1928 0.5772894859309017 0.4147302366381975 0.01584846376727485
1929 0.5853946783220586 0.3965144000772568 0.02066631150427768
1930 0.5967523145146838 0.4109269099109143 0.01313546615046732
1931 0.9541992696031834 0.04986688856649307 0.01156860289521031
1932 0.4739480879849063 0.2845369573055841 0.08535121286031515
1933 0.3671346909096866 0.4867171688736357 0.02865647979699476
1934 0.4199184499262878 0.7858714541934262 -0.1012895964858671
1935 0.4548673098039454 0.1624217507973761 0.1337834122414112
1936 0.6326152560579292 0.2875624025939164 0.04851969243912356
1937 0.6518719688787475 0.2837447225833588 0.0449394059445096
1938 0.3921536849983663 0.3444065017858164 0.07759959092687195
1939 0.05978973370390302 0.6398723940954131 0.04796423076526592
1940 0.793052999917689 0.7817000263312542 -0.1122591212738989
1941 0.2831634710212336 0.8889389290004308 -0.129767662770696
1942 1.019556350830639 0.8127957052069837 -0.09316378131848795
1943 1.026992422603732 0.7943401996232848 -0.09563208120753965
1944 1.013144127823325 0.830101193137733 -0.09062088041746506
1945 0.2119869577483991 0.2522894697649253 0.1189531534215378
1946 -0.03399717346264366 0.7901644742862494 0.05463547673952597
1947 1.035190090671788 0.2342922702515995 -0.0660920814612939
1948 0.3088086422410832 0.4978103961760773 0.03511499843038593
1949 0.2893415909121492 0.5013382563234254 0.03742349510427476
1950 0.9320655278983696 0.02175717187398615 0.0295551669949031
1951 0.411850381746381 0.3421651572384833 0.07513437359248337
1952 0.8358244877132077 0.9858961328928769 -0.1153014552054168
1953 0.6403356770394257 0.269692934376263 0.05289780135681856
1954 0.1781137175206338 0.1190248860829486 0.1192339322778994
1955 0.4879220143930335 0.1755960800152919 0.1233363065089575
1956 0.2467209176480167 0.29891820210175 0.1086044842858628
1957 0.6647081781444916 0.1329588260205945 0.0952930087496892
1958 0.4427847375157409 0.3551613579380652 0.06479489564219139
1959 0.6253401601645306 -0.008648945272242931 0.1607382449635132
1960 0.8977945090430294 1.006545437039687 -0.08633967054619904
1961 0.9151515911815734 1.003219349751906 -0.07797064513052711
1962 0.420350881896562 0.5247614555586847 0.004230760266374041
1963 0.4009306913170626 0.5288280837524552 0.006125283022571981
1964 0.8184769296086788 0.8120489040749931 -0.1153402176815974
1965 0.5296922497894143 0.5184762891998617 -0.01261112292833107
1966 0.5419885700227038 0.5324228352251639 -0.01979954675719688
1967 0.009594038023975288 0.9127620529199553 0.004095130821520718
1968 -0.008670020733537266 0.8678172000943511 0.0247402000262136
1969 0.4542565706381193 0.3697761925667671 0.05716848600925125
1970 0.4736974754499271 0.3659370838655466 0.05489394951203636
1971 0.3064516142502717 0.3752624111543101 0.07958136312447933
1972 0.5049962931309637 0.6716670482221336 -0.0653288191877478
1973 0.5476107542045306 0.9643916410479003 -0.168513150163507
1974 0.4649023642450775 0.06672239672894963 0.1670407188081489
1975 0.4434470019780148 0.06857144709371256 0.1685844735149787
1976 0.4844504401948166 0.06397897797178423 0.1654073671959913
1977 0.1661631926594392 0.8867268408532195 -0.08669039782448786
1978 0.1842340532538721 0.8819319301287747 -0.0930786659021914
1979 0.1914878065705164 0.8640616858346499 -0.08823811272646873
1980 0.2025918600810535 0.8768434777101832 -0.09854460726978526
1981 0.2100506884311449 0.8590196934507515 -0.09318934051548276
1982 0.2215696859802561 0.871848054069034 -0.1033693811621613
1983 0.2142727788841928 0.8895423066134771 -0.1090373654349592
1984 0.2330688596822501 0.8843675548188999 -0.1133456824645091
1985 1.041391128493713 0.2162520828934915 -0.06535929800031731
1986 -0.0576215887150645 0.5849953353105405 0.1000758540590583
1987 0.7902450799754501 0.922153570732926 -0.1268841650800445
1988 0.5966702915168275 0.1280490957979042 0.1165832053639311
1989 1.062107155614888 0.3492455043103848 -0.09499907504570926
1990 0.5425592069583481 0.3715638181885406 0.03883186958048822
1991 0.5225203007625537 0.3763040716493473 0.0412443195698184
1992 0.9848463488999404 0.9555180089656563 -0.05535303825389166
1993 0.705093384254617 0.1228966074078384 0.08623489537025075
1994 0.7245303744429226 0.1186690151146023 0.08132512847154248
1995 1.067471048675529 0.3829657306928094 -0.1010854067208337
1996 1.061207522048901 0.4015676789877963 -0.1012743938921426
1997 1.079590030341433 0.3977293041348156 -0.1066192694892067
1998 1.073404139816364 0.4166013691634249 -0.1066042123025147
1999 1.054562484194027 0.4206444377619088 -0.101452439938306
2000 0.5803451885587423 0.5749609205260642 -0.0409823422859166
2001 0.5669627121877442 0.5603242682688117 -0.03383240258150321
2002 0.5850904552302759 0.6067051359412636 -0.05248304681988909
2003 1.002769901843675 0.8886105162991341 -0.076231478633613
2004 0.9942469937945643 0.9064653891703116 -0.0732670632054188
2005 1.009521408722359 0.8729308058227567 -0.07908823281334273
2006 0.4927772466997456 0.4771252641684312 0.009392064947699053
2007 1.051340315737206 0.2821079098564995 -0.08095363350294613
2008 0.3738024404091297 0.3877797589328819 0.06473564746501959
2009 0.693033613784326 1.017326772384851 -0.1542477753612535
2010 0.6022273484133429 0.6574980931597607 -0.07138419436287488
2011 0.3211248961497251 0.5952708206188996 -0.005511840548556666
2012 0.7729227482840312 0.1251746623806263 0.06251628956838834
2013 0.1597284416293183 0.4133678736698458 0.08708867190742837
2014 0.1793034754092459 0.4095356933070824 0.0856191555299078
2015 0.19199629445963 0.4238441948412697 0.07997722908331269
2016 0.7227563110150586 0.8595867852309456 -0.1271352324317791
2017 0.3382905096746558 0.5090876066936247 0.02531930842131277
2018 0.1874416269856123 0.2211103023924065 0.1213657695818907
2019 0.06418351241888767 0.9252079427505299 -0.03751165364477653
2020 0.659437845967201 0.2658199612277737 0.04923945310939663
2021 0.6711835774590806 0.2798710772768487 0.04121767598666101
2022 0.000809588845168711 0.1067340859333253 0.05795331029699726
2023 0.2629408121806621 0.607335634168792 0.001777917879881727
2024 0.3182030156451127 0.8512186429070887 -0.118051875950525
2025 0.32988283266942 0.8648204030301381 -0.1265349681042071
2026 0.3221609823777681 0.8817454416611632 -0.1336495330790123
2027 0.3417712750595946 0.8784734479258074 -0.1348380660365862
2028 0.3340382265201031 0.8952933560182924 -0.1421028700312218
2029 0.3536853704669286 0.8922320709676005 -0.142925001020597
2030 0.7997201265752586 1.024724545837197 -0.1239870370023242
2031 0.7618055849218469 0.7178152302887082 -0.1004017227936486
2032 0.7550387006655872 0.73627948259433 -0.1037978610611237
2033 0.8918255100068454 -0.001494989417974965 0.05494302205620561
2034 -0.02020867703832948 0.8548890866316592 0.0346285969435017
2035 0.8461485790714459 0.7378910213202883 -0.1068002022244102
2036 0.8334169546637058 0.7228612294577599 -0.1044771274385795
2037 0.8805295974918785 0.3701306483010428 -0.04294478612081574
2038 0.8687916704404958 0.3556067045027597 -0.03610553674354315
2039 0.09081544702415056 0.6480524418302989 0.03468042545723542
2040 0.2124834594199976 0.6017394605108126 0.0157583406546166
2041 0.1933354223659391 0.6060872749685287 0.01889827429669855
2042 0.1811204780458916 0.5925733031631084 0.02700306069152925
2043 -0.04057465017687874 0.4742139445495601 0.107662691564021
2044 -0.05970390688702703 0.4785085167832579 0.1111783847329037
2045 -0.07288396300905872 0.4638198930179154 0.1144187369953135
2046 -0.07885471617945945 0.4828602880677377 0.1149345338776169
2047 0.5133193895090504 0.47374812683088 0.006846860816713488
2048 0.6912465993007663 0.3581364006754079 0.009701420642059429
2049 0.1150966080851337 0.8557648879534047 -0.04821994072554179
2050 0.121489215091501 0.8372077479470372 -0.04479019377670681
2051 0.3637701817625522 0.7478984663315178 -0.0778298998446644
2052 0.01141519103126308 0.584207160203175 0.07801729247896144
2053 0.6755125880025821 0.311756740754181 0.0291510399681606
2054 0.614552907530743 0.8060790794563883 -0.1176375458213091
2055 1.037522457500274 0.6706906184847349 -0.1096258765264466
2056 1.056977610073268 0.6671559566857695 -0.1104572683820968
2057 -0.02894399110824478 0.7708766570169993 0.05541342390388997
2058 -0.04613050145411722 0.7768227920475572 0.06385889110002822
2059 0.9302362774733401 0.5667431301727731 -0.09223934399231883
2060 0.9496977585540469 0.5632878696864476 -0.09491223005957486
2061 0.9620760567384737 0.5785313444304363 -0.09862226666779902
2062 0.9691487069739274 0.559851360358684 -0.09769830919811172
2063 0.9029252029090619 0.01235737044690927 0.04577642602563407
2064 0.1200947197310083 0.7061945739593986 0.004365315950747243
2065 0.5671547649662967 0.9624314937493772 -0.1655051397299974
2066 0.9138763080586434 0.9706577074091602 -0.08903731358949181
2067 0.619241623710778 0.7046381943217379 -0.08778823214191622
2068 0.6388364422040649 0.701525054362971 -0.08838713237199194
2069 0.2860139081570688 0.2952067067681366 0.1072256967057885
2070 0.2781354046931019 0.3129472656519841 0.1026531320209103
2071 0.1565294453298921 0.5653560671861761 0.04269394929459544
2072 0.9069580956459237 0.04478382493948078 0.03459012931094272
2073 0.004970188062640539 0.5511163112578606 0.08652000815654642
2074 0.3368955875421586 0.7688603885434566 -0.08279808436729894
2075 0.3294442909187771 0.7862442500911409 -0.08941572079769339
2076 0.6501844519320152 0.9881326063125133 -0.1589075904157937
2077 0.9113785634568865 0.3809509101424455 -0.05399491302480837
2078 0.9280688886884818 0.4289512704724947 -0.0684516810922064
2079 1.048418536089611 0.7386481902926743 -0.1027277922855053
2080 1.041043171337826 0.7571143053789726 -0.1004946761116013
2081 0.04127371520440253 0.6451534381059304 0.05316941961160995
2082 1.040002822242941 0.2675696796507336 -0.07404320044178173
2083 1.058357654563792 0.2631638449179662 -0.08065941556177025
2084 0.9963661050354471 0.1580543465800384 -0.03390254012904627
2085 1.02176354192901 0.2718307470223745 -0.06774359381740894
2086 0.002703369360738768 0.8807696876860152 0.01470915461957029
2087 0.8851866633865657 0.1000485495808224 0.02790015662934379
2088 0.03031981550082284 0.5276838407291793 0.08443670801373344
2089 0.223855322127226 0.7446944109985969 -0.04600356658036261
2090 0.9241330036277603 0.8663708722758665 -0.1044193091462241
2091 0.9318711208082379 0.8483086127464876 -0.1047222287518276
2092 0.7140447229880102 0.3039545090262288 0.02162852851126972
2093 0.2103348215802902 0.4703012686285568 0.0628416313457735
2094 0.2179474357812013 0.4515880437679066 0.06758172162478115
2095 0.269892651076692 0.1618640999130878 0.1387673828350179
2096 0.2582529648824921 0.1462162323514284 0.1394456711169534
2097 0.6582902572109713 0.03415987686439596 0.1339761492645084
2098 0.996297046557848 0.2946761645496709 -0.06273490170820974
2099 0.05881973688734483 0.7411690180944863 0.01823749882910883
2100 -0.006179893061399426 0.7454850262520007 0.04870681628579418
2101 -0.03720483630680611 0.686438776809884 0.07570443661615529
2102 -0.05484574321726111 0.6922751039069291 0.08265265144516498
2103 0.4592452236314829 0.779560349805512 -0.1021765704357436
2104 0.9210242727823019 0.4475174811390416 -0.07033411118954118
2105 0.6762358358224618 0.1467444519162951 0.08678439905858783
2106 0.6560649565648747 0.885126877478585 -0.1367882204030677
2107 0.8189585482855749 0.01594992516921951 0.08111903978011797
2108 0.8264611901158337 -0.002281085245976107 0.08396066518378109
2109 0.8447969861211528 -0.006634133672121677 0.07750793433581851
2110 1.030223407060821 0.3907984282858307 -0.09036884892238063
2111 0.8200146081642884 0.43332828007986 -0.04326313764840329
2112 0.7070725235743044 0.04058707033720275 0.1151840227915928
2113 0.6247821898924839 0.6040841573886352 -0.05700583959677254
2114 0.01188338065663937 0.7908221365193179 0.02853544789860197
2115 0.4397068347296577 0.5205914158581544 0.002400963405378306
2116 0.7928850184788243 0.03836369870101994 0.08414462812786463
2117 0.5528096197527808 0.7320296062359954 -0.09160401768443033
2118 0.989376140282 0.3133592468748267 -0.06397528772426062
2119 0.1908947705849855 0.6558751014602426 0.0004312184896817228
2120 0.7920815532831619 0.1209234284920543 0.05710303460596278
2121 0.740164210739039 0.1994892661395198 0.04861313664328265
2122 0.6295814680829351 0.1732295334581441 0.09072564151963004
2123 0.3918886184989308 0.5953261508885512 -0.01865250270603249
2124 0.372684105725798 0.599743554291408 -0.01703422912748835
2125 0.3111065353094388 0.661862495743105 -0.03110083673350496
2126 0.4251664524376325 0.3932496281913457 0.05371481991932061
2127 0.5406809299867599 0.2551676371015197 0.0824835124591823
2128 0.532859993814954 0.2728327815400075 0.07761070153814065
2129 0.5021721517515494 0.1425347187090555 0.1330096054691984
2130 0.5134976452365336 0.1569985003607867 0.1253100425827122
2131 0.7731953348012444 0.7848449643823935 -0.112888468368231
2132 0.5793345964616718 0.0168311931525684 0.1638480965376176
2133 0.5708176043807477 0.03425448142850888 0.1592558142485958
2134 0.6428089582487311 1.005975391539421 -0.1636667620671126
2135 0.6134555985453289 0.2910390138626985 0.05205298180391581
2136 0.333009622704948 0.1052251721911759 0.15699662091297
2137 0.3527085547834472 0.1033264220513217 0.1590260932174168
2138 0.3132571913315101 0.1068138204632993 0.1542980538899044
2139 0.3645283172591511 0.1184866310110279 0.1553438347250532
2140 0.372355578529476 0.1008428998992972 0.160504688639589
2141 0.8759825758464297 0.3373996396517425 -0.03360598340519301
2142 -0.02653952549403191 0.8227100836121192 0.04431834526122209
2143 0.9608579799930331 0.03130229093072094 0.01316480234102951
2144 0.5615079671315134 0.02022188864889607 0.1669930878868974
2145 0.5517808017873871 0.03751091517164297 0.1625840579971014
2146 0.9981673791227219 0.106353473695624 -0.02301280132487606
2147 0.9872691070638554 0.09219811326721679 -0.01457898954428501
2148 0.6113015961263815 0.9917966261273161 -0.1666434470764615
2149 0.4732422478895264 0.05044821522662399 0.17191778836491
2150 0.4928687716110071 0.04773951328774104 0.1701592308801026
2151 0.780809636594445 1.026380074547099 -0.1302274891584877
2152 1.014352362166951 0.153607534314331 -0.04092844134385776
2153 0.8334368770470794 -0.02027934256227015 0.08684682744593021
2154 0.815489097932925 -0.01616439227967783 0.09318551622376567
2155 0.8224633772981013 -0.03412053382052747 0.09616147471348047
2156 0.4283913085150357 0.5070504102356179 0.009665444353984068
2157 -0.07512057690668283 0.5894415017111515 0.1053673922531173
2158 0.9077776519701372 1.02019730531105 -0.07584881177987272
2159 0.4196809711196021 0.3254430585535637 0.07996603227505214
2160 1.079116198394513 0.4512877439431554 -0.1113006542808708
2161 0.9495097341229479 0.9943479122574638 -0.05969052642582238
2162 0.804674874240398 -0.02916677101363069 0.1021240277684901
2163 0.971519502404992 0.04570896067878889 0.004296769690151638
2164 0.8503089331793086 -0.02385912550777194 0.08058615034952993
2165 1.030333727550222 0.8271496280260711 -0.0866298692400167
2166 1.010254203432131 0.1207539609537437 -0.03193618230943929
2167 0.3607512013787044 0.0852617714284324 0.1642290940364175
2168 0.3796140702005311 0.08395906948034548 0.1655147426543456
2169 0.3458942368450244 0.9082893567947987 -0.149999098702374
2170 0.3655968876617254 0.9054493020819849 -0.1504480748783183
2171 0.3732965471790507 0.8891058185592076 -0.1432253545873059
2172 0.3853372080884482 0.9029082825159793 -0.1505689930046624
2173 0.167531918740849 0.2220987874845299 0.1189719931299576
2174 0.3754987850250994 0.9213322983621212 -0.1588222523702981
2175 0.397333992974068 0.9175991097693732 -0.1579773174451781
2176 0.4051255655850556 0.9003825756296093 -0.150303736532412
2177 0.4170210304899185 0.9154733106199582 -0.157413874363891
2178 0.4248592320513404 0.8984190207921059 -0.1499609868648414
2179 0.4368592796591479 0.9129604001167765 -0.1563761644179533
2180 0.4290948090498214 0.9297440064382434 -0.1637671166420967
2181 0.4489553036155881 0.9275790499050668 -0.1624254506325585
2182 0.456684433300276 0.9107490974325378 -0.1552269557425659
2183 0.4686818643571059 0.9255865993516914 -0.16093632320024
2184 0.4763841943830869 0.908687633822941 -0.1539440610672764
2185 0.464436579487695 0.89382263080595 -0.1482223722458569
2186 0.4951436236477872 0.9531955736818192 -0.170056422542085
2187 0.2635791760987495 0.8918431823781452 -0.1263273325431337
2188 0.1585078880600737 0.3617557808180411 0.09907628338548349
2189 0.1719394925876181 0.3767368396211839 0.09465121679129265
2190 0.1440428665846844 0.3466809462127085 0.1028593120711574
2191 0.5601051249669715 0.980440213697469 -0.1717915832849933
2192 0.2721934753513511 0.9034322879221333 -0.1344398243913614
2193 0.1308417871387653 0.1062320425288113 0.09979796451487991
2194 0.1118107471348236 0.1090064002367956 0.09351969966360399
2195 0.1980088559501841 0.1190127360021961 0.1257377950608114
2196 0.03609158028268937 0.07249208229003568 0.05221930313467196
2197 0.3200245060784602 0.3886859575339777 0.07297193535241153
2198 0.3916420614472072 0.1822252131455376 0.1344302590951027
2199 0.3726457283755062 0.1842186602495219 0.1352442506191058
2200 0.3800938327399552 0.1668750563063525 0.1403018298082643
2201 0.3263414017249985 0.911855983062058 -0.1493693459321545
2202 1.013603071772355 0.9020785322220268 -0.06503989615821665
2203 0.3921253467351224 0.09856412415567831 0.1612510235148865
2204 0.3991155941559245 0.08110388183293553 0.1665552734859354
2205 0.4103479153071685 0.1801128948777272 0.1332984271667504
2206 0.4237661974453092 0.1934687978265928 0.1270226557616274
2207 1.023385059144052 0.8438637486172487 -0.08370741206764784
2208 0.7903243020266789 1.040957736802464 -0.1261108878189667
2209 0.7196551473441696 -0.02664394621116973 0.1352379236207301
2210 0.3785550748041406 0.3723134544470283 0.06962501771592772
2211 0.5054098034921467 0.9691875904717817 -0.1749894890722553
2212 0.4617330026305393 0.9420127733686809 -0.1679381782731027
2213 -0.0525486724605732 0.7433775677652208 0.07297932451525953
2214 -0.06526335940527164 0.7307795011559052 0.08152751829662171
2215 0.7422706323220466 1.032195921353359 -0.1421281218338574
2216 1.001230651527477 0.8560673081666246 -0.08728225772812015
2217 0.8799925053678428 -0.01468151370288704 0.06433356423042524
2218 0.2913958001308891 0.3617034262720791 0.08610159662225442
2219 0.3015783865259906 0.342995281378542 0.09093923969023146
2220 0.2825717750457289 0.3445045165845273 0.09264199814330717
2221 1.094085729081074 0.466416283685493 -0.116316375250316
2222 0.1980783445345415 0.4063232050778671 0.08412340777626705
2223 0.2123379720169544 0.4189778477093866 0.07854576873141707
2224 0.849384274097611 1.002557292604851 -0.1085864486105596
2225 0.8370827239668458 1.021022515529622 -0.1105490496797185
2226 0.8556231872450849 1.02085550334529 -0.1028094564124377
2227 0.9106436077505289 -0.008677344343372228 0.0482749471245885
2228 1.002699568651542 0.9196847590419167 -0.0627233587645469
2229 0.1489999800711748 0.8933900026831701 -0.08061236557683821
2230 0.001945692157493743 0.933521700898183 0.006355471840261918
2231 0.07160230560308896 0.2366228366356689 0.1064763449067898
2232 0.08412701523572462 0.2512480702790467 0.1087926665005066
2233 0.8469365145180351 0.9639742485825857 -0.1139161649955701
2234 0.8350433253838659 0.9486333652819137 -0.1180381623157298
2235 0.8425989082587251 0.9302309057552748 -0.117001803400405
2236 0.2383298889846766 0.4471464754771142 0.06569153321530777
2237 -0.02449604976490153 0.8748245704538317 0.03419751732075956
2238 0.6526461573218957 0.1196695710791834 0.1038142727084257
2239 0.9804928972024033 0.0277745275574218 0.004210889243272431
2240 0.5416525205736119 0.02040740171656428 0.1714666908721441
2241 0.5323288446586356 0.0400797271438216 0.1658646358187501
2242 0.2838834092675587 0.4701762562834716 0.04989368380499447
2243 0.2979366069439674 0.3928759551939029 0.07480128647946441
2244 0.01615781963336575 0.9449056400334158 -0.006085730947992954
2245 0.001577467819670023 0.9515143927697363 0.004105313035298
2246 0.4302057043241976 0.1769449654271282 0.1320292230423189
2247 0.4656487765313142 0.384193657135215 0.04957399978890264
2248 0.1018873696255195 0.1260314932514631 0.0948352404126549
2249 0.544116236991535 0.6638388970840599 -0.06706032942330439
2250 0.6553617798690924 1.021991130976607 -0.1637365432143115
2251 1.091702102721765 0.4134512420682235 -0.1119054815014953
2252 1.079160986005912 0.6110887201742954 -0.1150811608607199
2253 0.4035005239140435 0.358999814461444 0.07034073063665841
2254 1.089817507310324 0.6280693051057478 -0.1150153861607953
2255 1.086936312018041 0.592274957783379 -0.116673754129799
2256 0.0913068510030334 0.1107981814476478 0.08678712714974353
2257 0.1023601284990945 0.09319009473766479 0.08489815405820404
2258 0.0837814651528333 0.09503324446573291 0.07859679535858161
2259 0.0935129053482897 0.07790605294018191 0.07561504137977973
2260 0.530762192452626 0.3576798242327845 0.0464517917016526
2261 0.8097970518024834 0.9199314036912265 -0.123463690745353
2262 0.6855395861108867 0.1272753697583849 0.09091668511321802
2263 0.7156708181206893 0.1373922182122934 0.07768836020732138
2264 0.7382631253725678 -0.03127437789861601 0.129815548596634
2265 0.5916864316794902 0.9936748972926821 -0.1704925134045283
2266 0.4853105165409315 0.6747750003359179 -0.06410964135989392
2267 0.01832881675817862 0.04441131941911209 0.03195234286468024
2268 0.3225271002866112 0.08926662936229564 0.1590465716447878
2269 0.3000441469656212 0.09097780806581757 0.1547263778402274
2270 0.2946897965315528 0.1119257114839699 0.1505170707172533
2271 0.08166635556805904 0.9186906415103843 -0.0479504116974139
2272 1.077847707757262 0.2589762283632988 -0.08812379633240802
2273 0.9526291084305066 0.844241722034157 -0.1014413339875584
2274 0.9407801553645198 0.827750488694724 -0.1050606369642355
2275 0.433663944251319 0.3738719538860957 0.05945140123360156
2276 0.3012426733582747 0.5154840165663097 0.02982476141280622
2277 0.7545753612832823 0.1288266126752882 0.06765677476477792
2278 0.5254060010692915 0.4874050776010934 -0.0004378358447945548
2279 0.5770895676245164 0.1335397092749276 0.119596118479328
2280 -0.02681331695378024 0.5956683781778114 0.08819658385035255
2281 0.7829844617357579 0.1399010110740919 0.05413378127996521
2282 0.5565085276946335 0.6790678566947697 -0.07373098612150383
2283 0.5756011842538704 0.6774739890049172 -0.07515305661521703
2284 0.5629431235990496 0.3668561313903758 0.03621181254977018
2285 0.5499218509830112 0.515522395637139 -0.01507401766511576
2286 0.8267086861857432 0.9679310804782709 -0.1192600808483501
2287 -0.0921065363847863 0.467356349484931 0.1180324822198193
2288 -0.09743167174540333 0.4868244596865672 0.1188157764142036
2289 0.2949354571073602 0.9039489150163471 -0.1399286239851111
2290 0.6046013029479793 0.3928009343804184 0.01785081551272968
2291 0.6163145246011156 0.4069228497219072 0.01037498809473495
2292 0.6086474945121322 0.4250391739687954 0.005695090825981977
2293 0.6280427213391042 0.4211942610222394 0.002951511811657214
2294 0.6204828148950472 0.4392254678710337 -0.001646938125884779
2295 0.6126419462161035 0.3742504986162535 0.02261150189481825
2296 0.1229228166664998 0.1579370768979909 0.1077021415232458
2297 0.1331163682199307 0.173555349624886 0.1121503411853752
2298 0.4845734457293717 0.8909828506864084 -0.1468581532177935
2299 0.4724402518850721 0.8763571007345623 -0.1412241393800004
2300 0.4969464200665573 0.9057099783135047 -0.1521274035700345
2301 1.083066468695595 0.6459672198252032 -0.1131459730662788
2302 1.004299816339212 0.08710748003831621 -0.02160106649612249
2303 0.994209657692138 0.07345098545094098 -0.01352098093082629
2304 0.2267477535878511 0.9012425389187544 -0.1192952031054054
2305 0.2061294229535487 0.9097255463816457 -0.1151958846408942
2306 -0.06355899048716145 0.6051943247278698 0.09941765036198702
2307 -0.0814845237306117 0.6086529727280779 0.1054091761586483
2308 0.497507221516389 0.6897463469784807 -0.07120620487392429
2309 0.3682287872311109 0.06775789468987148 0.1693436556498497
2310 0.05917563673787626 0.2234528262815921 0.1033972264179904
2311 0.03982655375004526 0.2277435405992884 0.1011969814549308
2312 0.04629162386042451 0.2079050588549538 0.09902846843601314
2313 0.02683012776283319 0.2132526266616202 0.09686414084029429
2314 0.03251544901726389 0.1950041816152037 0.09407352481236915
2315 0.01362257952738741 0.1989824640651245 0.09170737129185709
2316 0.007441840315255497 0.2174910413852852 0.09488621963804988
2317 -0.005428481894673716 0.2031450262294469 0.08974923729021445
2318 -0.01215880270466267 0.2216151005459319 0.09324013253359473
2319 0.001196268909936259 0.1847225146711437 0.08592679306389146
2320 -0.01838513111317246 0.1889040181299994 0.08393403640614717
2321 -0.01146996995919683 0.1707115553898485 0.0795070899855287
2322 0.007589668021298377 0.1665928033686692 0.08179390348052291
2323 -0.005366334960598143 0.1529803949694414 0.07473036086040294
2324 -0.03101681207583061 0.1755655106182743 0.07785356499050659
2325 -0.04232950339366934 0.1933930455677056 0.08193296494655367
2326 0.05254043868021196 0.19019172268603 0.09686429931350848
2327 -0.05100261330484009 0.1778202369643931 0.07575943920922634
2328 -0.09019830796476204 0.522118787766148 0.1156866761569828
2329 -0.09441627708260145 0.5413157266836277 0.1156664038638135
2330 0.4454436678848357 0.388994019124196 0.05158358014809388
2331 0.7982488048373925 0.90305355323343 -0.1245788471119711
2332 0.7778928977089971 0.9029696108520737 -0.1274053762804263
2333 0.3588312026416527 0.5047716756367652 0.02319774990220666
2334 0.3701500736745084 0.5189473906208324 0.01559645446303747
2335 0.1502091715531749 0.1035732082715036 0.1065282890291001
2336 0.7421499090677449 0.7215080833543367 -0.1001592263537781
2337 0.7350989661027991 0.7388089019390858 -0.1035538338976415
2338 0.4621194521005976 0.2703475563395379 0.09286015409515919
2339 -0.08624275559684288 0.4479968243542938 0.1170682714861957
2340 -0.09650279662079365 0.4312121025089743 0.11850955766303
2341 0.4649807586615645 0.6800037295698762 -0.06357660803991821
2342 0.4843835495263426 0.3815990887030381 0.04691976737979126
2343 0.4449075479389274 0.6843430311365841 -0.06267747347821742
2344 0.4251843401794278 0.686794145400381 -0.06097889981070534
2345 1.085167528146805 0.4319299519753905 -0.1114782166024967
2346 0.005004108327887224 0.6032813304442937 0.0760411037569996
2347 0.6400858331309636 0.4352799312963338 -0.004353832930716624
2348 0.6325758241518288 0.4533571541044178 -0.008897241164915025
2349 0.6130855169101198 0.4571396267020613 -0.006300766074451916
2350 0.6521225754990668 0.449435783866673 -0.01154712991780774
2351 0.6446222948926804 0.4675547582975166 -0.01602082457201025
2352 0.7884708640388487 0.6958657897987587 -0.09767297267591663
2353 0.3405495082611725 0.5915711444635727 -0.007772548820811867
2354 0.1405759589413866 0.08555250163495923 0.09793994731074916
2355 0.1800919793803126 0.087416446626498 0.1151383165993639
2356 0.5879158344013682 -0.0007868635628297677 0.168448150207832
2357 0.9980009569829116 0.0536045702580531 -0.01083856832362967
2358 0.18467665887672 0.3920005919658009 0.089583747576684
2359 0.4824382924341045 0.2665775741041637 0.09042181821276929
2360 0.2194072585459957 0.08892877421024645 0.1309924675225565
2361 0.229389561463671 0.1061072750731251 0.1351357616674658
2362 0.2482949711349723 0.1053902575652795 0.1407273045554593
2363 0.2384143858186995 0.1221106054342557 0.1373941134733342
2364 0.2189094116876466 0.1219878777583205 0.1321398746428626
2365 0.2575882498002073 0.1210923382624324 0.1420433380864895
2366 0.2672569280903262 0.1034331001220804 0.1458495078834551
2367 0.9650567645301793 0.8590121626562042 -0.096560691605847
2368 0.5118301100138304 0.360736639340777 0.04923970364531255
2369 0.05651945705392808 0.05472862708153054 0.05048832993445031
2370 0.5443757841153395 0.2872510507931845 0.06968054048504935
2371 0.664143696843102 0.4636750073460872 -0.01861718628705708
2372 0.656651113684825 0.4818180126636187 -0.02300984378036947
2373 0.6761973686071198 0.4779578814005739 -0.02554723380575656
2374 0.6687335234043339 0.4961169779656109 -0.02985460590540535
2375 0.3496129859969761 0.8615299164965073 -0.1276649249865645
2376 0.8083096506895798 0.6927744293810554 -0.09841492012738023
2377 0.8162023011594581 0.6744516375198428 -0.09575513543961024
2378 0.1114464183843454 0.925383807714425 -0.06976732093693619
2379 0.1005721308172722 0.9121395335037081 -0.05856897454522635
2380 0.1180461399163499 0.9070786487987492 -0.06790663882941979
2381 0.1072206245511426 0.893260913314943 -0.0566775236395996
2382 0.1293711511796023 0.9206730853508862 -0.07953462713033529
2383 0.1658572015617678 0.9145182184278178 -0.0980754279540218
2384 0.8558550715964134 0.9818762270249094 -0.1091971850815471
2385 0.2782949272716622 0.1214844300209708 0.1462048585902117
2386 0.8974205288051558 0.281965171789366 -0.02626468823381252
2387 0.8902716885417675 0.300576807989057 -0.02867578882573241
2388 0.8855223178242815 0.2677639724408072 -0.01870778113275694
2389 0.02726873118479749 0.9599816458235373 -0.01698503291906154
2390 0.03234757307126417 0.9390117217163878 -0.01727509475157309
2391 0.8664549670087855 0.272005213652495 -0.0136285952750383
2392 0.2822114181025638 0.5187496499601476 0.03224275128412367
2393 0.8111003933254494 -0.04983260235090503 0.1063535890950738
2394 0.2145265770768515 0.4007157919648426 0.08363772455844494
2395 0.2265301594948021 0.431638999303204 0.07257234211228952
2396 0.8278766251052996 0.6900405648895364 -0.09924705430018074
2397 0.5194213387857822 0.02658693707535829 0.1735929442512045
2398 0.7104940932919416 0.8443480548524135 -0.1250496371568788
2399 0.8738070224559584 0.2535883437568545 -0.01105791600853381
2400 0.1467378964161116 0.3987087928816659 0.09210581662673374
2401 0.1402424087242012 0.4174428719792858 0.08855557064112532
2402 -0.03506108232706288 0.8618038736145152 0.0432832494133514
2403 0.6882661862990883 0.492302740804935 -0.03232616309959394
2404 0.680845775599523 0.5104665027659696 -0.0365414190322075
2405 0.7003891582830928 0.5066852804080312 -0.03894011372143561
2406 0.6929836831070629 0.5248759726532747 -0.04305827923344744
2407 0.7124682129698621 0.5211653432894812 -0.04537506619678108
2408 0.7051679687800689 0.5393365014823169 -0.0493915407353826
2409 0.7246321737335168 0.5356784343682218 -0.05162060607258024
2410 0.7173477667002954 0.5538516217483459 -0.05551892568002267
2411 0.7368216892500787 0.5502393834271428 -0.05765559014229402
2412 0.7295949390789253 0.5684241356765771 -0.06143742007829102
2413 0.7491120833039122 0.5648411310302519 -0.06347441620550615
2414 0.7418819499204334 0.5830565556566718 -0.06712653590770996
2415 0.7613935930821802 0.5795012374937909 -0.06904756547064832
2416 0.7685835366608091 0.5612308953363929 -0.06558342295343948
2417 0.7809253319684033 0.5759029330643577 -0.07104636002030118
2418 0.7880826474121625 0.5575955925815753 -0.06778174875092761
2419 0.7223385891641421 0.5865981479238442 -0.06527778035000344
2420 0.7541560201730741 0.5977888679364152 -0.07257146294170179
2421 0.8004182576553047 0.5723161146182854 -0.07313226130753098
2422 0.8075434319124233 0.553950089337601 -0.07006752186199437
2423 0.7932076875594248 0.5907147351877349 -0.07624841286787888
2424 0.7952625611347451 0.5393373059253825 -0.0645910579533267
2425 0.8147071769937537 0.5356854167823358 -0.06708838435077281
2426 0.7441902781696692 0.5320098285511239 -0.05395033044318812
2427 0.6734659407764427 0.5285346332334271 -0.04080291764070506
2428 -0.08512514074509191 0.5024657344785142 0.115465851681328
2429 0.08845441632083625 0.9002842721112454 -0.04716569996681613
2430 0.6481262080886609 0.2516356382484173 0.05726850078304908
2431 0.2509020492484679 0.5935559222986837 0.009945074363213
2432 0.5249224987072761 0.2910304318247073 0.07253036893586635
2433 0.5135648006366405 0.2767278022134715 0.08030253112933258
2434 0.1226013559173309 0.8873949391060001 -0.06372868947248995
2435 0.2719704076003481 0.5380693640430408 0.02694241709859797
2436 0.2591405767609252 0.5249204349491385 0.03446445708610226
2437 0.6960210758551708 0.1421131953029559 0.08230631342892802
2438 0.07463950634930547 0.07929511817251945 0.06886559324639023
2439 0.05565947467996414 0.07179361387176533 0.05853928753723835
2440 0.5740999314848981 0.3819467441421178 0.02832350428173432
2441 0.921047816865347 0.8314518212160177 -0.1075061982099354
2442 0.3381090672490567 0.9267871842242967 -0.1584567294605342
2443 0.6860339231079434 0.8133041980476825 -0.1192878284506126
2444 0.6787752813306365 0.2618889587620136 0.04538561435020761
2445 0.6901918215352978 0.2759830639989763 0.03743537142052052
2446 0.7425859831429062 0.8565088356369157 -0.1253167414612782
2447 0.2579257120648522 0.08647750906585844 0.1442221840638979
2448 -0.06571006338315483 0.4979421481621695 0.1112329858896449
2449 0.352797197451194 0.6050477779763801 -0.01555817542018354
2450 0.4527277353429064 0.8791125433931267 -0.1421807913399444
2451 0.9918534803415935 0.9679476811644753 -0.04165232672838333
2452 0.9823110233426119 0.9858441101478277 -0.03734457796258667
2453 1.00095487223655 0.9762443449418226 -0.02543020341964673
2454 0.1098702931276961 0.8745516470358619 -0.05191550237211799
2455 0.9326191349772771 0.9986582687853289 -0.06917900402660451
2456 0.8614263389473769 0.3739493080519757 -0.03865628530431906
2457 0.8494871790414306 0.3596974702798006 -0.03177715987890227
2458 0.7603044585583798 0.7691821529301097 -0.1101822092433935
2459 0.5555180309411918 0.301830009368563 0.0617679989662784
2460 0.5750464817183407 0.2985612678461717 0.05850487209553216
2461 0.1658736065264977 0.395134800687081 0.09086443825125372
2462 0.1921673677002897 0.3728434840133167 0.09371072594744631
2463 0.2746241385298111 0.4895356679211129 0.04453187826382317
2464 0.2715323181722216 0.4565807241693962 0.05690491688209773
2465 0.8270358150382036 0.5504076739771566 -0.07248128943982181
2466 0.9373215184436021 0.5481526717281705 -0.09080028592238454
2467 0.5430079806601225 -0.0003876445305103747 0.1792323497788454
2468 0.2703112638472528 0.5886339555992419 0.007628363047784387
2469 0.282405209598891 0.6026015629780381 -0.0005536676274436221
2470 0.8301810173708219 0.8274519327190526 -0.1160586686071383
2471 0.8546556976224047 0.2578249240569021 -0.005927255436786089
2472 0.6559206701506474 0.3157751766331579 0.03274737795040451
2473 0.1029465338239722 0.6614229158855952 0.0261254910830351
2474 0.1206277098573168 0.4214739814629581 0.09014158139576359
2475 0.8291442491804779 0.9153915913988984 -0.1199260579230022
2476 0.8383358946946868 0.8963079912730081 -0.1182251044742152
2477 0.9106582812816728 0.5701819314468283 -0.08965517632439911
2478 0.3173871434139902 0.7727048089929816 -0.08104074969063571
2479 0.3099746291968108 0.7900693722122778 -0.0876007745102387
2480 0.2979216234773723 0.7765465399834033 -0.07893011418142312
2481 0.3283658372448524 0.5773221572155403 0.0003198063224221122
2482 -0.007751959773941004 0.5895244473086323 0.08303800387135225
2483 0.6361596967143717 0.4027196794991245 0.007517310462616644
2484 0.371360044070842 0.7302444840429951 -0.07132840238181803
2485 0.8531234654713833 0.7193439332280489 -0.104743493090694
2486 0.8658772427866719 0.7344052802086627 -0.1068139740313897
2487 0.8856257869393174 0.7306666381519547 -0.1068392910527232
2488 0.8982382374522029 0.7461604899795861 -0.1080794348094747
2489 0.1654228126295627 0.3426457072936415 0.102541646088806
2490 0.9022704687409179 0.3149706051665582 -0.03599543387013622
2491 -0.0273068027340283 0.4891651664844534 0.1035831407329839
2492 0.5176543321641055 0.902531517807683 -0.1501301006995401
2493 0.4805815996270771 0.9406206223577158 -0.1662998387953912
2494 0.4736619644296856 0.956076690824144 -0.1728903369606951
2495 1.050297232556379 0.6859821585312866 -0.1088849391668572
2496 1.07002098040263 0.6825666532962329 -0.1092068723650608
2497 1.090738668870441 0.683470071939883 -0.108776125388462
2498 1.063128588765254 0.7011779879285085 -0.1071052063282409
2499 1.055375500863518 0.7196488740037903 -0.1050065132865786
2500 0.6729241517432444 0.1146004184479671 0.09946544429169404
2501 0.5247547662583896 0.6694851481309979 -0.06685041406754219
2502 0.7703494139462764 0.9220931489595172 -0.1300573098404344
2503 0.7583320470399738 0.9063745487855499 -0.1302953415454524
2504 0.8922498091987676 0.3848416849074372 -0.04961913158655953
2505 0.3266619572111992 0.8341642081492495 -0.1112954706866483
2506 0.3144593309941898 0.8206797391753847 -0.102774417809046
2507 0.3248519863567403 0.7549205224570736 -0.07438497214984201
2508 0.3323390559792958 0.7376505062237075 -0.06805235989551124
2509 0.1741204996758011 0.6106354499042066 0.02224237513135738
2510 0.1619431104260766 0.5971255591225548 0.03035661235579482
2511 0.1861694597562243 0.6241608716096114 0.01396743273850709
2512 0.8127870620309735 0.5871050551366154 -0.07820884892376952
2513 0.8580839627344651 0.8929936139080294 -0.1149410556782648
2514 0.8507833945913637 0.9119326177620009 -0.1158621899717573
2515 0.3834906133402128 0.7441245757275672 -0.07909899800260005
2516 1.066908331513211 0.5947006850334167 -0.114114447051372
2517 1.075087872920361 0.5762591352522057 -0.1153653254782571
2518 1.09144678600894 0.5757715799230982 -0.1177578697448389
2519 1.08481034960862 0.5584035489103133 -0.1169331045707561
2520 1.067652270279868 0.5429634368252496 -0.113687447271694
2521 1.030533709847866 0.6894301361955375 -0.1085001720604813
2522 0.2244579612114221 0.6156113771987312 0.007456549217531413
2523 0.7389343979630618 0.9098089642080107 -0.1331493175127131
2524 0.6719269041933646 0.3619579416631287 0.0131047004524918
2525 0.1011089870613153 0.4255421692294957 0.09181958531367704
2526 0.08817522294815235 0.4108054738012658 0.09614262459461571
2527 0.07502038645707573 0.3962465603799458 0.09981031943097564
2528 0.8912757682558738 0.7650915132660083 -0.1092489846210512
2529 -0.001333973667166331 0.5699647124020558 0.08478324390790482
2530 0.1037138464494588 0.8431123215961512 -0.03761371860292484
2531 0.1101531116079276 0.8245237588443807 -0.03441576954704382
2532 0.1280347795040669 0.8187596216836155 -0.04105840952398081
2533 0.6342671036226206 0.8032868264297612 -0.1169888339186622
2534 0.6020950744191513 0.7909199265205902 -0.1129984747541305
2535 0.9236544023418493 0.9852861638276817 -0.07974047588994818
2536 0.9321251548737436 0.9672175238531057 -0.08154719901277527
2537 0.8622366381130897 0.2392977890423417 -0.003272686600474587
2538 0.8698664722509071 0.2207922637540725 -0.000723028590172179
2539 0.8586709868898744 0.2061476346592097 0.007302812347890784
2540 0.850713220381397 0.224985335740369 0.004649077259504777
2541 0.8464249280043438 0.1922778344002292 0.01561009108034633
2542 0.8271464436025957 0.1969442347928302 0.02090738418630212
2543 0.8350051220227152 0.1785535449388804 0.02370842757579594
2544 0.01757886877696956 0.5652661046412599 0.08014530908928699
2545 0.6058589813773717 0.6064303353880676 -0.05521165194154031
2546 0.5973461517554132 0.6251793978166913 -0.06026443094265439
2547 0.5930906647751399 0.5902498679551821 -0.04805852159514347
2548 0.6003342167652883 0.5732574634059285 -0.04342588468844732
2549 0.6355007544890854 1.027445368838423 -0.1692369606602887
2550 0.9290022156490598 0.8115425398974037 -0.107459166110364
2551 0.9010014772412077 0.8330234739339357 -0.1099045526695225
2552 0.09800766241685975 0.6295436487587722 0.03817532612704379
2553 0.6982835003097517 0.8286865173981821 -0.1223763934724056
2554 0.9121671382069616 0.8495313226832485 -0.1077964349529397
2555 0.8808680717904755 0.8366634855982735 -0.1121085228985538
2556 0.8685967345216707 0.8213795433338172 -0.1129168510030538
2557 0.4120100968146915 0.04806934417178746 0.176778598304166
2558 -0.02133912771719165 0.4698936905649712 0.10436366729464
2559 0.8962660221695187 0.6072584311842323 -0.09315062523075864
2560 0.8343925656694013 0.5322121083287978 -0.06977322651349019
2561 0.142725276644986 0.6017672768101604 0.03396380141882582
2562 0.3748194186498406 0.9405939390449245 -0.1682039636615645
2563 -0.03114594851269335 0.8421984464110974 0.04383435344087725
2564 0.2673331249168427 0.5073202410666442 0.03937942336634544
2565 0.3118713739782453 0.5308886054605224 0.02186110948793425
2566 0.1134758537773705 0.7245536158217262 0.000297815611220005
2567 0.09515216681103794 0.7299174527052199 0.005880125546867298
2568 0.08855991477934139 0.7486207136948071 0.002362928460125199
2569 0.2978156687867927 0.3102248406460449 0.1017240812857369
2570 0.0672555305036413 0.3098489044539005 0.1078311213835661
2571 0.04772442077386995 0.3140052485847483 0.1074212852343786
2572 0.08667840986422519 0.3056940238368847 0.1084099521817616
2573 0.09257618876207008 0.286895676368481 0.1094310966578212
2574 0.1057428690042587 0.3021786781166392 0.1090728468332277
2575 0.1102041149269022 0.2822372540025738 0.1105278140626496
2576 0.09986751880068374 0.3209592056291257 0.1074561037827455
2577 0.1175356364052484 0.3174140163216146 0.1077824688391711
2578 0.7265765695022577 0.4010551370642495 -0.01238727505423641
2579 0.707239282096808 0.4048131794716601 -0.009088784245233076
2580 -0.001502726822937658 0.6226075660345665 0.07418001875767433
2581 0.4761389716634418 0.4000136106808823 0.04159389306495572
2582 0.4905808036158387 0.2484039652798717 0.09562040270117773
2583 0.1995503311366532 0.2371208582064962 0.1206124099588628
2584 0.1268796294438224 0.6879734845574346 0.008490907310141595
2585 0.7194370905907479 0.9121857193357417 -0.1358548438465995
2586 0.699931031593065 0.9142570384510891 -0.1384713278135055
2587 0.1251592946467167 0.7377054847588272 -0.009146920134396582
2588 0.6212953005934387 0.2731696773107379 0.05653185610882656
2589 0.5947634167898825 0.808701962357056 -0.1182295875977026
2590 0.5873074503094643 0.8264241651944332 -0.1235699456593883
2591 -0.04107597794972628 0.7574497949453571 0.06448341174396267
2592 -0.06021595195943822 0.7627051472090841 0.07393891451263272
2593 -0.06309897062752207 0.7829137046717851 0.07248380810519332
2594 -0.02379547710700272 0.7515803064905291 0.05647308234906052
2595 0.9351498666781189 0.4103614062865182 -0.066629466063471
2596 0.7383224274487102 0.4154966326498095 -0.01947893871103763
2597 0.7576819843050995 0.4117565741582158 -0.0228454779648831
2598 0.580151463614314 0.9777386193303161 -0.1680909570955195
2599 0.9034955905019517 0.5886967405863293 -0.09138243248184495
2600 0.8981032273057938 0.5551544709292081 -0.08521794117016582
2601 1.046763104487365 0.2487658722377145 -0.07347361277505511
2602 1.064375870365603 0.2442687324915158 -0.08008499389220539
2603 0.2522423682810279 0.8799182327907842 -0.1172045131772547
2604 0.3955778823513674 0.758046787773146 -0.08670176033499563
2605 0.4030697203579899 0.7405910136810755 -0.0802470597278043
2606 0.98488994391277 0.1437361909388239 -0.02561072829619759
2607 0.587031278112601 0.9604039281129213 -0.1623884216371378
2608 0.9210953292750957 0.007802964128635057 0.03862580872442845
2609 0.9139601399553987 0.02632094011313484 0.0367017081795336
2610 0.9403819745203623 0.002684941383265157 0.03075285990692386
2611 0.9502524796963855 0.01799906541937828 0.02182215970406814
2612 0.8958536223166375 0.03080995495487739 0.04357748449218696
2613 0.1496397710967154 0.5835663055615745 0.03830107825121785
2614 0.137358778465491 0.5699021734525371 0.04602101803609077
2615 0.144173299284014 0.5516156567788553 0.05021678409109793
2616 0.1250331647098293 0.5561654197788969 0.05348715686268478
2617 0.9780764039902536 0.1624004795800422 -0.02703608215119289
2618 1.017864418353342 0.674036453741937 -0.1087866280717318
2619 0.9981947491465677 0.6772920405269549 -0.1079449617030969
2620 0.8886929616169131 0.04928503846346203 0.04128610815357577
2621 0.2900614334619297 0.3277863904351601 0.09705337356811661
2622 0.2712486872338907 0.3290236231203166 0.09851307213410056
2623 0.7057165584222712 0.809899609869575 -0.118268746397001
2624 0.7200519826039105 0.5028457434718584 -0.04143420156424198
2625 0.151027336662846 0.5333366705097677 0.05443405855062043
2626 0.7308999180505577 0.4336397622826476 -0.02324287340976169
2627 0.9179717867764543 0.7430111468242055 -0.1078434134352779
2628 0.9109604763756561 0.7617542290056937 -0.1086498419691588
2629 0.9376727410233805 0.7397793875368137 -0.1075900539855014
2630 0.6721022260131272 0.4452475103476344 -0.01429597417968438
2631 0.8357650030250978 0.2618752390581532 -0.001006834310933329
2632 0.863714798796801 0.323176539147762 -0.02635714771545653
2633 0.5626651544399169 0.05181425761061332 0.1544764414248934
2634 0.5432082741941247 0.0549400517310278 0.1578066605340366
2635 0.5237974861819957 0.05799765780007964 0.1607469742388047
2636 0.3057586878199806 0.2925571405518329 0.1064388669715835
2637 0.7024003989272638 0.2898204483102043 0.02945203931903495
2638 0.9855263649670941 0.9241757181233874 -0.07041084775420819
2639 0.9934701810688545 0.9377282082622483 -0.05921303900772264
2640 1.061020768962888 0.5622973588185974 -0.1130491275140586
2641 0.7618909319883848 1.029001655237541 -0.1361615438342063
2642 0.8168329242802413 0.2659538672709246 0.003750624583129091
2643 1.028555803985795 0.2530876861299728 -0.06689989247423091
2644 0.1945546927684632 0.8947926518485736 -0.1033708591122294
2645 -0.002020574675074271 0.4656458064215356 0.101271800004702
2646 0.7321757776775732 0.5173771002902516 -0.04779847788310745
2647 0.6481619933240771 0.4168678699170809 0.0001163870455029442
2648 0.6308206124333264 0.9899868229444484 -0.1627878664881669
2649 0.9220978112987218 0.9524924291658668 -0.09032341868631492
2650 0.2165770472777783 0.7623798353899159 -0.05160401669417973
2651 0.2283243257386918 0.7754757261417271 -0.06096310353055499
2652 1.053433505579138 0.2299299046546998 -0.07298729853570367
2653 0.7123312647060243 1.016136326180276 -0.1493970690553516
2654 0.701878386414135 1.031929291556256 -0.1534642278056986
2655 0.6978332726919417 0.5574492758840067 -0.05345309461919438
2656 0.6381206623528776 0.9721809063307539 -0.1578207482157496
2657 0.8466581913180385 0.5471684060181009 -0.07508206747354323
2658 0.8417689334624305 0.5139000889175553 -0.06710305949750216
2659 0.000959591108464046 0.2361417444707096 0.09772551191360965
2660 -0.01859002521160615 0.2402110755137612 0.09648291858897323
2661 -0.03148887969537765 0.2257273249229244 0.09201880444732209
2662 -0.03805452213341839 0.2442226323793631 0.09560700021000532
2663 -0.05101787866076977 0.2297245278617253 0.09114919804258824
2664 -0.02511609442393565 0.2588462007432373 0.09942705377103717
2665 -0.04458821751657768 0.2628594356395482 0.09893812906033704
2666 -0.03153170705472316 0.2775251598224547 0.1021113138777897
2667 -0.05068004930950027 0.2815650335454479 0.1020244652745443
2668 -0.06405744542600808 0.2689518217588333 0.09922934678293713
2669 -0.03796130330101865 0.2963836697578339 0.1045637222492551
2670 -0.05712606444777413 0.3003298151755092 0.1048463407968263
2671 -0.04430812057456851 0.3151948446928969 0.1067726488641565
2672 -0.06305618283091587 0.3191046072909131 0.1074288794998804
2673 -0.05071916412656007 0.3339341000058966 0.1087607866089228
2674 -0.07478003713231382 0.3067569459922753 0.1058253882675156
2675 -0.07059483313918825 0.3374489838513359 0.1097959956987356
2676 -0.05752719805118282 0.3525108269337527 0.1105710758993887
2677 -0.07719874562618487 0.3557195994224052 0.1119775466659632
2678 -0.06374290342409057 0.3714099501537811 0.1122148049862006
2679 -0.0436412351786727 0.3678826409952532 0.1105961352269574
2680 -0.08412864915570947 0.3751174107269274 0.1141346063368124
2681 -0.06919580679499159 0.3906631472034686 0.1136408883422085
2682 -0.01801854454430209 0.2926870427802299 0.1046367874484014
2683 -0.005536842628703617 0.2546497738389165 0.1002432564886687
2684 0.2069509934216726 0.2194691561858436 0.1235375932667222
2685 0.6010058733235384 0.04505206939377607 0.1470696311285288
2686 0.5818758061089842 0.04849120598202352 0.150910168643808
2687 0.5735995309645153 0.06617652740822175 0.1462220955636567
2688 0.2053354771443406 0.4374489744006149 0.0740011122377027
2689 0.07694563347302311 0.7355149892321415 0.0118348711804561
2690 0.07055352986125948 0.7542294167627597 0.008729639828622952
2691 0.9764724188309808 0.9421809282810474 -0.06757457294571856
2692 0.5747378103834668 0.9449044355521105 -0.159493146553744
2693 0.5821643799415771 0.927390071171224 -0.153691798633298
2694 0.09128025152281923 0.1428728835517766 0.09584008309380526
2695 0.6447015022758641 0.103072277544072 0.1123559229284871
2696 0.4321639662373943 0.7999598174171014 -0.1083042401593487
2697 0.4125094787653905 0.8031339952862859 -0.1079133907957997
2698 0.4050884135311403 0.8204688618050218 -0.1147243578759266
2699 0.4444930529841469 0.8141814499443234 -0.1151081861425823
2700 0.01416542758766476 0.8935987565652245 0.004403424749147702
2701 -0.001180672506287327 0.8992924297371493 0.01408295983220123
2702 -0.01323732556629599 0.8876031462557284 0.0244460834165112
2703 0.3881747038706977 0.7753454333670753 -0.09323055633914304
2704 0.4078410199917973 0.7719126906216057 -0.09409908922532442
2705 0.02273856800253977 0.6505560540457405 0.05871455282820549
2706 0.02918521016460712 0.6314125287472202 0.06111880139346059
2707 1.01007397958862 0.2573057825212635 -0.06048844345913534
2708 -0.0384796065942551 0.5807199739870457 0.09446266527562937
2709 0.5995930145406806 0.8415512392860734 -0.1279588576101177
2710 0.1980200597072271 0.4560770686515274 0.06945684047386777
2711 0.7502633721079144 0.4299600240393616 -0.02644939740010427
2712 0.7695753039799558 0.4262081689951277 -0.02973737962800491
2713 0.7621940550515702 0.4444165697792216 -0.03323162729173452
2714 0.7547325221207418 0.4626148631004873 -0.03677012243044936
2715 0.9815655733378909 0.5751189475031597 -0.1012333510615711
2716 0.9885936661668686 0.5564640342488637 -0.100603983385459
2717 0.9760161209971352 0.5411044236546578 -0.09676326485005102
2718 0.9824125993376176 0.5219650874938768 -0.09571783125752607
2719 1.002042391723147 0.5186715794722141 -0.0992668667203131
2720 1.008527803327854 0.499507701479721 -0.09855308522260489
2721 1.029409302848615 0.4971233528831643 -0.1029228197128049
2722 0.9956201170682137 0.5377995079696011 -0.1000040450225076
2723 1.008053008230063 0.5530420335264825 -0.103627459350334
2724 1.021202583947026 0.515312570727026 -0.1028531583750517
2725 0.279043986089568 0.1421877101182142 0.1432074303057576
2726 0.6960518081882359 0.4739251530025364 -0.02818466398494752
2727 0.2939642470919497 0.2774998036309105 0.1118183928583732
2728 0.2821458950585123 0.2622786693293445 0.1166834723982193
2729 0.2899395980708075 0.2444259665997754 0.1212047712627021
2730 0.06120906060336202 0.3290161504520132 0.1070532258938701
2731 0.04155975871689831 0.3329774300099162 0.1070896211648301
2732 0.8837523492199251 0.5921934307388614 -0.0891539078693538
2733 0.7651472149446102 0.3935618855570906 -0.01931969156319436
2734 0.8739374713285954 0.0859951692104288 0.03661533796045172
2735 0.8666541506167881 0.1043628387821732 0.03407977989907921
2736 0.877814310121382 0.1184946197783431 0.02549424703753132
2737 0.2472209408070736 0.4272690938281778 0.07082772999715596
2738 0.6682521678454394 0.900704972235935 -0.1391806038004074
2739 0.06866183610213801 0.4150957404290245 0.09769086972352133
2740 0.1166146777463398 0.8060124852996227 -0.03084894901051802
2741 0.09868660468008872 0.8117656851768889 -0.02410713137578926
2742 0.08732704292764161 0.7989912132255956 -0.01402240931264976
2743 0.08105231762580663 0.8176638721169577 -0.01691831028376336
2744 0.1232337273932331 0.7875675932952153 -0.02702960066841281
2745 0.06364174370529085 0.8235203889271188 -0.009221697928315734
2746 0.429550340546172 0.04184237671614457 0.1784909048300498
2747 0.4270372170386109 0.06042107208024732 0.172433039149908
2748 0.4115748418011721 0.9529892487239882 -0.1745714081131458
2749 0.4088959381214098 0.9340088481257587 -0.16579440314065
2750 0.6314719218662135 0.7194126509745744 -0.09310467019301935
2751 0.6512178962856028 0.7163406208803076 -0.09353670109677838
2752 0.6118797771415349 0.7225513989561549 -0.0927216186110944
2753 0.643880867673684 0.7342679032724666 -0.09814596923296671
2754 0.6045056388267025 0.740455351506482 -0.09775461155832293
2755 0.6708733892657358 0.7132877624901846 -0.09399310078786935
2756 0.663562747591552 0.7312686905498427 -0.09839477804371213
2757 0.6584877949513389 0.6984080705372039 -0.08901368526616563
2758 0.9040377806653259 0.3995914810800895 -0.05610245739080502
2759 0.873122066530752 0.388722809471633 -0.04540049196056298
2760 0.9231391976896727 0.3956865826936766 -0.06040272850788461
2761 0.6392276599549614 0.03791179787619038 0.1385702395037516
2762 0.620166135120491 0.04152469567540115 0.1429375114731777
2763 0.6121058420636873 0.05926712210952167 0.1384781302985928
2764 -0.04507537356706937 0.2120251519005916 0.08704515656078007
2765 0.9402105549384815 0.4436746435104568 -0.07428390515857966
2766 0.9472414525712071 0.4250744515936678 -0.07263371025419156
2767 0.9524099623693021 0.4585102610289679 -0.07987135260832143
2768 0.9710035324742807 0.181024817007117 -0.02846539166322511
2769 0.9639327889572729 0.1996173281550304 -0.03000185032068971
2770 0.0001359601422364839 0.7778193193789966 0.03804696784489796
2771 -0.01169717600840037 0.7648937694524145 0.04730102321262616
2772 0.2501829043459491 0.4613708603147463 0.05890214325909419
2773 -0.04967957336384457 0.6730188583210569 0.08357703917660017
2774 -0.06606128672838121 0.6792013013659233 0.08977524318993674
2775 -0.06226137269185432 0.6596581169957335 0.09108897908633803
2776 -0.0799829664682541 0.6667706050419914 0.09762283498907415
2777 -0.07381823311809167 0.6456972064877188 0.09785469503423848
2778 0.4292684905775822 0.9588641709639913 -0.176725605151385
2779 0.0350786742807996 0.6639360319512907 0.05049371865896864
2780 0.229048212070587 0.854409609188548 -0.09765555094207155
2781 0.2365638850595366 0.8367348808181488 -0.09167339339039898
2782 0.2176000649250627 0.8415808912934575 -0.08779170184305175
2783 0.2147595292440026 0.2015025766530356 0.1265456243611577
2784 0.5799012944089746 0.8440932936507524 -0.1290312415629865
2785 0.5676006322240286 0.8290853428761988 -0.124399564481814
2786 0.5601559311380765 0.846690078727349 -0.1300917634867172
2787 0.7763133204196453 0.679964884772136 -0.09365039903736214
2788 0.769068462031964 0.6990792382021112 -0.09703441058596912
2789 1.005219290966852 0.6586312594313003 -0.1082446782547819
2790 1.012166397560208 0.6398691199278153 -0.1085340860745391
2791 0.9856031118712671 0.661818194216331 -0.1070402907206027
2792 0.9785332649530404 0.6805103921040396 -0.1071083599574909
2793 1.021764234990667 0.7607214233645991 -0.1021510179221195
2794 1.03433717762453 0.7757562245514009 -0.09805909137361662
2795 1.054597731003011 0.7697066250666464 -0.09594704556081761
2796 1.046540070069268 0.7905362496009326 -0.09250024047918758
2797 1.041181494024865 0.8087812912782374 -0.08889774199688616
2798 1.014641176677114 0.7793325845128866 -0.1003312834376491
2799 0.1909592691280656 0.4744240171722208 0.06496056348121901
2800 0.6539686994472171 0.5321603276261546 -0.038617363685135
2801 0.6613725268790681 0.5141505737987959 -0.03420915379196822
2802 0.2701603474455575 0.2467889378940791 0.1209669117230344
2803 0.4939535893194671 0.2806731065277761 0.08286477334396623
2804 0.5042162378158834 0.06126527606033975 0.1632004224808202
2805 0.9250425627420799 0.7243189571339723 -0.1070455428963947
2806 0.01744422189180698 0.7717395688789488 0.03021451495684342
2807 0.8962914806032697 0.1141895922995959 0.01933034490472034
2808 0.9074770141946157 0.1283729075525445 0.01083317123090548
2809 0.360875955670162 0.1689369546956107 0.1405934538692865
2810 0.3530103333889001 0.1865377232563737 0.1355847296371167
2811 0.3676973901782543 0.1520716209049813 0.1454696081129348
2812 0.4512986259771542 0.2552777917246051 0.1003786084988406
2813 0.8601768574235803 0.700583305401006 -0.1026963066311285
2814 0.9569598961772557 0.2182221750381393 -0.03168197029696026
2815 0.6492438028804046 0.4998334587550226 -0.02744469398698109
2816 0.904751493865949 0.2635799483652517 -0.02404489328036898
2817 1.014965330888384 0.2905568627803539 -0.06868025838442907
2818 1.003224502353692 0.2759882980891941 -0.06157999518656962
2819 0.9911197728999341 0.6959778603818741 -0.1076376397676543
2820 1.015496189349225 0.9422154780113997 -0.03913763138608181
2821 0.2750387158996686 0.6210491238420496 -0.006449147032834716
2822 0.2676915812455553 0.6387212849068075 -0.01206267279852889
2823 0.01100500152320779 0.4801445393521852 0.09693362452565348
2824 0.5921349500720772 0.7257792317266434 -0.09236813793388665
2825 0.6576466349404253 0.9702522842223474 -0.1542692821803903
2826 0.6771471858393519 0.9682431725757036 -0.1506617104633232
2827 0.2047398293527682 0.7492063634719229 -0.04219353211840568
2828 0.2119852418673308 0.7314553029500422 -0.03677931161843787
2829 0.2192942931027455 0.71374888269326 -0.03134109850989294
2830 -0.05246255309601204 0.5126524811763341 0.1069207087445357
2831 -0.03944755523850929 0.5271539979131395 0.1021017752016329
2832 0.569880410210841 0.9120576949881374 -0.1501884883796375
2833 0.9002181617126497 0.1468111981362218 0.008626156398836501
2834 0.1593893444603456 0.1202394863921737 0.1130454745741145
2835 0.7978639578159793 0.2700240655305064 0.008358905317800321
2836 0.5995917087145265 0.7080190482426806 -0.08728632900992304
2837 0.9331966998010975 0.4622763190930769 -0.07599127509797447
2838 0.6502726353895554 0.05197771657357151 0.129803188733594
2839 0.8080603546407307 0.002002389859704806 0.09023120580955882
2840 0.7970907003065295 -0.01175163499046166 0.09938707818191511
2841 0.786319128382261 -0.02498654496750953 0.1083555761101266
2842 0.7786464015134349 -0.007534032223417824 0.1054446372428164
2843 0.767855488245317 -0.02145320635079184 0.1146281035704297
2844 0.7762687662802668 -0.04073782455983796 0.1179717131979915
2845 0.7492209042796248 -0.01740676077271047 0.1205609853632162
2846 0.7571108333741902 -0.03553002802451683 0.1239145055300412
2847 0.7617842050642328 -0.05443100886550516 0.1287626841996377
2848 0.8004901809181052 0.02019431514565392 0.08722576924242825
2849 0.01901684293343848 0.8742374126866583 0.005066195863326671
2850 0.03032182581938393 0.887016015088983 -0.005273450080992112
2851 0.04670667869490946 0.8806041326022486 -0.01466274906426342
2852 0.2311202528136219 0.7269874168356149 -0.04034066109515951
2853 0.06984455414064662 0.1106697549548911 0.07950162833705032
2854 0.2899646631438855 0.1598363388639253 0.141202311473924
2855 0.6485960140624045 0.9030111108200831 -0.1414370214834615
2856 0.4131990561659653 0.8833478582982368 -0.1429522912975618
2857 0.02913947102109908 0.7847130254305443 0.02064369679317579
2858 0.02351534726393729 0.8038203606625579 0.01881628662536524
2859 0.9498679444190534 0.2367982313438874 -0.03340404430968821
2860 -0.03175633753605438 0.6672856164630764 0.07694675934361334
2861 0.8057934386286298 0.7969101031351593 -0.1140886184253016
2862 0.7981143176490426 0.8148778258126829 -0.1165521608771803
2863 0.7853596829129239 0.7996369736872649 -0.1149593034906834
2864 0.9745188289457652 0.5937984356827114 -0.1018900569135115
2865 0.9940616773458786 0.5904457947121231 -0.1043068228009709
2866 0.153082856597819 0.1722152174563399 0.116693888890633
2867 1.002956220462041 0.1393330209051885 -0.03265946188347203
2868 0.07886433753732605 0.2719455317453819 0.1087733863601761
2869 0.6960890938460708 0.02656804086208701 0.1241486593602296
2870 0.7149107012702983 0.02264940944814455 0.1189416734257207
2871 0.7258513030373359 0.03661207677039369 0.1099604703544095
2872 0.677269225722698 0.03037029386155682 0.1291584717848237
2873 0.6692597577486068 0.04828920038996071 0.1251155842827873
2874 0.1992668121780523 0.1515589330903012 0.1270161252982928
2875 0.6297393972673372 0.5035109821190251 -0.02509721166890753
2876 0.6371824219927725 0.4855527321232747 -0.0205323590915085
2877 0.7301758190532436 0.8409596656913846 -0.1234877460599643
2878 0.9657060039010911 0.9895917204837053 -0.04981298861417092
2879 0.02411432008873371 0.8550437018510202 0.006032384444025915
2880 0.7788626958395337 0.2740706949145876 0.01282559282638413
2881 0.2388387779460692 0.5798938011994325 0.01796921286318147
2882 0.6251348633152951 0.4713173029199041 -0.01347932640947069
2883 0.7256631469812547 0.3181627158839169 0.01390471202688895
2884 1.022051677984561 0.1358385172953023 -0.04073167150095247
2885 1.008052989981093 0.3092609587839861 -0.06966107439751412
2886 0.9304280524018644 0.3770858617303082 -0.05852037336008145
2887 0.9486768942745512 0.8081889117076981 -0.1054663169608369
2888 0.1270824362899676 0.4027808370785323 0.09335683010291262
2889 0.6980470282478867 0.2579513168148485 0.04139713966858181
2890 0.6873812659338338 0.1610216320557968 0.07826508999544581
2891 0.03183223276158002 0.1496949973826409 0.08184106530713546
2892 0.2859113068969434 0.7628666097259216 -0.07007610712127157
2893 0.2784032019772867 0.7803238344866867 -0.07636681990620313
2894 0.2590810405255455 0.7843633860140253 -0.07350851116824346
2895 0.7769772769609467 0.4079959968863323 -0.02631074694463146
2896 0.7862765138285945 0.2558343272773125 0.01620897547486443
2897 0.01971368761681981 0.1809756027202224 0.08828611009758816
2898 0.4729552291489907 0.6605221609288165 -0.05706686377815365
2899 0.8785689223667896 0.7497969879545301 -0.1083493945027861
2900 0.2818326329720169 0.1778385818086181 0.1368897077990252
2901 0.9943589158353932 0.8368854345822745 -0.09378539983314008
2902 0.03347321422281761 0.2466893594752135 0.1029209063013887
2903 0.8184322627806637 1.022564136539745 -0.117504678583158
2904 0.02038789570484571 0.232044877558384 0.09930674687249567
2905 0.2503365171786388 0.7226467371862531 -0.04355374502233487
2906 0.1789800172027076 0.6423225411115757 0.009049322713361084
2907 0.9146554142965677 0.1098872691106715 0.01298314024175213
2908 0.925853610796913 0.1240708826794214 0.004475649301709936
2909 0.6371327748946778 0.2370075845541701 0.06543733896616069
2910 0.4332229728051221 0.8811664088384989 -0.1426670263234538
2911 0.9572733711258702 0.9130414157808151 -0.08691567532795721
2912 0.9758673382361267 0.9099899420262569 -0.08036571049127852
2913 0.2387265466648684 0.1481969588376682 0.1357187331545956
2914 0.9674544739014154 0.6124514093282527 -0.1025678138139757
2915 0.7251474849110888 0.1527141190664346 0.0692882079158202
2916 0.645606064456797 0.9543706087699287 -0.1529716028555045
2917 0.315100814602991 0.8983954811358156 -0.1408346345079567
2918 1.011302135294635 0.3947684470514684 -0.08526288735914835
2919 1.023419209591839 0.40956853678049 -0.0909990417475134
2920 1.04229554135505 0.4055881186942114 -0.09602161019891371
2921 1.03561694923751 0.4244080990217736 -0.09646202031578016
2922 1.047958911512755 0.439238783691753 -0.1016384628249559
2923 1.028997995118036 0.4436018660057801 -0.09701237220046198
2924 1.041964921432483 0.4589819881688367 -0.1021460024993669
2925 1.022751890486396 0.4633820534125161 -0.09776294274712856
2926 1.003138380770068 0.4659980054384171 -0.09325063740092235
2927 1.067206120430837 0.4367937514059315 -0.1067494540543733
2928 0.7778574751979992 0.9927720901370061 -0.1316312726777686
2929 0.769845648483326 1.010705971114797 -0.1338643235687945
2930 0.9573517865149279 0.7365149114370355 -0.1073117973849542
2931 -0.02678033427687055 0.1565514790339542 0.07199161601455401
2932 -0.01698599229063304 0.1390827410787104 0.06729630543653893
2933 0.002120348481212455 0.1366914783830223 0.0704237190308814
2934 0.9494430394254282 0.3732095809968506 -0.06320714141176309
2935 0.02390590127225077 0.5465067201493041 0.08226551561576677
2936 0.04301431992104619 0.5419115120486225 0.07822163567625837
2937 0.9503049377341504 0.7552131435555893 -0.1073678828608513
2938 0.5724629120777542 0.7288934989914839 -0.09198634525115952
2939 -0.01931312213028625 0.6806982079932746 0.0689620653451966
2940 0.9819376217182041 0.05970094105162291 -0.00424017635251432
2941 -0.02618678618041295 0.2073736983896544 0.08799737524828749
2942 0.8127073003506351 0.4516370281219509 -0.04628247315514049
2943 0.8007878593794082 0.4369985346500105 -0.03980260894164369
2944 0.7888569076175999 0.4224477516159151 -0.03313492382957981
2945 0.1123288453630105 0.1418047621802405 0.1018313839652523
2946 0.01120893661094116 0.5322591894566214 0.08834314540069954
2947 0.66589820726327 0.6804314359920114 -0.08457810332789409
2948 0.6536476803831365 0.6656680723086329 -0.07921344000984912
2949 0.6879126939823996 0.8984529752004498 -0.136912349240981
2950 0.9761580608580629 0.07813132885160755 -0.005946249647838728
2951 0.8813272464926502 0.06769882781443277 0.03898377718796647
2952 0.3518696162230505 0.7340589560442141 -0.06986424360362765
2953 0.7373312539723073 0.3323937856867914 0.006287471792889198
2954 0.7565240049665514 0.328571706391258 0.002367965471528656
2955 0.6738600825045395 1.020152714952518 -0.1591625591812161
2956 0.961355861918657 0.2511996997165004 -0.04094775360544076
2957 0.9684457232106629 0.2326736258160996 -0.03938836156800999
2958 0.1549056430276917 0.6152636977331003 0.0258428404378994
2959 0.9161406740152265 0.8849737197137151 -0.1041169072127653
2960 0.33315862666634 0.1889322115700987 0.1354795811365301
2961 0.3451973825621409 0.2042092608067528 0.1306075315716312
2962 0.3649647897439838 0.2017008681743337 0.1302035059195304
2963 0.7278245532131445 0.9804176880508451 -0.1427042455914208
2964 0.7200383401161671 0.9983205433017979 -0.1460098754081083
2965 -0.01516283820000487 0.4509342785340127 0.1050381828658271
2966 0.842188091062592 0.3780358101529778 -0.03455155874269992
2967 -0.003683760059573084 0.3601900461586339 0.1081089361377597
2968 -0.02373650117898991 0.3641281623190749 0.109235360780255
2969 -0.009726385197264813 0.3791633067507542 0.1082972508667292
2970 -0.02883686722013583 0.3834358623089114 0.1097773408651867
2971 -0.04912729759353152 0.3869924950601984 0.1115941995539616
2972 -0.05663606767248541 0.4057660527349795 0.1126505901638995
2973 -0.07430908383136156 0.4101363378389 0.1148515666032703
2974 0.7332134016182811 0.3001255369550164 0.01766042021463391
2975 0.7215987646917706 0.2859257432775369 0.02547895823853323
2976 0.7747013067022028 0.2417227559599808 0.02415995097768453
2977 0.2406506153055318 0.8671181027811501 -0.1074545886605529
2978 0.2597942396333793 0.8626704917496093 -0.1108659976593446
2979 0.4801223174890194 0.6428608016157592 -0.05126209717604349
2980 0.4676944333663009 0.628954406421101 -0.04415278197302901
2981 0.48723173113087 0.6251502504289517 -0.04552425020535643
2982 0.4748579695114691 0.6112406914457604 -0.03840495046544237
2983 -0.01597793004461339 0.3982651469267778 0.1083611175183913
2984 0.003451352634594056 0.3940543922654409 0.1066700439933453
2985 0.02358675776439164 0.442345884539588 0.09988114669046888
2986 0.01727012529343838 0.4612265221118297 0.09842874697222488
2987 0.03023301535574327 0.4757810254535884 0.0939157674075361
2988 0.04697727099235356 0.7280986778848082 0.02754903620611881
2989 0.06505382354504158 0.7224668015642219 0.02118000491756972
2990 -0.06702555977957694 0.4443539819324888 0.1138777827008607
2991 0.009668869731866089 0.3751561090091083 0.1070175094033929
2992 0.3397763543842806 0.7201952478758655 -0.06171601980336746
2993 0.8094743527067929 0.2842565080188019 0.0006262367967886928
2994 0.8211657060840128 0.2985427716228272 -0.007000664651273476
2995 0.8021632644844103 0.3025133478423601 -0.00256671939327293
2996 0.4215508442124699 0.8661460096398514 -0.1357577764144745
2997 0.393235373812418 0.8860580251190564 -0.1431823336831992
2998 0.4470869494463755 0.5029132358060509 0.007897093455538944
2999 0.034440707171099 0.2991552295200053 0.106917264587012
3000 0.02818028151037687 0.3180545934677311 0.1072094707634571
3001 0.061873373826352 0.3815764893077722 0.1028024532930448
3002 0.05552723371110255 0.4003888446146774 0.1011501369834589
3003 0.08134489650964775 0.3773813492270247 0.1018644755782243
3004 0.1255965492867131 0.3510837439805701 0.1030173238698672
3005 0.4889440512170136 0.9232309534130668 -0.159103192637742
3006 0.2265501536584273 0.2176489170382409 0.1254822573294141
3007 0.2344246364427064 0.1996693078005423 0.1289240579639072
3008 0.1840565024991572 0.4925747300518991 0.06050071681870537
3009 0.2034224557806151 0.4884082481011374 0.05817902478240278
3010 0.1965255425565045 0.5065247626524505 0.05351087138377837
3011 0.07489046999768145 0.8363474718707425 -0.01945384447258084
3012 0.09234767579879236 0.8304010139326884 -0.027161195165724
3013 0.621828192168189 0.7881843454002024 -0.1126156068446647
3014 0.6540323221704486 0.8001694582910631 -0.116258997746455
3015 0.6323473157938235 0.5860772166836217 -0.05232664775270321
3016 0.6438769117469022 0.6005653840842431 -0.05848234496540736
3017 0.6018024713292864 0.9252377697918339 -0.1512350877049271
3018 0.9454108720015896 0.4771307670991365 -0.0813853159316065
3019 0.8622493493455808 0.9272276747493127 -0.1126909592817589
3020 0.7627616421575882 0.9418539232538545 -0.13282431776512
3021 0.3599287401503358 0.5862219002109901 -0.009239835828148104
3022 0.3650980470313094 0.6181361071320127 -0.02316084028295807
3023 0.9035400849384748 0.9554480912456902 -0.09682039399760267
3024 0.9115322831126993 0.9372037622506991 -0.09761090349656965
3025 0.9139672950122857 0.4660702775522045 -0.07226424408092849
3026 0.9068765563158321 0.48462463274308 -0.07423902772989867
3027 0.862195216534911 -0.01057794384645372 0.07110229389766135
3028 0.589566433256053 0.9097807741942597 -0.1480398347768835
3029 0.6635243275155233 0.2978558040341678 0.03700774740515151
3030 0.5276251087472625 0.9664831485349603 -0.1715575818708694
3031 0.518525646389589 0.9840326155452939 -0.1787013634148507
3032 0.5400360980160404 0.9821403727809546 -0.1751567562775871
3033 0.5614845495841633 0.9981258981020256 -0.1768010281042349
3034 0.03657834421309267 0.4569060561531296 0.09578407463559103
3035 0.6487553938215678 0.1693474419273119 0.08673027879826545
3036 0.6410828801185036 0.1872229396903045 0.08239035763198173
3037 0.8127090721062893 0.7783901712842316 -0.1116293298369656
3038 0.02900607620853295 0.6827397209287124 0.04794862955281399
3039 0.8557050995366656 0.007296363252150201 0.06835808218424982
3040 0.306526465229815 0.1254906946251765 0.1497789923395703
3041 0.2723744890529914 0.6698828361499818 -0.02615535429243352
3042 -0.08199255479233616 0.5548846722405869 0.1110288332595965
3043 0.8320038175840284 0.4479237623606252 -0.04967028631538799
3044 0.1848948659227323 0.2690600393292645 0.1152683549598848
3045 0.1970128333733845 0.2839645057410402 0.1130106106746377
3046 0.215717776692695 0.2833246411429348 0.1131090521091683
3047 0.04939827056641585 0.5231290885897358 0.08078008277747487
3048 0.09428799897355486 0.495634507202241 0.07729988662662005
3049 0.1009041216271966 0.4770901230924786 0.08051235963556939
3050 0.08157889452286156 0.481390080057695 0.08312967974953198
3051 0.1202068120365694 0.4728507670666182 0.07805638207890783
3052 0.107452771184639 0.4585973916156825 0.08372714318431701
3053 0.1140246337739667 0.4400806512829125 0.08693517577757474
3054 0.08811459876067232 0.4627902603001275 0.0860318485662106
3055 0.1396009695365698 0.4686202563666172 0.07573693462223867
3056 0.0962248680871023 0.679810253065625 0.0224052925070918
3057 0.9447346296485405 0.7210597462224873 -0.1071501059730602
3058 0.1126873510181804 0.5422307639742752 0.06069318832437409
3059 0.1328262954400874 0.4870397523158441 0.07195775648697512
3060 0.8023093253509431 0.8481705117073829 -0.1198969417297785
3061 0.05550000395363754 0.5559107629639614 0.07165351517612098
3062 0.3566839517053501 0.1362681173369905 0.1502228587976848
3063 0.3766083521806265 0.1337808405688674 0.1507786172167406
3064 0.1645332837890495 0.8078677088241879 -0.05282374791645485
3065 0.1462420099973085 0.8132164071985979 -0.04723559432743601
3066 0.07861741365837763 0.6346148978386871 0.04300803984934459
3067 0.06682818368118158 0.6207876284986193 0.05101344539646149
3068 0.3220056292540875 0.8035837921231785 -0.09611488882628844
3069 0.3024377509032093 0.8073000131284994 -0.09415011439026799
3070 0.1182864879888338 0.5744413603980536 0.04957502270742458
3071 0.2001891856911348 0.7182798344803923 -0.02764131622917664
3072 1.009279940047075 0.7454630838302931 -0.1049379203032665
3073 0.1688377769528524 0.5789984890460296 0.03494919531645276
3074 0.2061672216853123 0.8286708977251952 -0.07786878598403371
3075 1.063664078813847 0.6486452954947237 -0.1119563685328078
3076 0.8137977683989294 0.9536703477076245 -0.1229288790066123
3077 0.5475763006461398 0.5640908061795508 -0.03210174486409077
3078 0.5543844197934469 0.5463756937129688 -0.02687597810927041
3079 0.5744636989644319 0.5436094693080118 -0.02920031651584556
3080 1.001172230199239 0.3279685042549668 -0.07073643360420508
3081 0.3411029422726687 0.1713306408610865 0.1403399309062316
3082 0.1415909265126828 0.7821326784167688 -0.03287787920131054
3083 0.1347391703078069 0.8004959717244574 -0.03710992428174763
3084 0.6438499800720539 0.8696491542685731 -0.1339163589604757
3085 0.8038640001456919 0.05234114027977466 0.07519397169124169
3086 0.466704194285118 0.7621748922382376 -0.09591326823330096
3087 0.486363823943612 0.7590211135702029 -0.09631557253495118
3088 0.4789385050825749 0.7764554996743726 -0.1024467161498736
3089 0.4986475576356013 0.7733869143766181 -0.1026350383273983
3090 0.4715674120416027 0.7938451864063947 -0.1087093700347514
3091 0.4517957909544279 0.796893063326513 -0.1085679388929338
3092 0.9565757325652516 0.5445463808156549 -0.09369301692237703
3093 0.9018178607268864 0.4513276230185067 -0.06652596479625492
3094 0.4928331312373636 0.8727338066889873 -0.139798261053827
3095 0.4798488949937549 0.8588018676688415 -0.1344003016847732
3096 0.9212328701577577 0.6376769179796579 -0.09990539056514455
3097 0.9016312991952998 0.6409829729781082 -0.09832936616410033
3098 0.9141047000128545 0.6562880020989433 -0.1012356047798575
3099 0.8819494623336687 0.6443525990931197 -0.09682597342711249
3100 0.9069496856608095 0.6749093019980681 -0.1025949489890872
3101 0.8890830177018029 0.6258119736914389 -0.09496618562258199
3102 0.2796968641401364 0.6522763975513245 -0.02038938170283475
3103 0.2917064556386241 0.6658249613853572 -0.02872350317907564
3104 0.3037137134861614 0.6793849674213681 -0.03704484003520676
3105 0.2220396830095543 0.3139045524850892 0.10607961731927
3106 0.2336023764791516 0.3296038838709845 0.1014337527104345
3107 0.7894972935007563 0.8327313843893636 -0.1191254696782032
3108 1.030466484514598 0.2011741660475534 -0.05778001422126502
3109 1.048542657675395 0.1967027148306706 -0.06490050198331644
3110 1.064591029667652 0.2035006884417588 -0.07338055944423651
3111 -0.0005649627860474758 0.7264262853380877 0.05029810753157285
3112 0.4423860004935992 0.1913107842860894 0.1251894024420703
3113 0.6855746499982203 0.677234094333784 -0.08543153428983674
3114 0.6057045450401096 0.4750296789203682 -0.01101196827244761
3115 -0.03751350533383258 0.3489647842298473 0.1093829655232416
3116 -0.06007156997827691 0.7115428770215749 0.08197247055068019
3117 0.1853558459739176 0.4420172207233978 0.07570914954983206
3118 0.9824166792353358 0.3320192467995961 -0.06527581471974507
3119 0.4446296206572123 0.8960878410989386 -0.1491855789286751
3120 0.904481446795536 0.8689682926909793 -0.1078578930370956
3121 0.9664024743362626 0.4212482583603414 -0.07699051741241847
3122 0.8416975364413806 0.8431042173147175 -0.1161590252810995
3123 0.7677194606944721 0.7511973417997114 -0.1070412719941037
3124 0.7346910580841189 0.8752371020099395 -0.1287780710035746
3125 1.018092863742199 0.3760098905330461 -0.08440971456779624
3126 0.9992661779907457 0.3800306531539354 -0.07927999488395697
3127 0.436769026461532 0.08704217250198074 0.1627573206379893
3128 0.6681021810324048 0.1652237907407742 0.08257286010016435
3129 0.6793166063053473 0.1794127669193901 0.07415772825125749
3130 0.1643200508216544 0.1886694618227982 0.1194981419195287
3131 0.6907684700834255 0.8468216221150218 -0.1264459122478449
3132 0.5651021206798635 0.746606109597491 -0.09736822191455863
3133 0.5454122349482228 0.7496865305556244 -0.09715756361347262
3134 0.2027668539538304 0.6692980386932893 -0.008250327229268814
3135 0.7352619640682921 0.1330219147004015 0.07275742818487897
3136 0.7434099185336281 0.1147514468584285 0.07629217254326498
3137 0.7628888805492227 0.144884479307962 0.05941965802901293
3138 0.2091390621522094 0.7800225176385498 -0.05705752271517743
3139 0.8178444570593399 0.6209468188001508 -0.08585268602189816
3140 0.8055118663445889 0.6057452381305685 -0.0811962219360531
3141 0.7859597907131984 0.6092146832323695 -0.07944099090597172
3142 0.1858110897970076 0.7539494424731877 -0.03803258998099534
3143 0.6810035550232693 0.7794778784527991 -0.1113574724577087
3144 0.6613346376395688 0.7823941665836689 -0.1117685325653383
3145 0.9375821486836178 0.3585243052059049 -0.05667388499964605
3146 0.8589104769800487 0.7531252411393796 -0.1086115110011151
3147 -0.01538369633489265 0.8355559966338076 0.03504046822583262
3148 0.5280550099411284 0.8345541100779907 -0.1259937022620269
3149 0.9212523380121131 0.3108883672513942 -0.04099869776394021
3150 0.895066152742266 0.3334439623371894 -0.03827724100478835
3151 0.8025703483115697 0.1354018175181673 0.04865491308867172
3152 0.8107394263643841 0.1168740179656173 0.05160959297231481
3153 0.8129278320509143 0.1499160177957886 0.04034777782148173
3154 0.5527297231889945 0.8642989460345899 -0.1359400322509038
3155 0.04725768838228633 0.6772450598720509 0.0420277750073615
3156 0.9950681949176724 0.7826501871930661 -0.1023733071317183
3157 0.3203379006518302 0.7239946572466667 -0.05977524655100923
3158 1.04608389480715 0.5988729312796353 -0.1115146330542408
3159 0.9266052548564617 0.6716391348526428 -0.1036388438117553
3160 0.6465392971979262 0.8185948869342264 -0.1210227951717537
3161 0.7852742465366411 0.05650137115773873 0.08098360376452336
3162 0.5429587288521456 0.7995320959911085 -0.1141809706236975
3163 0.5626405651902351 0.7966434905790923 -0.1138051618414525
3164 0.5150082784302744 0.3940665904129139 0.03616078383352516
3165 0.1394051825791951 0.8314718959094652 -0.05136448780083277
3166 0.8489758515769146 0.4956477863671626 -0.06447222661417969
3167 0.5937478668904641 0.460857570309255 -0.003793921220354792
3168 0.6011417429241301 0.4429835382929128 0.0009800664438445773
3169 0.5892576716590713 0.4288454506820281 0.008358753525589097
3170 0.2779751739001116 0.2290015354845782 0.1252748105447772
3171 0.7982386290818551 0.6243346028879919 -0.08423055327112941
3172 0.7663192036936548 0.6127522241925302 -0.07777203062414317
3173 0.3613623561028879 0.8752007169367062 -0.1355223697466328
3174 0.3577140351224034 0.8443080534182305 -0.120537294873771
3175 0.4520340765333509 0.5343424431876971 -0.005081441227875905
3176 0.4838397748092726 0.8082553784754676 -0.1149979011642749
3177 0.9268808988267242 0.2080708233525441 -0.01784429354393163
3178 0.9454292618482154 0.2038578536710869 -0.02381911320398899
3179 0.180131532301327 0.8514053846236677 -0.07790620091260106
3180 0.1986922180835513 0.8462283365267673 -0.08306758722430556
3181 0.4355580249799524 0.208059380333114 0.1201639490288913
3182 0.4614982753282322 0.1883278930528851 0.1232706227965306
3183 0.4736018295391753 0.202576193760007 0.1159204321849686
3184 0.4927784097013507 0.195987976071168 0.1147968926547933
3185 0.6363817970935717 0.8874770607153369 -0.1387279451410085
3186 0.8997244050577158 0.06332682915675961 0.03243086761358729
3187 0.5484963812669186 0.2374753408738829 0.08733408461974196
3188 0.5678844443524629 0.2339436480908972 0.0841154586556434
3189 0.302768695300395 0.8853626894632626 -0.1320810699270806
3190 0.1100489275978515 0.643036083262413 0.0298612081754557
3191 0.06197734436169067 0.5372120348638466 0.07449393286631265
3192 0.8114332855622177 0.03415929595871526 0.07819169727955712
3193 0.6096471705870435 0.6396889750636738 -0.06648923336395274
3194 0.9438656878064515 0.5293542062954071 -0.08926970677386896
3195 0.8080841004777803 0.4187428906439707 -0.03665790545880095
3196 0.4544798435695513 0.7479527228822569 -0.0891477646724213
3197 0.3928682682529758 0.8065031473076179 -0.1074034818214099
3198 0.1518834124926025 0.3075431605439367 0.1090116486821538
3199 0.1455463987728331 0.3262794529502845 0.1062319515093125
3200 0.1149402062348324 0.6747328270414107 0.01739484087793561
3201 0.6803342769493174 0.9164784503499889 -0.141083518277825
3202 -0.04152441380973319 0.8117689140915539 0.05531348879585727
3203 0.1437809555695052 0.7327310112892382 -0.01442130793278096
3204 0.8322990978855295 0.1454962332077618 0.03472383424446247
3205 0.3098001313671247 0.3249604731924524 0.09582884580496659
3206 0.3216856595499309 0.3398030197245182 0.08951034411065645
3207 0.710089365340315 0.5719953324876688 -0.05947998725255026
3208 0.7027596830803696 0.5901320793511862 -0.06349737532401811
3209 0.7150803703676504 0.6047506075682438 -0.06917989850550785
3210 0.6904989173231987 0.5755663046364459 -0.05758569042190077
3211 0.7345781497472275 0.601331150893298 -0.0708491901654479
3212 0.6856073564256752 0.543000424196733 -0.04723051100757693
3213 0.8444039945193363 0.07619940527202126 0.05151884454521516
3214 0.862861366806246 0.07195481305127595 0.04536297463885186
3215 0.715100921149856 0.7406386525299331 -0.1031682836350833
3216 0.9549882774035084 0.5971519303047693 -0.09956955016968311
3217 0.0547480916529097 0.6070440450040872 0.05875994956176703
3218 0.9051412858664264 0.5366032399937289 -0.08328992258358227
3219 0.7371970656677844 0.6862539507047003 -0.09196644540725196
3220 0.1880351151957038 0.5745263247730275 0.03180849648297942
3221 0.1949739200700849 0.5564625035986722 0.0366326359019246
3222 0.2473594015110125 0.7710539269868596 -0.06433843611925358
3223 0.8662467285100379 0.187925324845898 0.009825017308918787
3224 0.8547303964478628 0.1742209649499828 0.0179464195735232
3225 0.5349472480377887 0.07251646721488114 0.1528739765077092
3226 1.079274183047985 0.5052084535360972 -0.1146383453150853
3227 1.091724878798504 0.5182627917469622 -0.1177869894544648
3228 1.086250388829596 0.4870961494275063 -0.1154107596302593
3229 0.7905778607485406 0.5064844382373132 -0.05565024155831214
3230 0.6610488999104839 0.6476953038003154 -0.07474531613150191
3231 0.683517621908678 0.3762807481903454 0.005602286438135061
3232 0.7029373832423174 0.3724482501300784 0.002215332470007977
3233 0.7517192304732028 0.5137165602119989 -0.05032302353079492
3234 0.7636367817399887 0.5285424524491642 -0.05640618046644471
3235 0.8136893263382103 0.7262754868537508 -0.1042426547132734
3236 0.8322642578328872 0.5840584051992488 -0.08036212131680509
3237 0.3415468093498103 0.7998271040239047 -0.09765011918824354
3238 0.2945547390918133 0.8243151377800315 -0.1005877948099987
3239 0.3065333485371263 0.8376938987535318 -0.1094047319260189
3240 0.7843791769668076 0.3898101431348349 -0.02295581085833785
3241 1.016638114606912 0.4284178915227172 -0.091702160995705
3242 0.1575698223457509 0.6964514444506857 -0.005215103683589184
3243 0.5317413402570558 0.6498748774428045 -0.0606112141654175
3244 0.9543134026748601 0.2697825245981859 -0.04262568578041342
3245 0.5684801819632667 0.1523646485826866 0.1146135384969218
3246 0.5492377845399342 0.1562351894490581 0.1177582644605093
3247 0.5414180048431183 0.1739204524907389 0.1128656875050134
3248 0.5578095733532915 0.1375970911732389 0.122805368597764
3249 0.5397232193355035 0.1395507571398314 0.126267298643273
3250 0.5487114887689549 0.1210921189711003 0.1312301487751392
3251 0.5527217964936222 0.1879942688083543 0.104942330001644
3252 1.05037386061447 0.3344476801222387 -0.08877967457759184
3253 1.06789659123307 0.3307098155122308 -0.09453874374460482
3254 1.075721527628375 0.3110851676279932 -0.09477054289151574
3255 1.062111235157946 0.2964047439447129 -0.08739741292052663
3256 0.7180235218843647 0.05459691915562928 0.1062806739236677
3257 0.7368768604147763 0.05059176826116632 0.1009982873159154
3258 0.700989891464683 -0.02220160452634297 0.1404969596261177
3259 0.7326608650557068 0.2175726993761875 0.04488977443516298
3260 0.7515844236616971 0.2135976398478411 0.04037357570635063
3261 0.7591092150359103 0.1953933453224411 0.04396246525573176
3262 0.7211902256080942 0.2035159917517579 0.05312615613660718
3263 0.7705607223881499 0.2094760787108186 0.03572309200565116
3264 0.6796505667645621 0.3438363374427786 0.01728782745741723
3265 0.6678566012773471 0.3297557633580566 0.02496525713018187
3266 0.6057960056311034 0.3090445089166826 0.04742833671329038
3267 0.586503404054731 0.3128043976830408 0.05062723037390069
3268 0.4042291049165161 0.6091047459358562 -0.0263128397248544
3269 0.8657215686613779 0.4073318617189564 -0.04792855090976363
3270 0.2587399243759285 0.3598169182509889 0.09055829764438098
3271 0.3231298243924849 0.6754844168615661 -0.03928831581116215
3272 0.3454638738465191 0.6226636614312953 -0.02141230082978926
3273 0.3771443915432145 0.632246167960574 -0.03108004122462277
3274 0.3695045850274873 0.6502811293767119 -0.03719615011764871
3275 0.3814871359175942 0.6638384346925486 -0.04486207095764869
3276 0.6483725659809473 0.3337046167631063 0.02841197307360011
3277 0.2100325307755868 0.6514402858611601 -0.00306238979379423
3278 0.3741133426188493 0.6816442371065534 -0.05108046513504418
3279 0.5333732218606152 0.1915127788330692 0.1080320379389013
3280 0.5203868956940348 0.1753260517168553 0.116959977567181
3281 0.5264132478137784 0.408230952492962 0.02860437839158902
3282 0.7512005416101256 0.09669673325616118 0.07979460029077218
3283 0.6025903827253765 0.194767773612171 0.09002706588685069
3284 0.9155191266409232 0.1937636391887545 -0.00989963346728057
3285 0.8694541740968381 0.629216641131742 -0.0932747664695554
3286 0.6440173255252087 -0.01206261063932463 0.1562018877832873
3287 0.6329575506648197 -0.02736038933927541 0.1656439334963703
3288 0.6623900157072474 -0.02113885718746541 0.1536348968148495
3289 0.6776561844324728 -0.03697084545102897 0.1544155854354684
3290 0.5331248007600859 0.7351871153457942 -0.09120553768201779
3291 0.7936794548215023 0.2376406383941719 0.01951418943869352
3292 0.2586724037962928 0.3136803560721322 0.1039504657044126
3293 0.4958874505983604 0.07857786794003931 0.1581416235521146
3294 0.5405318898616684 0.5819276180751652 -0.03740503130711582
3295 0.5210065252694391 0.5857831358005117 -0.03583763699836224
3296 0.5334076756750932 0.5997497188437041 -0.042768138850515
3297 0.3090321744912346 0.5806801587308218 0.002777545117274242
3298 0.483825462471856 0.5441534594952311 -0.01430161130740012
3299 0.4643643150092329 0.5481171847196022 -0.01250673680955649
3300 0.4767271834731782 0.5619299750494557 -0.01986508242912415
3301 0.4449424753257363 0.5520903780137193 -0.01071865674054543
3302 0.7590608237404984 0.6310682603965481 -0.08121002345976028
3303 0.7467264293864005 0.6162364105733396 -0.07617524596248733
3304 0.818203906342211 0.3494515559076534 -0.02046086205328818
3305 0.8825815630510326 0.4551091995751477 -0.06285068122722978
3306 0.4592474339769853 0.5166006645019581 0.0004696610845537352
3307 0.4540855186513298 0.4851109634881989 0.01345533493058363
3308 0.4734813589616067 0.4813660587729372 0.01133822379158972
3309 0.4627815630215899 0.4678509672477501 0.0184432176333952
3310 0.6753190619089983 0.2295074541162438 0.05762156091715494
3311 1.073226957369083 0.3652077379477175 -0.1008803824304753
3312 0.6829336521390299 0.09478858315141331 0.1035216182294026
3313 0.3097172976982711 0.2420294639751125 0.1211496659829184
3314 0.6060654120261146 -0.004321039987213563 0.1647723236898563
3315 0.3827009780126625 0.4513611463465652 0.03937484165843647
3316 0.7446282504780405 0.03259336568776544 0.1045301483850146
3317 0.7758212007659915 0.5430231472611773 -0.06220388665580105
3318 0.7997378826095261 0.1027273258237819 0.0602379167713933
3319 0.64625048062801 0.6836048222480356 -0.08375816606854061
3320 0.5511066461106068 0.352891720787356 0.04388960842318708
3321 0.5203560426335437 0.3424164950848347 0.05431293401593549
3322 -0.05682614644222408 0.640167966485534 0.09185346670142941
3323 -0.06954545350973786 0.6259321255979921 0.09883600199349195
3324 -0.08841090758642599 0.6303281213745436 0.105547951892326
3325 0.4428808442285485 0.2728735086662222 0.09535273824425855
3326 0.4229571496535711 0.2752597147118398 0.09780014281849518
3327 0.415430981902629 0.2930051317683275 0.09255588784695076
3328 0.4035118930634812 0.27806904425965 0.09979569820109099
3329 0.3443514303798706 0.7514121323699325 -0.07625410792528961
3330 0.4375290730470724 0.7019087153053809 -0.06874571902989983
3331 0.4055522392759864 0.6912358349651897 -0.05998710438457856
3332 0.3622680614735491 0.5366804602355404 0.01008719511775219
3333 0.3817588968112826 0.5328148914106663 0.008032789656616803
3334 0.6347340058687296 0.1212031417012148 0.1085393883829252
3335 0.6160302007005312 0.1243391468323581 0.1126950696343773
3336 0.9706303417823414 0.3174241859785704 -0.05848401380228941
3337 0.4857766895397696 0.2986770729948898 0.0777546028742932
3338 0.4892718359930853 0.7092178246250076 -0.0776473342187759
3339 -0.01825333499587179 0.7322619531994278 0.05764739006721918
3340 0.4113111145266187 0.5914231073612576 -0.02043934912700231
3341 0.3938595726757109 0.5463994538809254 0.0004879695340549856
3342 0.416106571257207 0.2108607774636069 0.1218889263798058
3343 0.3273159116496762 0.4129602092715021 0.06320053963715611
3344 0.7198350679768309 0.637762232145044 -0.07845499343226052
3345 0.7271844617817371 0.6195976389926332 -0.07462684922458807
3346 0.3367113057605999 0.3852129745400871 0.0716463993329403
3347 0.9340822557003627 0.1895592937250332 -0.0158912283033776
3348 0.4391514519563134 0.3229761360194166 0.0774691013953189
3349 0.2696056715386519 0.7184327320802409 -0.04644608757923876
3350 1.012208027475468 0.2055501112086223 -0.05090044996354275
3351 0.3610070730760973 0.2515410358559931 0.1143679552261503
3352 0.3532443822997373 0.2692807379701628 0.1093066829208772
3353 0.3727812748550469 0.2664207424667502 0.1080396194546135
3354 0.3665287477620414 0.4057087368942551 0.05934659702364643
3355 0.7682225084383075 0.3428707243937235 -0.005103499348900749
3356 0.7490546989507124 0.3466951969894613 -0.001229079291186385
3357 0.2707665401516965 0.7977601291119022 -0.08264433613177818
3358 0.4482212199344398 0.6327507898614069 -0.04274722857306198
3359 0.6218294623276157 0.1910313766310892 0.08629556818246154
3360 0.6104026939393572 0.1769786237624492 0.09456882464144192
3361 0.3765026352300077 0.2987068954604992 0.09636227251169384
3362 0.5174766113108838 0.5047660755554458 -0.00541017346299256
3363 0.6954271312299291 0.6082445054248846 -0.06757912540587505
3364 0.7938329539198762 0.1543549884398963 0.04566727430666764
3365 0.4433305318442113 0.1493808716414443 0.1401148451203017
3366 0.5637212155775704 0.2837880587134993 0.06657685927249891
3367 0.8199179274812296 0.5688049492524772 -0.0753295702667051
3368 0.5215588740479716 0.2588250667017432 0.0853118145456086
3369 0.529277715333671 0.2410873116537718 0.09028969241985385
3370 0.3295801221518537 0.3221695655902435 0.09442761798752618
3371 0.3632132996900526 0.454934925362243 0.04150237018255266
3372 0.3556160012901011 0.4725057571161372 0.03618943836348244
3373 0.3437642750094594 0.4584973671874731 0.04361374260150783
3374 0.3792118583918684 0.500747570017428 0.0210287674202053
3375 0.372616173138645 0.3472822905836275 0.07966775274204474
3376 0.535111356220761 0.5501848811412412 -0.02508498254395124
3377 0.4171668614728233 0.4124398607302323 0.04792773293622833
3378 0.7323750560164813 0.1006281983926476 0.08497822508160105
3379 0.6661131067775703 0.5465634202891558 -0.04512635788681763
3380 0.4484820568582887 0.1014620008595609 0.1565335417383895
3381 0.2530997418653627 0.6740409663967295 -0.02336866358838988
3382 0.4572882318774583 0.565875030573292 -0.01814802943096275
3383 0.5123476515442319 0.04424708707467677 0.1681784107186533
3384 0.4908408936765424 0.1279408181251793 0.1405796367852187
3385 0.5698344159055038 0.4326069097580635 0.01095789953885113
3386 0.6178740305358212 0.2409248454456539 0.06908024312422491
3387 0.6021002026349306 0.3588998354048749 0.03042517008860993
3388 0.2921845797569601 0.452020783093214 0.05499346789433285
3389 0.8158214578503925 0.1828962738482764 0.02907567897400452
3390 0.4813709569518401 0.348358266641337 0.05999870694064548
3391 0.4371283534225621 0.4080626275453813 0.04592624485742717
3392 0.4330610647761882 0.4577240129828761 0.02778889552515488
3393 0.3281570166323134 0.4941236910481263 0.03294075212583612
3394 0.9693099266560663 0.09682434262376512 -0.007373460065168392
3395 0.5100441719134052 0.1252072930732967 0.137993841902051
3396 0.5875157112614828 0.1125194236853997 0.1248929061036361
3397 0.4904733441993318 0.4472860428193244 0.02104154521462751
3398 0.5922265822291466 0.8592446872628543 -0.1333067837729463
3399 1.025105896994858 0.168286771683693 -0.04884646328791313
3400 1.031638136153436 0.1510203766047698 -0.04835376992758372
3401 1.035988736327701 0.1820005753719429 -0.05647940765958276
3402 0.4079022538527735 0.3105517422436745 0.08738449065019148
3403 0.9666666509086603 0.1481445097831162 -0.01880213809451019
3404 0.06963228197558428 0.8046626278839049 -0.006721453977028391
3405 0.9471984646165836 0.06846241861334651 0.009955595005167441
3406 0.964743674266438 0.06406462329005992 0.002944275689471148
3407 0.4553763833105471 0.6150953242532038 -0.03692833841581963
3408 0.2990848033935689 0.648257675619777 -0.02288506976019894
3409 -0.07598334000637699 0.7175732832128033 0.08882206119337015
3410 0.5624658082851142 0.929556495998586 -0.1561195736712789
3411 0.3807007011290027 0.2488129546551132 0.1131122182038099
3412 1.028637808563708 0.9067167834393816 -0.05295323600156956
3413 0.1318949989402885 0.7194130710143896 -0.00490964792124781
3414 0.9187410496212494 0.1425261012470489 0.002434910994498555
3415 0.7147931457574823 0.3867100367151013 -0.005156070216299699
3416 0.8294867692164478 0.4992455636426712 -0.06140955749275084
3417 0.881446769188063 1.009153542207675 -0.09371330132846709
3418 0.2397797170706338 0.7887087676333112 -0.07028585452523942
3419 0.2977670401466706 0.2267008719338259 0.1257366889870945
3420 -0.04653455028827673 0.4933213045152025 0.1073133400407289
3421 0.755699078228671 0.2457544602725982 0.02866762081563091
3422 0.8354782632876689 0.6699308596647288 -0.09653545531017237
3423 0.4003614238136692 0.7891586035201591 -0.1006573446137651
3424 0.1558942939398103 0.2059574413481648 0.1179218206828255
3425 0.3934814763874016 0.6774787245611322 -0.0524583933523794
3426 0.1059633018262434 0.5606153641881237 0.05700901887189942
3427 0.8518597637633909 0.05790339931678471 0.05418593759239343
3428 0.5750276559469982 0.8114415559891547 -0.1188402908090151
3429 0.5552712480196369 0.8142570947996262 -0.1194496790047778
3430 0.7631679550263267 0.227612245874961 0.03221823364175884
3431 0.04781276487564737 0.6259997243952118 0.0559831314236553
3432 0.7740709226069169 0.4589868875534047 -0.03983884756064907
3433 -0.03082893992834222 0.3302758221921752 0.1079925710318222
3434 0.6673418121777271 0.2477193010163166 0.05345239179755043
3435 0.7815162610623855 0.4407075307137475 -0.0364639114161923
3436 0.5777520627180346 0.6245219650406079 -0.05754443709980078
3437 0.5478367698608286 0.8318455633634253 -0.1252284395201973
3438 0.4670966970223445 0.0266975794069341 0.1812047976305116
3439 1.042644943219562 0.8702086242060129 -0.06472695690830706
3440 0.8372663824645415 0.3455775216639322 -0.02466904107326288
3441 0.9337095122250296 0.6530092141200519 -0.1025827396922468
3442 0.673730916242911 0.7979532561012437 -0.1157643890012248
3443 0.9966154317071839 0.4849101797035191 -0.09415349805837209
3444 0.8274746821300398 1.037860060292416 -0.1118734697995893
3445 0.7563418313255936 0.5466473034400368 -0.05989160277998727
3446 0.09021130192164382 0.2296138220507223 0.108491813685207
3447 0.9178703200441687 0.5516776837683954 -0.08798170722724943
3448 1.100475162849884 0.3939811635850993 -0.1130434617638461
3449 -0.0969981352638071 0.3561668419649288 0.1133457661705061
3450 1.053109113207127 0.8345251747943583 -0.07612986016434048
3451 0.1340147913330481 0.6698367885507367 0.01261104333447142
3452 0.01699488054711403 0.6173461981337249 0.06881421046437375
3453 0.5050281012344302 0.01403995512056716 0.1808857361197805
3454 0.7119157217934978 0.9302849708411981 -0.1394673925268305
3455 0.2903271839555859 0.7937351786050759 -0.08526528721341536
3456 0.7736891082538829 0.5942940074643219 -0.0743789363255748
3457 0.2316164704302773 0.5977048932012217 0.01273919488398542
3458 0.5940699796736628 0.2943800685350493 0.05554774840448245
3459 1.064035862861416 0.7976181712774979 -0.08600515664943434
3460 1.029253836825885 0.1150380407101697 -0.03990225652685667
3461 0.3018264036834727 0.5984683868273901 -0.002934777940441804
3462 -0.03376301627171079 0.113891783515787 0.05350795725996151
3463 0.1387570459231709 0.7012532107857815 -0.0005964765841443391
3464 0.7829717208292957 0.5248494405121856 -0.05887864232025138
3465 0.722509434006764 0.722421298061693 -0.09933892657085888
3466 0.09755526085135757 0.8618557573427094 -0.04055344641551256
3467 0.07360154618589043 0.6021473689914956 0.05416271854053597
3468 0.4230623182924496 0.3583931696029384 0.06715599613555376
3469 0.2053417587521701 0.619816240075142 0.01059752142577315
3470 1.077899806813217 0.7437520537241494 -0.09820144559154434
3471 -0.08941984784095496 0.5744081922196814 0.1116048626339096
3472 0.1980672295210582 0.6378455950966438 0.005510987189535906
3473 -0.06836807882115969 0.2214970746108963 0.08751059560953998
3474 0.8611445401836663 0.5103875530141824 -0.07005734947531797
3475 0.5901576616065436 0.643084009606506 -0.06530237900538433
3476 0.8024556910023183 0.5211976362815393 -0.06148981311519387
3477 -0.04009333759631629 0.1314642485851319 0.05989681709220275
3478 1.083459476845425 0.7032517185570394 -0.105862706891636
3479 0.6026893486911236 1.008725999666743 -0.1722041668434212
3480 0.4312354502174659 0.3407265353115221 0.07228206325376184
3481 0.6832728540657373 0.2938869924800487 0.0332042761383262
3482 1.021548441008088 0.08368448342205806 -0.02951419748818872
3483 0.3378322051443271 0.8479422745381364 -0.1195889803930633
3484 0.06185857553423459 0.94452757666321 -0.04030651905834123
3485 -0.0221953558048051 0.9169021925322035 0.02650416861350003
3486 0.8830336192994733 0.3190193781713317 -0.0310867535944403
3487 1.047677471134172 0.1522190666744903 -0.0562212456443416
3488 0.6232389841673932 1.007876127401551 -0.167983867726835
3489 1.063072277016865 0.1871147504299104 -0.06986631344579483
3490 0.4430328704701818 0.9462246626250375 -0.1705875144044095
3491 -0.0545651586097379 0.829249445577365 0.06063492328522962
3492 0.8220689662708844 0.5175319896200283 -0.06422827465527711
3493 0.7494502570431963 0.7029630758917567 -0.09657885211964201
3494 -0.1043461818449899 0.412193725121153 0.1188372966170859
3495 1.108648397052104 0.5094181230331933 -0.1213085335645984
3496 0.3923519730537008 0.2631923869865148 0.1066532335971186
3497 -0.1054573770115508 0.5876184541633894 0.1158160100689528
3498 0.8931844409276288 0.2492921436844308 -0.01643875728483399
3499 0.8569541939866394 0.3414252091805576 -0.02913342004421083
3500 0.5230148684944605 0.45751281957741 0.01103745518378841
3501 1.089560334704115 0.2974355036367813 -0.09838362740674629
3502 0.979410601667608 1.002125606035231 -0.02685135534981917
3503 -0.09348662875496468 0.6828365782128664 0.1015847442628169
3504 0.8239864062983261 0.1642900554269104 0.03194578609692764
3505 1.098685112547126 0.3536063584427449 -0.1085401392675073
3506 0.9490199089676179 1.01946146192916 -0.04496472899688249
3507 0.5829337287615957 0.6601109457489001 -0.07013216339594876
3508 1.108642801975245 0.4518189293551763 -0.1195242096417352
3509 0.6022038644796777 0.276577345455552 0.06005579343496047
3510 0.6138144036385722 -0.02346416088665951 0.1699829872944831
3511 0.4144394996485752 0.08880943201455981 0.163657965616288
3512 0.6291861753340625 0.2552076138511876 0.06097685760794963
3513 0.1691866126744935 0.1032586496095117 0.1137309547009175
3514 0.9172831390109391 1.032329261835341 -0.06390873868752212
3515 0.411830332645431 0.2605627688016079 0.1048277989608335
3516 0.3474434140577116 0.490508447435735 0.03078901536349452
3517 0.8204240359719289 0.7080231638554287 -0.1016805755974483
3518 0.8407721342353782 0.7045257751681557 -0.1022139703580524
3519 0.8214466788624974 0.9352710636201939 -0.1214140291795382
3520 0.04863883498670367 0.9320334685504068 -0.02790817211614481
3521 0.6895637044621021 1.045776517869974 -0.1581052861970669
3522 0.07688601975389814 0.9374897574268758 -0.04955859169852862
3523 0.7661174258728984 0.8879215140341895 -0.1273819838687269
3524 0.1124513593188003 0.1741778505750072 0.1073302444865066
3525 0.53434835227797 0.470984384379798 0.003934275170247789
3526 0.8679129184220613 1.046825178679039 -0.09010174609781418
3527 0.8728400676206877 1.027079748920965 -0.09318802305741394
3528 0.7642431165874218 0.8018275210222073 -0.115752510022368
3529 0.9559709889576944 -0.009477720815695595 0.02614695746353242
3530 0.8884593771740752 0.8182670891957534 -0.1112110899708968
3531 0.7442523106676882 1.053324436414939 -0.1417352512759295
3532 0.8573511860932649 0.8054762875625312 -0.1128711478222965
3533 0.4108985438398373 0.106900628268812 0.1579089723425664
3534 0.384754277747665 0.6135684430777373 -0.02477895119855937
3535 0.926681969721447 -0.02474331823911147 0.04505855601323527
3536 0.3958560255178593 0.2956726499391209 0.09463845345447464
3537 0.7220036036997447 -0.05175923513078774 0.1436056784674513
3538 0.4134857757437072 0.6728584211946174 -0.05361676831632484
3539 0.3841541893809312 0.2812172563800183 0.1014440254377214
3540 -0.05158889053707901 0.7954264099006756 0.06392801794086826
3541 0.8314065879473912 -0.05130506935996226 0.09790286944283814
3542 1.087863166107189 0.5374605971347451 -0.1173520221192078
3543 -0.07918094766145888 0.4293194296825105 0.1158477341059785
3544 0.4551550382309765 0.05253798621953127 0.1731574180843526
3545 -0.08066403637014126 0.7379118114995926 0.0883930544046671
3546 0.8961761216067555 -0.03751605263508979 0.06362779608305898
3547 0.5876650352069719 0.6929048757961587 -0.08141334874063777
3548 0.3892485377603516 0.5154135708766583 0.01348882339939241
3549 0.5168051414551293 0.6878436211837371 -0.07263594225641104
3550 0.864242767288137 -0.04721031825486628 0.08165121382250098
3551 -0.01972449500730208 0.07961364915978805 0.04030055999928656
3552 -0.04539797020911424 0.6005595954962462 0.09372613830679791
3553 0.5383510833051238 0.5017624434596094 -0.008042944424403755
3554 0.1030671590920289 0.2464171015089155 0.1107321820445389
3555 0.7526017355744187 0.7867784716443293 -0.1133268614790211
3556 0.3526381613752492 0.3905486960676071 0.06720453568781405
3557 0.3890272204430096 0.6459434124860762 -0.03872598683091131
3558 0.3811562926488733 0.1152608253604206 0.1563084841984635
3559 1.093105627636369 0.3162036485592365 -0.1021708144175028
3560 0.3815021698576404 0.8719941546378907 -0.1358648641016883
3561 0.7464414722802956 0.890964627616078 -0.12987270092213
3562 0.5020653275776407 0.2627170735278915 0.08794486025506917
3563 0.2603676839598658 0.9167310596377204 -0.1379853983177401
3564 0.7227671020762275 1.031918791341826 -0.1477442297534947
3565 0.8698029879742979 0.9089018125161378 -0.1121198087035081
3566 -0.05762277676211608 0.249514805215738 0.0953926433539402
3567 1.017003092272298 0.4823834360519295 -0.09855710610696987
3568 0.7474839570518701 0.7538756294639466 -0.1070565086020286
3569 0.5951815806421086 0.67486679092839 -0.07626653515189048
3570 0.2355887805047482 0.2830681872295631 0.1128665121302388
3571 0.4092844496133113 0.5109770551906267 0.01158716069147688
3572 -0.09188430485605879 0.3147113923855582 0.1073760667992495
3573 0.5585988392271548 0.4989730501372983 -0.01067989697792382
3574 0.3631702282703393 0.3758839551063476 0.07082768362637833
3575 0.4273536533053531 0.3081214995721906 0.08503761271537737
3576 0.9832368006282887 0.008245651129273276 0.007455208896245843
3577 0.9676529046390872 0.01445866078202707 0.01405529360039401
3578 0.8101393391478853 0.8301738779374053 -0.1176023690821692
3579 0.2447454965802354 0.8959319644852577 -0.1228241075378702
3580 0.1247732461135447 0.1906629392625662 0.1117570909733221
3581 0.3942423300710705 0.1408485859038215 0.1478116342184784
3582 -0.07095876873453356 0.6984244606601723 0.08915629698509801
3583 0.4606366147556196 0.861285142401896 -0.1350438592515692
3584 0.7273503969104436 0.7561926297233923 -0.1070175386388351
3585 1.106811314140175 0.5289567411757846 -0.1210096358911938
3586 1.01532155152683 0.1016923750099875 -0.03022795818555285
3587 1.081498287799372 0.346845889186029 -0.1015563848529144
3588 0.510069191293523 0.9197751589437628 -0.1566875874623288
3589 1.067841055615117 0.7810245606936417 -0.09021728087689142
3590 0.5936233960567954 0.3779372100136076 0.02552352765254682
3591 0.4173656125346298 0.4932080064487162 0.01701426588052629
3592 0.5040760177860836 0.1819755503149119 0.1178234109266944
3593 -0.007988831486858892 0.1229071961402792 0.062747375945686
3594 1.018475551052172 0.8852888863322981 -0.07021036781262753
3595 0.5628459378199554 0.5297586898347305 -0.02238731073314205
3596 0.9010895723720318 1.037912858602713 -0.07285517574959632
3597 0.5036256043753728 0.3786884109872328 0.04419269050518865
3598 -0.1084890033681449 0.5298012460046767 0.1201739888984231
3599 0.8495427030712928 0.8247190370198596 -0.114514573149443
3600 0.175286424895522 0.898365126119508 -0.09606739196360377
3601 0.7778733280937016 -0.05818098889539138 0.1234205380905018
3602 0.4678310093352956 0.9707326013275654 -0.1792815396309396
3603 0.4926516048625296 0.3634347877177297 0.05210512769166674
3604 0.02694723989130854 0.05884110331304833 0.04241523310399464
3605 0.40864123080931 0.06702978061101192 0.1708424203102663
3606 1.075379413878877 0.663366631402444 -0.111269792866456
3607 0.5309204916277374 0.1569196355866455 0.1216411539096416
3608 0.5829441786251459 0.527152792023509 -0.0248969688347007
3609 0.2472890820926748 0.5102979520316349 0.0421713506929643
3610 0.3163970363723838 0.9259902624494768 -0.1551392875184588
3611 0.1448275580824281 0.1896928121815213 0.1157413310814191
3612 0.09740412819174286 0.2674369663127831 0.1101926401890796
3613 0.577043769885712 -0.0132271159036352 0.1761829159327318
3614 -0.00652860426255392 0.916975390396097 0.01507842990611354
3615 1.000574788684528 0.949824528014695 -0.04670952432429491
3616 0.3197762006637344 0.5128974114695157 0.02730830666266403
3617 0.5209269441952948 0.1407184682400897 0.1299162476752974
3618 0.2400875337393383 0.5296345290441864 0.03657276335261308
3619 0.9935861077747251 0.9936658580683542 -0.01735589631553469
3620 0.3422535059615855 0.08685564678493667 0.1621687133557404
3621 0.9247063672237295 1.015194088895953 -0.06690345025935411
3622 -0.09718233441066468 0.664070651992275 0.1053578851553517
3623 0.4359585888305902 0.4893061810761223 0.01514384582600691
3624 0.6071534034677543 0.5558845753799799 -0.03867272924715542
3625 0.5875163811076641 0.5582358736363855 -0.03635951481772072
3626 0.7803493686848654 1.056688813693194 -0.1286469319169202
3627 0.2898007890430855 0.378702751084855 0.08071989283255783
3628 1.104924792865038 0.5893646626340729 -0.1190424271857247
3629 0.9833931198516691 0.855415597113133 -0.09260974915554916
3630 0.4440706779058754 0.4713977302719836 0.02053444686626154
3631 0.8907391514753074 1.023539465550908 -0.08469787508395889
3632 0.2082601735726857 0.1052001690720933 0.1281930743086687
3633 -0.00908033288490351 0.09297499640864806 0.04929725662418033
3634 0.5020281358449438 0.987299496088311 -0.1820130272361251
3635 0.8956719808868433 -0.02057072074408313 0.05883014721178272
3636 -0.1033355895277796 0.372600394977165 0.1156201696634084
3637 -0.1096700628262443 0.4718370902437735 0.1215312761449918
3638 -0.07821507902132972 0.2575230188659843 0.09619040729497459
3639 0.1338771228976351 0.9014084565857038 -0.07528494189966589
3640 0.4521984603628637 0.4539920554460495 0.02568003546790124
3641 0.6061309024166347 0.1092839438402968 0.1211179622000435
3642 0.06668713542609396 0.1999888516423988 0.1013532138223043
3643 0.6126865490713147 0.5884952888018612 -0.05028766921599932
3644 0.4813480944742828 0.4648124810123062 0.0161516363775672
3645 0.1471579203781543 0.2223974653527246 0.116322783563737
3646 0.208498007946352 0.1356219155110662 0.129344312927689
3647 1.03367720868131 0.8562383769523467 -0.07539242049094251
3648 0.867327078669215 -0.02968333295473429 0.07474808939715277
3649 0.01142437433631076 0.120671093443288 0.0664194037039271
3650 0.1283835975690757 0.2776928081205531 0.1117707182177304
3651 1.084658948403949 0.3803057011250906 -0.1064604028287178
3652 0.5015725086551515 0.4609689708555072 0.01381099301536793
3653 0.4997174032871533 0.03159517094767314 0.175124661810569
3654 0.1099995395515547 0.07399363477246579 0.08087204230821088
3655 0.3896014735549085 0.9318533718294426 -0.1644779941828403
3656 -0.0386485658468079 0.8813108260199043 0.04291674966911284
3657 1.068204704856265 0.2776429877452199 -0.08694902409519625
3658 1.059485029309661 0.7517875768862529 -0.09908079214300794
3659 0.8353493427626826 1.052514855152456 -0.105620528414509
3660 0.1605143602589026 0.2384570296123299 0.1171050348540467
3661 0.04542776760691164 0.08634810261620351 0.06170291625685052
3662 0.6888567406499405 -0.04814005711186759 0.1546550418838792
3663 1.111410173829135 0.4693540012924402 -0.1210291778920713
3664 0.1383816075559635 0.8808299311981368 -0.07005293140832936
3665 0.1887055278274411 0.103841869013717 0.1211190889335798
3666 0.8084862709218966 1.040166063396179 -0.1192981591268912
3667 0.8457291651710094 1.035085824657526 -0.1043498987809625
3668 0.1228498882680712 0.2975331645909765 0.1098766171921974
3669 0.2803002605327369 0.9188201688361859 -0.1443143636824503
3670 -0.07051426245318546 0.2881267853522947 0.1027132162753091
3671 0.1808935217811707 0.2377167922050152 0.1190635580926098
3672 0.9278665255514024 -0.007893209039216375 0.03977556427542489
3673 0.6518037599925477 1.038503238515227 -0.1672086266594801
3674 0.9934332873280758 0.01901427921563727 -0.000521244339371966
3675 0.3499329274695506 0.06891510671622823 0.1671884973530717
3676 -0.0170663579472705 0.1096610879258138 0.05508085050453727
3677 0.3568096843223424 0.919212546979351 -0.1564789556592331
3678 -0.1104202219724388 0.5490056850557024 0.1198483978141531
3679 0.941170469009643 1.009843211073778 -0.0575751355945651
3680 0.01272792369816552 0.1507090685185618 0.07776354295706842
3681 0.3120594676841166 0.07500607568174884 0.1596243400362306
3682 0.7987871659083154 1.056251207324257 -0.1213250436933905
3683 0.7074887165808261 1.05036368552609 -0.1532744895122963
3684 0.1925500028975309 0.2532267244275646 0.1179277274226494
3685 1.100591319860375 0.6443809488537965 -0.1140817328086359
3686 -0.1047749449931477 0.6285135678741022 0.1120905014627323
3687 1.008737092972627 0.9318337810554127 -0.05188740062360735
3688 1.107678709447706 0.41181403468001 -0.1167975165373413
3689 -0.04038290164812292 0.8296725773554876 0.05170395213612225
3690 0.5708740035981863 0.00367044156658531 0.1711394473062902
3691 0.7715780242605536 1.041787416617947 -0.1327097981991796
3692 -0.04240603995822147 0.165229372292132 0.07257381280780634
3693 -0.002928746202973082 0.9667118749585865 0.005734260052803281
3694 0.1205946329327452 0.09272619105297848 0.09190910900447644
3695 0.4802644039869136 0.03634890447285011 0.1761795877897312
3696 0.2048235549756562 0.2680698790220105 0.1159817292796725
3697 0.1299169694310563 0.3325516562532672 0.1056701917297741
3698 1.06553527357876 0.7325954465343016 -0.1020903497283319
3699 0.08664722921579771 0.06497810019132233 0.0672666069008396
3700 0.3853590709231954 0.06815449999717466 0.1702365681175034
3701 0.7943885150473518 -0.03980499048769164 0.1100927458440541
3702 0.5961173212074223 1.02309272474585 -0.1769505505078883
3703 0.2235821349172818 0.267572574331733 0.1163364559716718
3704 -0.08755450370632732 0.398800683416515 0.1160038175097507
3705 0.8382307365678322 -0.03608320342117974 0.08988707412812878
3706 0.1346777775568156 0.3123029568025094 0.108373960662771
3707 1.094213134891625 0.50162001004724 -0.1178788490680464
3708 0.02464044391539757 0.1652331453548814 0.0849155602306705
3709 1.039407719079382 0.1661999763917744 -0.05497528127451495
3710 0.4242489326841567 0.9442017140529784 -0.1702981749248647
3711 0.1604172922536061 0.9013344619100083 -0.08982269466010875
3712 0.2271476328799339 0.2984183465905985 0.1095359372682936
3713 1.039063401424231 0.8410259158656469 -0.07909692637927705
3714 -0.08800380970047832 0.295530139701392 0.1039719812597245
3715 1.10651252971445 0.5666075620855182 -0.1202832969847695
3716 0.4259218211077431 0.07527165154302776 0.1675391255975252
3717 -0.07425991556013095 0.7735976901523668 0.0801126907093019
3718 0.9871818100402475 0.04442248142687426 -0.003189525232719115
3719 0.004829070946227492 0.9792254699817018 -0.001849276128966862
3720 -0.01045917909884124 0.9481798503422281 0.01376889764790568
3721 -0.06662866035937784 0.7984594178680933 0.07230338814727523
3722 0.2215390425437394 0.9164420277771236 -0.1246568601613998
3723 -0.09051260108093841 0.5938169670968526 0.1101627408942387
3724 0.2388469248055105 0.3136038892862787 0.105257897610107
3725 0.5755622925264826 0.9927609689710249 -0.1729502593120505
3726 0.2953142125542755 0.07563742515199676 0.1556376981324213
3727 0.8599561608384418 1.035371509464364 -0.09750443961052385
3728 0.1796210967652332 0.3344155715982187 0.1035056349477527
3729 1.078977985896577 0.2397475391285044 -0.08570427960634446
3730 0.6927733518677369 -0.03442951096604979 0.1480580753586378
3731 -0.1129113467528843 0.4901663900710625 0.1222172413292636
3732 0.2527205949385872 0.3293632923375496 0.1000325583327229
3733 -0.0143286000221361 0.9030461533371194 0.02279185423795006
3734 1.094309709214557 0.4448195503948077 -0.1150668595792471
3735 0.4863630551000466 0.9649897619963488 -0.1753288396877137
3736 0.9569342025298977 1.004098198815848 -0.04803784433917854
3737 0.3108492883095602 0.9124037865123837 -0.1472400036791507
3738 0.282551466503166 0.1004572050216733 0.1497424585763659
3739 0.2642959360578543 0.3444964736198211 0.09457896616717379
3740 -0.02474489686905547 0.1266023822022579 0.06074709922061939
3741 0.7543857057719797 1.041878516624417 -0.138447618776325
3742 0.1746645555144131 0.3604622383518744 0.09816625471802404
3743 0.2742267087151568 0.3576269309219679 0.08948174014214842
3744 0.5268313464012667 0.9970562396873612 -0.181975973289669
3745 0.03768291681318015 0.1787938585605774 0.09131026850730711
3746 -0.06154137833811772 0.1883197455642723 0.07800264204810613
3747 0.2803110845879476 0.3890232757210093 0.07860227820074056
3748 0.2285470110330239 0.1357997270759318 0.1343642040389899
3749 1.016023828344634 0.9152612986629102 -0.05658710555164839
3750 -0.0782825961276275 0.3237817888545789 0.1083790160754744
3751 1.088128494410417 0.3647752302827919 -0.1059757629008815
3752 -0.0666636495773669 0.7460394632547028 0.07993700882531737
3753 -0.088629001465373 0.4162399780893351 0.1168976479322363
3754 -0.03176654874653266 0.1432160914363163 0.06610913693137647
3755 0.297922385724252 0.4074025899532299 0.06980618640524487
3756 1.083096079346529 0.3281060011701241 -0.0998201306050179
3757 1.070206206920561 0.7148783488316711 -0.1047637314762363
3758 1.045450184431762 0.82346405207703 -0.08307547670733451
3759 0.3837187679950333 0.1522826862699267 0.1447407052433664
3760 -0.09670638591939537 0.5573416916969458 0.115248712449908
3761 0.2050800931721393 0.3641359196846091 0.09473595174611332
3762 0.6850563187572831 1.030479085442537 -0.1577115014833276
3763 0.3144472856283606 0.4032176137561529 0.0687201058515578
3764 0.06031447493360893 0.08577809967930217 0.06647495949480063
3765 1.105560488610087 0.6275126081128443 -0.11615904608176
3766 -0.05531230538192161 0.164028622154709 0.07028236946858059
3767 0.2914180512785935 0.1290183939528887 0.1471591499652546
3768 0.2476800592749982 0.1351664160227558 0.1386618592813159
3769 0.334568661762112 0.3998011795158771 0.06676606611652554
3770 0.7106056354923646 -0.03676196819140465 0.1423724047614824
3771 0.3959801215510742 0.1672583317232096 0.1390312597240035
3772 -0.07912309622104528 0.6869115487538647 0.09454920330556416
3773 0.364960041765332 0.3606832537162609 0.07603807492588377
3774 0.2003802446224625 0.3908914705354424 0.08811009097476999
3775 0.8659312710767038 1.010278752874737 -0.1004929763098067
3776 -0.08951167619365655 0.722378747544002 0.09489542233269142
3777 0.05316113243397724 0.175417385479912 0.09381260625102808
3778 0.7278943540099558 -0.03923172979172607 0.1367251963053099
3779 0.3768168486574298 0.05621271106957948 0.1730674893115958
3780 0.4153387000503755 0.1649572568253524 0.1379782549255357
3781 0.6642661420411948 -0.04286869893792579 0.1613295626549222
3782 0.4346192013156873 0.1620941189897401 0.1367224866362206
3783 -0.08828310785549535 0.6505167198550894 0.1031595203973141
3784 0.5563053026172262 0.007121425122478747 0.1733230673023181
3785 1.017878638812487 0.8575797066905105 -0.08115892366455014
3786 0.2660878387971408 0.1341699369837903 0.1423264440099279
3787 0.8840016921167252 -0.0295348993829247 0.0669945286147676
3788 0.2290593085192835 0.3931889278556431 0.08402476029661814
3789 0.4629342479254118 0.04041187980528622 0.17670890640187
3790 0.3844865116248584 0.3589731829071624 0.07353161606338375
3791 0.4585232815183092 0.9557830433651784 -0.1738231354579413
3792 1.07652155343879 0.2922440788542824 -0.09244384906125358
3793 0.02826666759367817 0.03243339506630236 0.02835509048564909
3794 0.04304338173320328 0.06047303960209298 0.04858242172523172
3795 0.4469279651006371 0.1763698441700957 0.1299133246396281
3796 -0.04728361482316464 0.867742902907081 0.05060155246589364
3797 -0.1117144403067525 0.4309518163319186 0.1208778922957801
3798 0.4399237890811943 0.05217550432649167 0.1745001943753062
3799 0.9717052405290005 0.9982830565050642 -0.03835443106879374
3800 0.957676537554631 0.004880673391016072 0.02155904455439838
3801 1.027670792830015 0.8730027289554877 -0.07109182269461223
3802 0.3940334554230898 0.3705409726885751 0.06768651654188901
3803 1.055451107414043 0.2154326756844576 -0.07133306670259774
3804 0.2550785686337657 0.9038159156168528 -0.1299176381996746
3805 0.4666953188106099 0.1748873163024258 0.1273466607942504
3806 0.5583412983956311 1.012186799929841 -0.1814618571511484
3807 0.06928390096028951 0.09363091153475787 0.0728693595825677
3808 0.8523278029224205 -0.0384960021173054 0.08434920641850011
3809 1.010066408079451 0.8449133522749778 -0.08762505376474525
3810 0.5041118386734387 0.1691621769070479 0.1226284221660656
3811 1.009906895478404 0.04561681029449619 -0.01528645352259229
3812 0.4768016312488703 0.1879575806549846 0.1207682349313626
3813 0.01059401465743922 0.9611544908329507 -0.004174897384305463
3814 0.5513606875760995 0.9904081123796264 -0.1761044347925675
$EndNodes
$Elements
7624
1 15 2 0 1 1
2 15 2 0 2 2
3 15 2 0 3 3
4 15 2 0 4 4
5 15 2 0 5 5
6 15 2 0 6 6
7 15 2 0 7 7
8 15 2 0 8 8
9 15 2 0 9 9
10 15 2 0 10 10
11 1 2 0 1 1 11
12 1 2 0 1 11 12
13 1 2 0 1 12 13
14 1 2 0 1 13 14
15 1 2 0 1 14 15
16 1 2 0 1 15 16
17 1 2 0 1 16 17
18 1 2 0 1 17 18
19 1 2 0 1 18 19
20 1 2 0 1 19 20
21 1 2 0 1 20 21
22 1 2 0 1 21 22
23 1 2 0 1 22 23
24 1 2 0 1 23 24
25 1 2 0 1 24 25
26 1 2 0 1 25 26
27 1 2 0 1 26 27
28 1 2 0 1 27 28
29 1 2 0 1 28 29
30 1 2 0 1 29 30
31 1 2 0 1 30 31
32 1 2 0 1 31 32
33 1 2 0 1 32 33
34 1 2 0 1 33 34
35 1 2 0 1 34 35
36 1 2 0 1 35 36
37 1 2 0 1 36 37
38 1 2 0 1 37 38
39 1 2 0 1 38 39
40 1 2 0 1 39 40
41 1 2 0 1 40 41
42 1 2 0 1 41 42
43 1 2 0 1 42 43
44 1 2 0 1 43 44
45 1 2 0 1 44 45
46 1 2 0 1 45 46
47 1 2 0 1 46 47
48 1 2 0 1 47 48
49 1 2 0 1 48 49
50 1 2 0 1 49 50
51 1 2 0 1 50 51
52 1 2 0 1 51 52
53 1 2 0 1 52 53
54 1 2 0 1 53 54
55 1 2 0 1 54 55
56 1 2 0 1 55 56
57 1 2 0 1 56 57
58 1 2 0 1 57 58
59 1 2 0 1 58 59
60 1 2 0 1 59 60
61 1 2 0 1 60 61
62 1 2 0 1 61 62
63 1 2 0 1 62 63
64 1 2 0 1 63 64
65 1 2 0 1 64 65
66 1 2 0 1 65 66
67 1 2 0 1 66 4
68 1 2 0 2 5 67
69 1 2 0 2 67 68
70 1 2 0 2 68 69
71 1 2 0 2 69 70
72 1 2 0 2 70 71
73 1 2 0 2 71 72
74 1 2 0 2 72 73
75 1 2 0 2 73 74
76 1 2 0 2 74 75
77 1 2 0 2 75 76
78 1 2 0 2 76 77
79 1 2 0 2 77 78
80 1 2 0 2 78 79
81 1 2 0 2 79 80
82 1 2 0 2 80 81
83 1 2 0 2 81 82
84 1 2 0 2 82 83
85 1 2 0 2 83 84
86 1 2 0 2 84 85
87 1 2 0 2 85 86
88 1 2 0 2 86 87
89 1 2 0 2 87 88
90 1 2 0 2 88 89
91 1 2 0 2 89 90
92 1 2 0 2 90 91
93 1 2 0 2 91 92
94 1 2 0 2 92 93
95 1 2 0 2 93 94
96 1 2 0 2 94 95
97 1 2 0 2 95 96
98 1 2 0 2 96 97
99 1 2 0 2 97 98
100 1 2 0 2 98 99
101 1 2 0 2 99 100
102 1 2 0 2 100 101
103 1 2 0 2 101 102
104 1 2 0 2 102 103
105 1 2 0 2 103 104
106 1 2 0 2 104 105
107 1 2 0 2 105 106
108 1 2 0 2 106 107
109 1 2 0 2 107 108
110 1 2 0 2 108 109
111 1 2 0 2 109 110
112 1 2 0 2 110 111
113 1 2 0 2 111 112
114 1 2 0 2 112 113
115 1 2 0 2 113 114
116 1 2 0 2 114 115
117 1 2 0 2 115 116
118 1 2 0 2 116 117
119 1 2 0 2 117 118
120 1 2 0 2 118 119
121 1 2 0 2 119 120
122 1 2 0 2 120 121
123 1 2 0 2 121 122
124 1 2 0 2 122 8
125 1 2 0 3 1 123
126 1 2 0 3 123 124
127 1 2 0 3 124 125
128 1 2 0 3 125 126
129 1 2 0 3 126 127
130 1 2 0 3 127 128
131 1 2 0 3 128 129
132 1 2 0 3 129 130
133 1 2 0 3 130 131
134 1 2 0 3 131 132
135 1 2 0 3 132 133
136 1 2 0 3 133 134
137 1 2 0 3 134 135
138 1 2 0 3 135 136
139 1 2 0 3 136 137
140 1 2 0 3 137 138
141 1 2 0 3 138 139
142 1 2 0 3 139 140
143 1 2 0 3 140 141
144 1 2 0 3 141 142
145 1 2 0 3 142 143
146 1 2 0 3 143 144
147 1 2 0 3 144 145
148 1 2 0 3 145 146
149 1 2 0 3 146 147
150 1 2 0 3 147 148
151 1 2 0 3 148 149
152 1 2 0 3 149 150
153 1 2 0 3 150 151
154 1 2 0 3 151 152
155 1 2 0 3 152 153
156 1 2 0 3 153 154
157 1 2 0 3 154 155
158 1 2 0 3 155 156
159 1 2 0 3 156 157
160 1 2 0 3 157 158
161 1 2 0 3 158 159
162 1 2 0 3 159 160
163 1 2 0 3 160 161
164 1 2 0 3 161 162
165 1 2 0 3 162 163
166 1 2 0 3 163 164
167 1 2 0 3 164 165
168 1 2 0 3 165 166
169 1 2 0 3 166 167
170 1 2 0 3 167 168
171 1 2 0 3 168 169
172 1 2 0 3 169 170
173 1 2 0 3 170 171
174 1 2 0 3 171 172
175 1 2 0 3 172 173
176 1 2 0 3 173 174
177 1 2 0 3 174 175
178 1 2 0 3 175 5
179 1 2 0 4 4 176
180 1 2 0 4 176 177
181 1 2 0 4 177 178
182 1 2 0 4 178 179
183 1 2 0 4 179 180
184 1 2 0 4 180 181
185 1 2 0 4 181 182
186 1 2 0 4 182 183
187 1 2 0 4 183 184
188 1 2 0 4 184 185
189 1 2 0 4 185 186
190 1 2 0 4 186 187
191 1 2 0 4 187 188
192 1 2 0 4 188 189
193 1 2 0 4 189 190
194 1 2 0 4 190 191
195 1 2 0 4 191 192
196 1 2 0 4 192 193
197 1 2 0 4 193 194
198 1 2 0 4 194 195
199 1 2 0 4 195 196
200 1 2 0 4 196 197
201 1 2 0 4 197 198
202 1 2 0 4 198 199
203 1 2 0 4 199 200
204 1 2 0 4 200 201
205 1 2 0 4 201 202
206 1 2 0 4 202 203
207 1 2 0 4 203 204
208 1 2 0 4 204 205
209 1 2 0 4 205 206
210 1 2 0 4 206 207
211 1 2 0 4 207 208
212 1 2 0 4 208 209
213 1 2 0 4 209 210
214 1 2 0 4 210 211
215 1 2 0 4 211 212
216 1 2 0 4 212 213
217 1 2 0 4 213 214
218 1 2 0 4 214 215
219 1 2 0 4 215 216
220 1 2 0 4 216 217
221 1 2 0 4 217 218
222 1 2 0 4 218 219
223 1 2 0 4 219 220
224 1 2 0 4 220 221
225 1 2 0 4 221 222
226 1 2 0 4 222 223
227 1 2 0 4 223 224
228 1 2 0 4 224 225
229 1 2 0 4 225 226
230 1 2 0 4 226 227
231 1 2 0 4 227 228
232 1 2 0 4 228 8
233 2 2 0 1 302 3489 3109
234 2 2 0 1 101 2549 102
235 2 2 0 1 2190 3199 2489
236 2 2 0 1 2166 3586 3460
237 2 2 0 1 2496 3478 2498
238 2 2 0 1 1916 3629 1918
239 2 2 0 1 2489 3199 453
240 2 2 0 1 3396 3641 1988
241 2 2 0 1 3202 3491 303
242 2 2 0 1 2312 3642 2310
243 2 2 0 1 56 2393 55
244 2 2 0 1 1730 3335 1732
245 2 2 0 1 3460 3586 299
246 2 2 0 1 2675 2677 272
247 2 2 0 1 1845 3288 1843
248 2 2 0 1 2174 2562 230
249 2 2 0 1 262 3746 2325
250 2 2 0 1 2797 3459 292
251 2 2 0 1 1988 3641 3335
252 2 2 0 1 2325 2764 262
253 2 2 0 1 310 2846 2264
254 2 2 0 1 289 3412 2202
255 2 2 0 1 123 314 124
256 2 2 0 1 2796 3459 2797
257 2 2 0 1 3109 3401 302
258 2 2 0 1 1306 3558 2203
259 2 2 0 1 2203 3533 1306
260 2 2 0 1 46 3287 45
261 2 2 0 1 286 2305 78
262 2 2 0 1 314 315 124
263 2 2 0 1 2094 2688 2395
264 2 2 0 1 2202 3594 289
265 2 2 0 1 230 3677 2174
266 2 2 0 1 2236 2737 426
267 2 2 0 1 309 3535 2227
268 2 2 0 1 2497 3478 2496
269 2 2 0 1 280 3288 3286
270 2 2 0 1 2223 2394 1293
271 2 2 0 1 1681 2367 1678
272 2 2 0 1 2279 3248 1321
273 2 2 0 1 2265 3479 301
274 2 2 0 1 2288 2428 239
275 2 2 0 1 2193 2354 2335
276 2 2 0 1 426 2772 2236
277 2 2 0 1 2253 3468 1533
278 2 2 0 1 2256 2853 2258
279 2 2 0 1 78 2305 79
280 2 2 0 1 3286 3287 280
281 2 2 0 1 2204 3511 2203
282 2 2 0 1 279 3228 2221
283 2 2 0 1 3632 3665 250
284 2 2 0 1 3511 3533 2203
285 2 2 0 1 2677 3449 272
286 2 2 0 1 1293 2395 2223
287 2 2 0 1 2271 2379 264
288 2 2 0 1 2215 3531 249
289 2 2 0 1 1321 3396 2279
290 2 2 0 1 251 3694 3654
291 2 2 0 1 1378 2286 1394
292 2 2 0 1 2279 3396 1988
293 2 2 0 1 2000 2547 1923
294 2 2 0 1 2224 2384 1653
295 2 2 0 1 236 3715 2519
296 2 2 0 1 2500 3312 1032
297 2 2 0 1 2435 2436 2392
298 2 2 0 1 2436 2564 2392
299 2 2 0 1 2195 3665 3632
300 2 2 0 1 2367 3629 1916
301 2 2 0 1 3654 3694 2257
302 2 2 0 1 2310 3642 707
303 2 2 0 1 2764 3473 262
304 2 2 0 1 1533 3468 2275
305 2 2 0 1 3542 3585 236
306 2 2 0 1 2307 3324 305
307 2 2 0 1 310 2847 2846
308 2 2 0 1 2242 2463 1722
309 2 2 0 1 3248 3250 1321
310 2 2 0 1 1386 2384 1228
311 2 2 0 1 1399 2853 2256
312 2 2 0 1 3620 3675 2167
313 2 2 0 1 1533 2275 2126
314 2 2 0 1 41 2467 40
315 2 2 0 1 1957 2262 2105
316 2 2 0 1 2496 3606 2497
317 2 2 0 1 2193 3694 2354
318 2 2 0 1 2221 3663 279
319 2 2 0 1 2434 2454 1428
320 2 2 0 1 3202 3689 3491
321 2 2 0 1 249 3564 2215
322 2 2 0 1 2663 3473 2764
323 2 2 0 1 85 2442 86
324 2 2 0 1 2381 2429 1761
325 2 2 0 1 2519 3542 236
326 2 2 0 1 1952 2286 2233
327 2 2 0 1 2796 3589 3459
328 2 2 0 1 1600 2463 2242
329 2 2 0 1 239 2428 2328
330 2 2 0 1 2777 3783 3324
331 2 2 0 1 1352 2273 1302
332 2 2 0 1 1763 3556 3346
333 2 2 0 1 2233 2384 1952
334 2 2 0 1 1988 3335 1730
335 2 2 0 1 55 2393 248
336 2 2 0 1 2381 2454 2434
337 2 2 0 1 1763 3574 3556
338 2 2 0 1 2795 3589 2796
339 2 2 0 1 227 2453 288
340 2 2 0 1 365 3388 2464
341 2 2 0 1 1653 3775 2224
342 2 2 0 1 3063 3558 1306
343 2 2 0 1 1680 2282 1859
344 2 2 0 1 2497 3606 240
345 2 2 0 1 249 3683 3564
346 2 2 0 1 2231 2310 707
347 2 2 0 1 1843 3288 1846
348 2 2 0 1 2549 3673 102
349 2 2 0 1 1306 3581 3063
350 2 2 0 1 280 3287 46
351 2 2 0 1 1209 2330 2247
352 2 2 0 1 252 3639 2229
353 2 2 0 1 3564 3683 2654
354 2 2 0 1 1266 3250 3249
355 2 2 0 1 1577 2437 2263
356 2 2 0 1 2130 3617 3607
357 2 2 0 1 3607 3617 3249
358 2 2 0 1 2271 2429 2379
359 2 2 0 1 3650 3668 2575
360 2 2 0 1 1563 2429 1683
361 2 2 0 1 2237 2702 273
362 2 2 0 1 2389 3813 2244
363 2 2 0 1 3324 3783 246
364 2 2 0 1 242 2549 101
365 2 2 0 1 2452 3619 3502
366 2 2 0 1 2275 2330 2126
367 2 2 0 1 267 3675 3620
368 2 2 0 1 1237 3643 2548
369 2 2 0 1 1256 3668 3650
370 2 2 0 1 3286 3288 1845
371 2 2 0 1 1394 2286 1952
372 2 2 0 1 2230 3720 300
373 2 2 0 1 1713 2282 1680
374 2 2 0 1 1075 2435 1078
375 2 2 0 1 2306 3323 2307
376 2 2 0 1 2335 2354 284
377 2 2 0 1 3314 3510 1959
378 2 2 0 1 2434 3664 3639
379 2 2 0 1 197 3448 196
380 2 2 0 1 2244 2390 2389
381 2 2 0 1 1272 3320 2260
382 2 2 0 1 3639 3664 2229
383 2 2 0 1 2273 2274 1302
384 2 2 0 1 2218 3627 1015
385 2 2 0 1 1399 2256 2248
386 2 2 0 1 707 3446 2231
387 2 2 0 1 2249 2282 1713
388 2 2 0 1 1015 3743 2218
389 2 2 0 1 95 3634 3031
390 2 2 0 1 2453 3619 2452
391 2 2 0 1 2260 3320 1990
392 2 2 0 1 1732 3335 3334
393 2 2 0 1 274 2254 2252
394 2 2 0 1 2240 2397 231
395 2 2 0 1 2519 3715 2518
396 2 2 0 1 2094 2395 2236
397 2 2 0 1 1919 2500 2238
398 2 2 0 1 3566 3638 295
399 2 2 0 1 3031 3744 95
400 2 2 0 1 2263 2437 1993
401 2 2 0 1 231 2467 2240
402 2 2 0 1 1761 2454 2381
403 2 2 0 1 2252 2255 274
404 2 2 0 1 1990 3320 2284
405 2 2 0 1 2395 2688 2223
406 2 2 0 1 3324 3686 305
407 2 2 0 1 3479 3702 301
408 2 2 0 1 2281 3137 2012
409 2 2 0 1 2668 3638 3566
410 2 2 0 1 2273 2367 1681
411 2 2 0 1 2548 3643 2547
412 2 2 0 1 2000 2548 2547
413 2 2 0 1 1696 3323 2306
414 2 2 0 1 2269 3738 237
415 2 2 0 1 11 314 123
416 2 2 0 1 1538 3338 2308
417 2 2 0 1 1990 2284 1692
418 2 2 0 1 1919 3312 2500
419 2 2 0 1 1678 2367 1916
420 2 2 0 1 247 3636 2680
421 2 2 0 1 1545 3137 2281
422 2 2 0 1 2680 3704 247
423 2 2 0 1 1722 2464 2242
424 2 2 0 1 3563 3669 82
425 2 2 0 1 2238 2695 1919
426 2 2 0 1 2308 3338 1912
427 2 2 0 1 3554 3612 2232
428 2 2 0 1 2284 2440 1692
429 2 2 0 1 2227 3635 309
430 2 2 0 1 228 2453 227
431 2 2 0 1 237 3726 2269
432 2 2 0 1 2695 3334 1008
433 2 2 0 1 293 3735 2211
434 2 2 0 1 2266 2308 1912
435 2 2 0 1 2211 3634 293
436 2 2 0 1 313 3813 2389
437 2 2 0 1 3153 3364 3151
438 2 2 0 1 1607 2283 2282
439 2 2 0 1 3227 3585 3542
440 2 2 0 1 1692 2440 1403
441 2 2 0 1 2204 3605 3511
442 2 2 0 1 303 3540 3202
443 2 2 0 1 542 3612 3554
444 2 2 0 1 2519 2640 2520
445 2 2 0 1 2235 3519 2475
446 2 2 0 1 2166 3460 2884
447 2 2 0 1 2261 2331 739
448 2 2 0 1 1912 2341 2266
449 2 2 0 1 233 2345 2251
450 2 2 0 1 56 3541 2393
451 2 2 0 1 17 3654 2259
452 2 2 0 1 300 3614 2230
453 2 2 0 1 2395 2737 2236
454 2 2 0 1 3670 3714 258
455 2 2 0 1 934 2300 2298
456 2 2 0 1 2344 3330 575
457 2 2 0 1 2083 2602 2272
458 2 2 0 1 3605 3716 3511
459 2 2 0 1 2844 3601 248
460 2 2 0 1 2262 2437 2105
461 2 2 0 1 1228 2384 2233
462 2 2 0 1 701 2331 700
463 2 2 0 1 1863 2898 2341
464 2 2 0 1 1145 3504 3204
465 2 2 0 1 1716 3364 3153
466 2 2 0 1 3500 3652 391
467 2 2 0 1 1713 2501 2249
468 2 2 0 1 2247 2581 1209
469 2 2 0 1 2341 2898 2266
470 2 2 0 1 2674 3714 3670
471 2 2 0 1 2364 3646 2195
472 2 2 0 1 3628 3715 206
473 2 2 0 1 2204 3700 3605
474 2 2 0 1 248 3701 2844
475 2 2 0 1 1566 2482 2280
476 2 2 0 1 1653 2384 1386
477 2 2 0 1 295 3473 2663
478 2 2 0 1 2663 3566 295
479 2 2 0 1 1949 2564 2463
480 2 2 0 1 2229 3711 252
481 2 2 0 1 2195 3632 2364
482 2 2 0 1 2248 2694 1399
483 2 2 0 1 362 3747 2243
484 2 2 0 1 2262 2500 1032
485 2 2 0 1 2298 3094 934
486 2 2 0 1 2243 3755 362
487 2 2 0 1 2341 2343 1863
488 2 2 0 1 2777 3324 3323
489 2 2 0 1 2259 3699 17
490 2 2 0 1 1949 2463 1600
491 2 2 0 1 273 3656 2237
492 2 2 0 1 1933 3374 2333
493 2 2 0 1 298 2467 41
494 2 2 0 1 1352 2367 2273
495 2 2 0 1 2250 2955 281
496 2 2 0 1 86 2442 230
497 2 2 0 1 3444 3667 3659
498 2 2 0 1 790 3583 792
499 2 2 0 1 40 2467 231
500 2 2 0 1 739 2331 701
501 2 2 0 1 1923 2547 2002
502 2 2 0 1 2231 3446 2232
503 2 2 0 1 3249 3250 3248
504 2 2 0 1 2680 3449 2677
505 2 2 0 1 2501 3549 1972
506 2 2 0 1 1863 2343 1733
507 2 2 0 1 3287 3510 45
508 2 2 0 1 1702 2924 2922
509 2 2 0 1 2464 3388 2242
510 2 2 0 1 85 3610 2442
511 2 2 0 1 2299 3094 2298
512 2 2 0 1 769 3095 754
513 2 2 0 1 3704 3753 3494
514 2 2 0 1 1957 2500 2262
515 2 2 0 1 739 2475 2261
516 2 2 0 1 1607 3507 2283
517 2 2 0 1 2464 2772 426
518 2 2 0 1 3659 3667 308
519 2 2 0 1 286 2644 2305
520 2 2 0 1 124 315 125
521 2 2 0 1 2177 2749 2175
522 2 2 0 1 1285 2291 2290
523 2 2 0 1 125 315 312
524 2 2 0 1 2545 2546 2002
525 2 2 0 1 654 3573 3553
526 2 2 0 1 2333 3374 2334
527 2 2 0 1 365 2464 426
528 2 2 0 1 2238 3334 2695
529 2 2 0 1 2392 2564 1949
530 2 2 0 1 935 2492 805
531 2 2 0 1 2366 2447 237
532 2 2 0 1 2778 3490 254
533 2 2 0 1 2548 3625 3624
534 2 2 0 1 2708 3552 1986
535 2 2 0 1 918 3250 964
536 2 2 0 1 2247 2330 1969
537 2 2 0 1 1074 2435 1075
538 2 2 0 1 3446 3554 2232
539 2 2 0 1 2678 2971 2681
540 2 2 0 1 282 3520 3484
541 2 2 0 1 3553 3573 2285
542 2 2 0 1 1346 3243 2501
543 2 2 0 1 1229 3608 3595
544 2 2 0 1 1378 3076 2286
545 2 2 0 1 1761 2429 1563
546 2 2 0 1 3605 3700 229
547 2 2 0 1 2489 3728 1222
548 2 2 0 1 1572 3557 1723
549 2 2 0 1 2186 2494 2493
550 2 2 0 1 2926 3567 3443
551 2 2 0 1 2546 3436 2002
552 2 2 0 1 247 3704 3494
553 2 2 0 1 3535 3672 2227
554 2 2 0 1 1222 3742 2489
555 2 2 0 1 1176 2295 1178
556 2 2 0 1 1683 2429 2271
557 2 2 0 1 2282 2283 1859
558 2 2 0 1 288 2453 2451
559 2 2 0 1 2546 3475 3436
560 2 2 0 1 1700 2924 1702
561 2 2 0 1 1918 3629 2216
562 2 2 0 1 2260 3321 1272
563 2 2 0 1 3595 3608 3079
564 2 2 0 1 2475 2514 2235
565 2 2 0 1 2180 2749 2177
566 2 2 0 1 1540 3321 2368
567 2 2 0 1 2543 3504 1145
568 2 2 0 1 2846 2847 2844
569 2 2 0 1 2923 2925 925
570 2 2 0 1 2326 3642 2312
571 2 2 0 1 3436 3475 1606
572 2 2 0 1 3475 3507 1606
573 2 2 0 1 431 2581 2342
574 2 2 0 1 241 3510 3314
575 2 2 0 1 2263 2915 1577
576 2 2 0 1 1559 3020 2502
577 2 2 0 1 2280 2482 1719
578 2 2 0 1 3387 3590 1694
579 2 2 0 1 1955 3592 3184
580 2 2 0 1 182 3460 181
581 2 2 0 1 2476 2514 2475
582 2 2 0 1 1753 3493 3219
583 2 2 0 1 239 3731 2288
584 2 2 0 1 3500 3525 2047
585 2 2 0 1 2226 3775 3527
586 2 2 0 1 1397 2972 1435
587 2 2 0 1 2192 3669 3563
588 2 2 0 1 264 3522 2271
589 2 2 0 1 1835 3158 2516
590 2 2 0 1 3624 3625 410
591 2 2 0 1 1606 3507 1607
592 2 2 0 1 2680 3636 3449
593 2 2 0 1 2047 3525 2278
594 2 2 0 1 2186 2493 1760
595 2 2 0 1 1403 2440 1929
596 2 2 0 1 1734 3425 3275
597 2 2 0 1 2302 2303 259
598 2 2 0 1 1078 2435 1276
599 2 2 0 1 2325 3746 2327
600 2 2 0 1 2019 3522 3484
601 2 2 0 1 2160 2927 2345
602 2 2 0 1 934 2492 2300
603 2 2 0 1 331 3642 2326
604 2 2 0 1 1506 3272 3022
605 2 2 0 1 1172 2483 1174
606 2 2 0 1 1276 2392 2276
607 2 2 0 1 1719 2482 2346
608 2 2 0 1 1172 2647 2483
609 2 2 0 1 2342 3603 3597
610 2 2 0 1 1993 2437 2262
611 2 2 0 1 1691 3135 2277
612 2 2 0 1 1554 2517 2516
613 2 2 0 1 3393 3616 1948
614 2 2 0 1 1218 3560 948
615 2 2 0 1 2968 2970 2679
616 2 2 0 1 2518 3715 3628
617 2 2 0 1 3597 3603 2368
618 2 2 0 1 196 3448 304
619 2 2 0 1 1733 3538 1573
620 2 2 0 1 1170 2647 1172
621 2 2 0 1 724 2476 703
622 2 2 0 1 2493 3005 1760
623 2 2 0 1 1533 3802 2253
624 2 2 0 1 1554 2640 2517
625 2 2 0 1 3323 3324 2307
626 2 2 0 1 2286 3076 2234
627 2 2 0 1 1581 2973 2972
628 2 2 0 1 1969 2330 2275
629 2 2 0 1 2221 3734 3508
630 2 2 0 1 290 3604 2267
631 2 2 0 1 2300 3588 3005
632 2 2 0 1 2971 2972 2681
633 2 2 0 1 2276 2565 1276
634 2 2 0 1 2290 2295 1285
635 2 2 0 1 1710 2924 1700
636 2 2 0 1 2915 3135 1691
637 2 2 0 1 2539 2540 1709
638 2 2 0 1 278 2339 2287
639 2 2 0 1 2277 3137 1691
640 2 2 0 1 3076 3519 2234
641 2 2 0 1 2251 3688 233
642 2 2 0 1 2922 2927 1702
643 2 2 0 1 281 3673 2250
644 2 2 0 1 2343 3330 2344
645 2 2 0 1 1297 2350 2347
646 2 2 0 1 730 2555 2551
647 2 2 0 1 2091 2274 2273
648 2 2 0 1 3273 3534 1723
649 2 2 0 1 385 2581 387
650 2 2 0 1 2354 3694 251
651 2 2 0 1 3732 3739 441
652 2 2 0 1 638 2582 640
653 2 2 0 1 2271 3522 2019
654 2 2 0 1 3609 3618 1198
655 2 2 0 1 2368 3321 2260
656 2 2 0 1 3184 3812 1955
657 2 2 0 1 1987 2332 2331
658 2 2 0 1 1145 3224 2543
659 2 2 0 1 2517 2640 2519
660 2 2 0 1 3107 3578 3060
661 2 2 0 1 2622 3739 3732
662 2 2 0 1 2130 3607 3280
663 2 2 0 1 1357 2580 1129
664 2 2 0 1 2679 3115 2968
665 2 2 0 1 2263 3135 2915
666 2 2 0 1 2022 3649 3593
667 2 2 0 1 2012 3137 2277
668 2 2 0 1 1987 2502 2332
669 2 2 0 1 3490 3791 254
670 2 2 0 1 2234 3519 2235
671 2 2 0 1 2396 3422 1450
672 2 2 0 1 1703 3530 1568
673 2 2 0 1 1285 2295 1176
674 2 2 0 1 197 3688 3448
675 2 2 0 1 2326 3777 331
676 2 2 0 1 2216 3629 2901
677 2 2 0 1 3527 3727 2226
678 2 2 0 1 301 3725 2265
679 2 2 0 1 2297 3611 3580
680 2 2 0 1 2331 2332 700
681 2 2 0 1 48 3662 3289
682 2 2 0 1 2380 2382 2378
683 2 2 0 1 2280 2708 1566
684 2 2 0 1 2438 2439 263
685 2 2 0 1 1715 3327 3326
686 2 2 0 1 2172 2997 2176
687 2 2 0 1 2047 3652 3500
688 2 2 0 1 575 3331 2344
689 2 2 0 1 123 1 11
690 2 2 0 1 1959 3510 3287
691 2 2 0 1 2339 3543 2990
692 2 2 0 1 3022 3273 1506
693 2 2 0 1 1209 3391 2330
694 2 2 0 1 2379 2429 2381
695 2 2 0 1 1972 3549 2308
696 2 2 0 1 2278 3525 654
697 2 2 0 1 3022 3534 3273
698 2 2 0 1 2245 3720 2230
699 2 2 0 1 3095 3583 790
700 2 2 0 1 1709 2541 2539
701 2 2 0 1 153 3497 154
702 2 2 0 1 2931 3692 271
703 2 2 0 1 2382 3639 252
704 2 2 0 1 1285 2483 2291
705 2 2 0 1 654 3553 2278
706 2 2 0 1 2450 2910 839
707 2 2 0 1 1166 2630 1168
708 2 2 0 1 2091 2441 2274
709 2 2 0 1 2017 3516 2333
710 2 2 0 1 1083 2481 1081
711 2 2 0 1 1321 3250 918
712 2 2 0 1 1723 3557 3273
713 2 2 0 1 754 3095 790
714 2 2 0 1 2330 3391 2126
715 2 2 0 1 3094 3095 769
716 2 2 0 1 1581 2972 1397
717 2 2 0 1 3393 3516 2017
718 2 2 0 1 2577 3706 3697
719 2 2 0 1 2847 3601 2844
720 2 2 0 1 2186 3735 2494
721 2 2 0 1 2968 3115 1044
722 2 2 0 1 2342 2581 2247
723 2 2 0 1 2389 2390 282
724 2 2 0 1 2303 2357 259
725 2 2 0 1 268 3669 2289
726 2 2 0 1 2160 3734 2221
727 2 2 0 1 805 2492 934
728 2 2 0 1 1219 2492 935
729 2 2 0 1 1952 2384 2224
730 2 2 0 1 459 2377 457
731 2 2 0 1 3580 3611 764
732 2 2 0 1 3249 3617 1266
733 2 2 0 1 2281 3364 1545
734 2 2 0 1 1435 2972 2971
735 2 2 0 1 700 3523 673
736 2 2 0 1 1217 2359 2338
737 2 2 0 1 3151 3364 2281
738 2 2 0 1 245 3589 2795
739 2 2 0 1 2501 3243 2249
740 2 2 0 1 3484 3520 2019
741 2 2 0 1 1304 2373 2371
742 2 2 0 1 3289 3781 48
743 2 2 0 1 1857 2390 2244
744 2 2 0 1 1346 2501 1972
745 2 2 0 1 2551 2554 730
746 2 2 0 1 39 3453 38
747 2 2 0 1 2173 3671 3660
748 2 2 0 1 1408 2640 1326
749 2 2 0 1 2516 3158 1554
750 2 2 0 1 964 3250 1266
751 2 2 0 1 1983 2644 1980
752 2 2 0 1 2343 2344 1733
753 2 2 0 1 2925 2926 925
754 2 2 0 1 2090 3120 2554
755 2 2 0 1 2248 2945 2694
756 2 2 0 1 2694 2945 1007
757 2 2 0 1 1559 2502 1987
758 2 2 0 1 3215 3465 2337
759 2 2 0 1 1945 3703 3696
760 2 2 0 1 2901 3809 2216
761 2 2 0 1 314 2267 315
762 2 2 0 1 2390 3520 282
763 2 2 0 1 315 2267 316
764 2 2 0 1 296 3718 2239
765 2 2 0 1 1998 2927 1999
766 2 2 0 1 2520 3542 2519
767 2 2 0 1 2924 2925 2923
768 2 2 0 1 2359 3562 2803
769 2 2 0 1 2853 3807 2258
770 2 2 0 1 2475 3519 2261
771 2 2 0 1 2274 2887 1302
772 2 2 0 1 267 3620 2268
773 2 2 0 1 3005 3588 1760
774 2 2 0 1 1661 3591 3571
775 2 2 0 1 315 316 312
776 2 2 0 1 2502 3020 1839
777 2 2 0 1 1721 3431 2706
778 2 2 0 1 1822 3461 1756
779 2 2 0 1 2377 3422 2396
780 2 2 0 1 742 2376 2352
781 2 2 0 1 2925 3567 2926
782 2 2 0 1 284 2354 20
783 2 2 0 1 3334 3335 1008
784 2 2 0 1 2299 3095 3094
785 2 2 0 1 2267 3793 290
786 2 2 0 1 2399 2537 927
787 2 2 0 1 1007 2945 2296
788 2 2 0 1 1575 2433 2432
789 2 2 0 1 1715 3326 3325
790 2 2 0 1 2344 3538 1733
791 2 2 0 1 2337 3465 2336
792 2 2 0 1 1702 2927 2160
793 2 2 0 1 952 3173 2375
794 2 2 0 1 2538 2540 2539
795 2 2 0 1 2272 3657 2083
796 2 2 0 1 3204 3504 3153
797 2 2 0 1 3478 3757 2498
798 2 2 0 1 174 3720 3693
799 2 2 0 1 3571 3591 2156
800 2 2 0 1 2358 2461 2189
801 2 2 0 1 2031 2788 1750
802 2 2 0 1 3660 3671 671
803 2 2 0 1 675 3124 2446
804 2 2 0 1 2189 2462 2358
805 2 2 0 1 2910 2996 839
806 2 2 0 1 1835 2516 2252
807 2 2 0 1 1575 2432 1313
808 2 2 0 1 2884 3460 244
809 2 2 0 1 2679 2971 2678
810 2 2 0 1 1839 2523 2503
811 2 2 0 1 3666 3682 2208
812 2 2 0 1 2537 2538 927
813 2 2 0 1 1174 2483 1285
814 2 2 0 1 2268 3681 267
815 2 2 0 1 2788 3493 1753
816 2 2 0 1 2441 2550 2274
817 2 2 0 1 3022 3272 2449
818 2 2 0 1 1839 2503 2502
819 2 2 0 1 724 2513 2476
820 2 2 0 1 244 3460 182
821 2 2 0 1 3697 3706 3199
822 2 2 0 1 1581 3543 2973
823 2 2 0 1 271 3754 2931
824 2 2 0 1 285 2360 24
825 2 2 0 1 908 2695 910
826 2 2 0 1 1703 2550 2441
827 2 2 0 1 285 2361 2360
828 2 2 0 1 255 3682 3666
829 2 2 0 1 3280 3810 2130
830 2 2 0 1 3696 3703 3046
831 2 2 0 1 285 2447 2362
832 2 2 0 1 2706 3431 2081
833 2 2 0 1 3547 3569 1621
834 2 2 0 1 181 3460 299
835 2 2 0 1 2541 3223 2539
836 2 2 0 1 1724 2722 2719
837 2 2 0 1 2362 2447 2366
838 2 2 0 1 2795 3658 245
839 2 2 0 1 1855 2390 1857
840 2 2 0 1 2338 2812 1217
841 2 2 0 1 1313 2432 1312
842 2 2 0 1 1162 2726 1164
843 2 2 0 1 1297 2647 1170
844 2 2 0 1 1986 3552 2306
845 2 2 0 1 2671 3433 2673
846 2 2 0 1 363 2737 361
847 2 2 0 1 1226 2708 1420
848 2 2 0 1 2295 3590 3387
849 2 2 0 1 2970 2971 2679
850 2 2 0 1 2449 3021 2124
851 2 2 0 1 862 3498 864
852 2 2 0 1 2812 3325 699
853 2 2 0 1 703 2476 739
854 2 2 0 1 3532 3599 1754
855 2 2 0 1 2721 2724 2720
856 2 2 0 1 14 2369 290
857 2 2 0 1 3593 3649 2933
858 2 2 0 1 2346 2580 1719
859 2 2 0 1 3153 3504 1716
860 2 2 0 1 2469 3461 1822
861 2 2 0 1 2295 3387 1178
862 2 2 0 1 1312 2432 2370
863 2 2 0 1 2224 3775 2226
864 2 2 0 1 1734 3538 3425
865 2 2 0 1 2446 3124 2016
866 2 2 0 1 2353 2481 1086
867 2 2 0 1 2296 3524 1007
868 2 2 0 1 2541 3224 3223
869 2 2 0 1 1409 2724 1411
870 2 2 0 1 2347 2647 1297
871 2 2 0 1 387 2581 431
872 2 2 0 1 2997 3560 1218
873 2 2 0 1 1822 2821 2469
874 2 2 0 1 1297 2630 2350
875 2 2 0 1 2214 3545 3409
876 2 2 0 1 872 3224 874
877 2 2 0 1 1129 2580 1130
878 2 2 0 1 720 2582 638
879 2 2 0 1 3719 3813 313
880 2 2 0 1 675 3561 3124
881 2 2 0 1 640 2582 1217
882 2 2 0 1 1273 3321 1314
883 2 2 0 1 2239 3674 296
884 2 2 0 1 2352 2787 742
885 2 2 0 1 2328 2428 1833
886 2 2 0 1 2306 3552 1696
887 2 2 0 1 1209 2581 385
888 2 2 0 1 1184 2405 2403
889 2 2 0 1 2308 3549 1538
890 2 2 0 1 2862 3578 3107
891 2 2 0 1 1575 2803 2433
892 2 2 0 1 328 2694 330
893 2 2 0 1 2336 3465 1134
894 2 2 0 1 2378 2382 74
895 2 2 0 1 164 3717 2593
896 2 2 0 1 1685 2772 1684
897 2 2 0 1 1719 2580 1357
898 2 2 0 1 2862 3107 740
899 2 2 0 1 2285 3573 1229
900 2 2 0 1 2305 3722 79
901 2 2 0 1 2543 3224 2541
902 2 2 0 1 1086 2481 1083
903 2 2 0 1 2333 3516 1933
904 2 2 0 1 2593 3721 164
905 2 2 0 1 2171 2997 2172
906 2 2 0 1 451 2787 446
907 2 2 0 1 2280 3552 2708
908 2 2 0 1 3219 3493 1134
909 2 2 0 1 2332 3523 700
910 2 2 0 1 1229 3595 2285
911 2 2 0 1 2370 2459 1312
912 2 2 0 1 2386 2387 1726
913 2 2 0 1 1086 3021 2353
914 2 2 0 1 77 2383 286
915 2 2 0 1 728 2555 730
916 2 2 0 1 824 3584 3568
917 2 2 0 1 2580 3452 1130
918 2 2 0 1 796 2555 728
919 2 2 0 1 1130 3452 2706
920 2 2 0 1 2385 3738 2270
921 2 2 0 1 2340 3543 2339
922 2 2 0 1 284 3513 2335
923 2 2 0 1 866 2538 868
924 2 2 0 1 3693 3813 3719
925 2 2 0 1 1726 2388 2386
926 2 2 0 1 3568 3584 2337
927 2 2 0 1 2460 3366 1727
928 2 2 0 1 237 3738 2366
929 2 2 0 1 3647 3801 3785
930 2 2 0 1 2189 2461 1667
931 2 2 0 1 1450 3518 2396
932 2 2 0 1 2719 2724 1724
933 2 2 0 1 1913 3434 3310
934 2 2 0 1 3288 3289 1846
935 2 2 0 1 2013 2401 2400
936 2 2 0 1 1134 3493 2336
937 2 2 0 1 642 2812 644
938 2 2 0 1 435 3774 2462
939 2 2 0 1 2551 3530 1703
940 2 2 0 1 457 2377 742
941 2 2 0 1 2550 2887 2274
942 2 2 0 1 1304 2630 1166
943 2 2 0 1 245 3658 3470
944 2 2 0 1 313 2389 68
945 2 2 0 1 241 3314 2356
946 2 2 0 1 3785 3801 2005
947 2 2 0 1 1715 3575 3327
948 2 2 0 1 2469 2821 2023
949 2 2 0 1 265 3529 2610
950 2 2 0 1 2264 3778 310
951 2 2 0 1 240 3606 2301
952 2 2 0 1 2328 3598 239
953 2 2 0 1 2803 3337 1932
954 2 2 0 1 2371 2630 1304
955 2 2 0 1 1391 3433 2671
956 2 2 0 1 1755 2387 2386
957 2 2 0 1 2269 3681 2268
958 2 2 0 1 2176 2997 2856
959 2 2 0 1 1218 2996 2856
960 2 2 0 1 2017 3616 3393
961 2 2 0 1 260 3631 3596
962 2 2 0 1 2467 3784 2240
963 2 2 0 1 278 2340 2339
964 2 2 0 1 653 2813 541
965 2 2 0 1 3327 3575 3402
966 2 2 0 1 3325 3326 699
967 2 2 0 1 1168 2630 1297
968 2 2 0 1 2863 3528 2131
969 2 2 0 1 2353 3021 2449
970 2 2 0 1 2444 3434 1913
971 2 2 0 1 2428 2448 1833
972 2 2 0 1 949 3174 951
973 2 2 0 1 2304 3579 234
974 2 2 0 1 2436 3618 3609
975 2 2 0 1 2719 2722 2718
976 2 2 0 1 1980 2644 1978
977 2 2 0 1 1755 2490 2387
978 2 2 0 1 1391 2671 2669
979 2 2 0 1 2267 3604 316
980 2 2 0 1 2856 2996 2910
981 2 2 0 1 1304 2726 2373
982 2 2 0 1 2400 2461 2013
983 2 2 0 1 2240 3784 2144
984 2 2 0 1 1713 3549 2501
985 2 2 0 1 2520 2640 1408
986 2 2 0 1 3523 3561 675
987 2 2 0 1 1326 2640 1554
988 2 2 0 1 858 2816 859
989 2 2 0 1 2468 2469 2023
990 2 2 0 1 2554 3120 730
991 2 2 0 1 2909 3512 3386
992 2 2 0 1 927 2538 866
993 2 2 0 1 1951 3468 2253
994 2 2 0 1 2459 3366 2460
995 2 2 0 1 231 3453 39
996 2 2 0 1 1999 2927 2922
997 2 2 0 1 2297 3524 2296
998 2 2 0 1 1735 3530 2556
999 2 2 0 1 2090 2554 2091
1000 2 2 0 1 154 3497 305
1001 2 2 0 1 1710 2925 2924
1002 2 2 0 1 2016 2877 2446
1003 2 2 0 1 1750 2788 2352
1004 2 2 0 1 1159 2624 1160
1005 2 2 0 1 1661 3548 3374
1006 2 2 0 1 3443 3567 2720
1007 2 2 0 1 1734 3557 1572
1008 2 2 0 1 1951 3480 3468
1009 2 2 0 1 2375 3174 952
1010 2 2 0 1 2305 2644 1983
1011 2 2 0 1 2345 2927 1998
1012 2 2 0 1 740 3528 2863
1013 2 2 0 1 2269 3726 3681
1014 2 2 0 1 459 3422 2377
1015 2 2 0 1 3267 3458 3266
1016 2 2 0 1 3528 3555 2131
1017 2 2 0 1 3115 3433 1044
1018 2 2 0 1 3693 3720 2245
1019 2 2 0 1 2718 2722 2717
1020 2 2 0 1 2287 3637 278
1021 2 2 0 1 2481 3297 1081
1022 2 2 0 1 2159 3480 1951
1023 2 2 0 1 2552 3066 664
1024 2 2 0 1 1309 3499 3440
1025 2 2 0 1 2431 2468 2023
1026 2 2 0 1 2398 2553 539
1027 2 2 0 1 2252 2516 2255
1028 2 2 0 1 792 3583 839
1029 2 2 0 1 2669 2682 1391
1030 2 2 0 1 1919 2695 908
1031 2 2 0 1 1661 3571 3548
1032 2 2 0 1 3658 3698 3470
1033 2 2 0 1 280 3781 3288
1034 2 2 0 1 1420 2708 1986
1035 2 2 0 1 2462 3761 435
1036 2 2 0 1 3143 3442 3144
1037 2 2 0 1 740 2863 2862
1038 2 2 0 1 2024 3239 2505
1039 2 2 0 1 2582 3562 2359
1040 2 2 0 1 1159 2646 2624
1041 2 2 0 1 3174 3483 1138
1042 2 2 0 1 2338 3325 2812
1043 2 2 0 1 2575 3612 542
1044 2 2 0 1 1667 2461 2400
1045 2 2 0 1 1595 3486 2632
1046 2 2 0 1 2366 3738 2385
1047 2 2 0 1 2131 3555 2458
1048 2 2 0 1 426 2737 363
1049 2 2 0 1 1184 2726 1162
1050 2 2 0 1 1577 2890 2437
1051 2 2 0 1 2673 3433 3115
1052 2 2 0 1 1073 2881 1072
1053 2 2 0 1 38 3453 291
1054 2 2 0 1 2011 3297 2481
1055 2 2 0 1 2706 3452 1721
1056 2 2 0 1 522 2889 524
1057 2 2 0 1 757 2718 2717
1058 2 2 0 1 1724 2724 1409
1059 2 2 0 1 1076 2468 2431
1060 2 2 0 1 910 2695 1008
1061 2 2 0 1 2011 3461 3297
1062 2 2 0 1 539 2877 2398
1063 2 2 0 1 277 3497 153
1064 2 2 0 1 1575 3337 2803
1065 2 2 0 1 1164 2726 1304
1066 2 2 0 1 2403 2726 1184
1067 2 2 0 1 2309 3675 31
1068 2 2 0 1 2039 3066 2552
1069 2 2 0 1 874 3224 1145
1070 2 2 0 1 1939 3067 3066
1071 2 2 0 1 1573 3538 1734
1072 2 2 0 1 361 2737 1293
1073 2 2 0 1 2289 3669 2192
1074 2 2 0 1 2553 2623 539
1075 2 2 0 1 2297 3580 3524
1076 2 2 0 1 2360 3632 250
1077 2 2 0 1 2478 2480 1474
1078 2 2 0 1 3392 3640 3630
1079 2 2 0 1 1322 2892 1440
1080 2 2 0 1 1272 3321 1273
1081 2 2 0 1 261 2563 2402
1082 2 2 0 1 3374 3548 2334
1083 2 2 0 1 1159 3233 2646
1084 2 2 0 1 2474 2525 1781
1085 2 2 0 1 2437 2890 2105
1086 2 2 0 1 3348 3480 2159
1087 2 2 0 1 2537 2540 2538
1088 2 2 0 1 1756 3461 2011
1089 2 2 0 1 1566 2708 1226
1090 2 2 0 1 330 2694 1007
1091 2 2 0 1 742 2377 2376
1092 2 2 0 1 1676 2499 2079
1093 2 2 0 1 2893 3455 3357
1094 2 2 0 1 3458 3509 2135
1095 2 2 0 1 2538 2539 868
1096 2 2 0 1 1684 2772 1722
1097 2 2 0 1 1184 2624 2405
1098 2 2 0 1 2505 3239 2506
1099 2 2 0 1 1411 2724 2721
1100 2 2 0 1 1217 2582 2359
1101 2 2 0 1 2044 2448 2046
1102 2 2 0 1 2666 2682 2669
1103 2 2 0 1 2021 3481 3029
1104 2 2 0 1 1355 2915 1478
1105 2 2 0 1 52 2847 310
1106 2 2 0 1 765 2486 2485
1107 2 2 0 1 1404 2691 1649
1108 2 2 0 1 1074 2436 2435
1109 2 2 0 1 1181 3276 3265
1110 2 2 0 1 1474 2507 2478
1111 2 2 0 1 2646 3233 2426
1112 2 2 0 1 1414 2576 1654
1113 2 2 0 1 3223 3224 872
1114 2 2 0 1 1399 2694 328
1115 2 2 0 1 742 2787 451
1116 2 2 0 1 1217 2812 642
1117 2 2 0 1 3019 3565 979
1118 2 2 0 1 2480 3455 2893
1119 2 2 0 1 1314 3321 1540
1120 2 2 0 1 2401 2888 2400
1121 2 2 0 1 542 3650 2575
1122 2 2 0 1 1276 2435 2392
1123 2 2 0 1 446 2787 1753
1124 2 2 0 1 2385 3767 2725
1125 2 2 0 1 3288 3781 3289
1126 2 2 0 1 1818 3160 3014
1127 2 2 0 1 2236 2772 1685
1128 2 2 0 1 1913 2889 2444
1129 2 2 0 1 2443 2623 2553
1130 2 2 0 1 1342 3536 3402
1131 2 2 0 1 948 3560 952
1132 2 2 0 1 2342 3597 431
1133 2 2 0 1 1709 2542 2541
1134 2 2 0 1 1636 2657 2560
1135 2 2 0 1 2816 3498 862
1136 2 2 0 1 1192 2459 1191
1137 2 2 0 1 607 2906 605
1138 2 2 0 1 2124 3022 2449
1139 2 2 0 1 619 2637 2445
1140 2 2 0 1 1568 3530 1735
1141 2 2 0 1 2370 3366 2459
1142 2 2 0 1 2478 2507 2074
1143 2 2 0 1 2430 2909 1199
1144 2 2 0 1 3496 3515 3328
1145 2 2 0 1 796 2556 2555
1146 2 2 0 1 2717 3092 757
1147 2 2 0 1 2456 2759 502
1148 2 2 0 1 2046 2448 2428
1149 2 2 0 1 541 2813 1450
1150 2 2 0 1 2431 2881 1076
1151 2 2 0 1 2574 2577 2576
1152 2 2 0 1 2658 3492 3416
1153 2 2 0 1 501 2966 499
1154 2 2 0 1 2552 3190 2039
1155 2 2 0 1 3328 3515 3326
1156 2 2 0 1 272 3750 2675
1157 2 2 0 1 1199 3434 2430
1158 2 2 0 1 1181 3265 3264
1159 2 2 0 1 2972 2973 2681
1160 2 2 0 1 2398 2877 2016
1161 2 2 0 1 3331 3538 2344
1162 2 2 0 1 1434 2888 1433
1163 2 2 0 1 53 2847 52
1164 2 2 0 1 2386 2816 858
1165 2 2 0 1 951 3174 1138
1166 2 2 0 1 1090 3021 1087
1167 2 2 0 1 1726 2391 2388
1168 2 2 0 1 765 2487 2486
1169 2 2 0 1 2506 3239 3238
1170 2 2 0 1 1727 3458 2460
1171 2 2 0 1 1463 3140 2512
1172 2 2 0 1 3310 3434 1199
1173 2 2 0 1 1356 2682 2666
1174 2 2 0 1 20 2354 19
1175 2 2 0 1 2457 2966 1910
1176 2 2 0 1 2813 3518 1450
1177 2 2 0 1 2391 2399 2388
1178 2 2 0 1 21 2355 284
1179 2 2 0 1 644 2812 699
1180 2 2 0 1 1181 3264 2524
1181 2 2 0 1 2560 2657 2465
1182 2 2 0 1 2720 2724 2719
1183 2 2 0 1 250 2355 22
1184 2 2 0 1 623 2877 537
1185 2 2 0 1 765 2813 653
1186 2 2 0 1 1961 2535 2455
1187 2 2 0 1 2196 3794 2439
1188 2 2 0 1 2509 2511 613
1189 2 2 0 1 3327 3328 3326
1190 2 2 0 1 3517 3518 2036
1191 2 2 0 1 2039 3190 2473
1192 2 2 0 1 2556 3532 1735
1193 2 2 0 1 1293 2737 2395
1194 2 2 0 1 952 3174 949
1195 2 2 0 1 2359 2803 1932
1196 2 2 0 1 1451 2623 2443
1197 2 2 0 1 1800 2585 1799
1198 2 2 0 1 24 2360 23
1199 2 2 0 1 1312 2459 1192
1200 2 2 0 1 2881 3457 1372
1201 2 2 0 1 3425 3538 3331
1202 2 2 0 1 1942 2797 2165
1203 2 2 0 1 2664 2683 1356
1204 2 2 0 1 1441 2576 1414
1205 2 2 0 1 3141 3171 814
1206 2 2 0 1 2524 3264 2048
1207 2 2 0 1 1356 2683 1046
1208 2 2 0 1 2081 3431 1939
1209 2 2 0 1 1160 2624 1184
1210 2 2 0 1 3079 3608 410
1211 2 2 0 1 2487 2899 2486
1212 2 2 0 1 2602 3729 2272
1213 2 2 0 1 2495 2498 1677
1214 2 2 0 1 2830 3420 1269
1215 2 2 0 1 2512 3140 2423
1216 2 2 0 1 2445 2889 619
1217 2 2 0 1 2952 3329 2508
1218 2 2 0 1 3066 3067 664
1219 2 2 0 1 3469 3472 2511
1220 2 2 0 1 15 2369 14
1221 2 2 0 1 2523 2585 1800
1222 2 2 0 1 2632 3486 2141
1223 2 2 0 1 2894 3357 1010
1224 2 2 0 1 859 2816 862
1225 2 2 0 1 1722 2772 2464
1226 2 2 0 1 410 3625 3079
1227 2 2 0 1 1939 3431 3067
1228 2 2 0 1 2441 2551 1703
1229 2 2 0 1 1785 3232 1866
1230 2 2 0 1 1635 3472 3469
1231 2 2 0 1 2058 2593 2592
1232 2 2 0 1 2465 2657 706
1233 2 2 0 1 1694 3590 2440
1234 2 2 0 1 673 3523 675
1235 2 2 0 1 838 3000 2731
1236 2 2 0 1 502 2966 2456
1237 2 2 0 1 3505 3751 3587
1238 2 2 0 1 3218 3447 2600
1239 2 2 0 1 2506 3238 3069
1240 2 2 0 1 2602 2652 238
1241 2 2 0 1 864 3498 927
1242 2 2 0 1 2460 3458 3267
1243 2 2 0 1 622 2600 2477
1244 2 2 0 1 25 2447 285
1245 2 2 0 1 2484 2515 2051
1246 2 2 0 1 1405 2691 1404
1247 2 2 0 1 2049 3466 2530
1248 2 2 0 1 2439 3794 2369
1249 2 2 0 1 2301 3685 240
1250 2 2 0 1 2473 3190 614
1251 2 2 0 1 1138 3483 2505
1252 2 2 0 1 1677 2499 1676
1253 2 2 0 1 2397 3453 231
1254 2 2 0 1 2443 3442 1451
1255 2 2 0 1 2477 2599 622
1256 2 2 0 1 2048 3231 2524
1257 2 2 0 1 1072 2881 1372
1258 2 2 0 1 1968 2702 2237
1259 2 2 0 1 1755 3149 2490
1260 2 2 0 1 2430 3512 2909
1261 2 2 0 1 2542 2543 2541
1262 2 2 0 1 2570 2572 1441
1263 2 2 0 1 2586 3454 1049
1264 2 2 0 1 1356 2666 2664
1265 2 2 0 1 2044 3420 2448
1266 2 2 0 1 2576 2577 1654
1267 2 2 0 1 1440 2892 1897
1268 2 2 0 1 2283 3569 3547
1269 2 2 0 1 524 2889 1913
1270 2 2 0 1 316 317 312
1271 2 2 0 1 1891 3463 3242
1272 2 2 0 1 2031 3493 2788
1273 2 2 0 1 73 2378 74
1274 2 2 0 1 1451 3442 3143
1275 2 2 0 1 2043 2558 2491
1276 2 2 0 1 2480 2892 1474
1277 2 2 0 1 2776 3772 3503
1278 2 2 0 1 3273 3274 1506
1279 2 2 0 1 3233 3234 2426
1280 2 2 0 1 75 2382 252
1281 2 2 0 1 237 2447 26
1282 2 2 0 1 1566 2529 2482
1283 2 2 0 1 1076 2881 1073
1284 2 2 0 1 76 2383 77
1285 2 2 0 1 259 3482 2302
1286 2 2 0 1 619 2889 522
1287 2 2 0 1 797 2996 919
1288 2 2 0 1 927 3498 2399
1289 2 2 0 1 2100 2771 2594
1290 2 2 0 1 2051 2515 1782
1291 2 2 0 1 1472 3194 2466
1292 2 2 0 1 2535 2536 1775
1293 2 2 0 1 2587 3413 3203
1294 2 2 0 1 3275 3557 1734
1295 2 2 0 1 2303 2940 2357
1296 2 2 0 1 2455 2535 1775
1297 2 2 0 1 2572 2576 1441
1298 2 2 0 1 1677 2521 2495
1299 2 2 0 1 2560 3492 2658
1300 2 2 0 1 285 2362 2361
1301 2 2 0 1 1781 2888 2474
1302 2 2 0 1 2466 3194 3092
1303 2 2 0 1 68 2389 69
1304 2 2 0 1 1478 2915 1691
1305 2 2 0 1 3092 3194 757
1306 2 2 0 1 838 2731 812
1307 2 2 0 1 2488 2628 2528
1308 2 2 0 1 1772 2759 2504
1309 2 2 0 1 2459 2460 1191
1310 2 2 0 1 2474 3053 2525
1311 2 2 0 1 706 3367 2465
1312 2 2 0 1 2533 3013 815
1313 2 2 0 1 2490 3149 1135
1314 2 2 0 1 3648 3808 3550
1315 2 2 0 1 3440 3499 2457
1316 2 2 0 1 3014 3160 2533
1317 2 2 0 1 2556 3599 3532
1318 2 2 0 1 2759 3269 502
1319 2 2 0 1 930 3074 929
1320 2 2 0 1 3265 3276 2472
1321 2 2 0 1 2013 2461 2014
1322 2 2 0 1 614 3200 2473
1323 2 2 0 1 753 3002 2739
1324 2 2 0 1 614 3451 3200
1325 2 2 0 1 1718 2591 2213
1326 2 2 0 1 2599 2732 622
1327 2 2 0 1 2488 2899 2487
1328 2 2 0 1 605 2906 2119
1329 2 2 0 1 3144 3442 3014
1330 2 2 0 1 1372 3457 2040
1331 2 2 0 1 2990 3543 1581
1332 2 2 0 1 2794 2796 1943
1333 2 2 0 1 2058 2592 2591
1334 2 2 0 1 3485 3614 300
1335 2 2 0 1 1474 2892 1322
1336 2 2 0 1 2420 3456 3172
1337 2 2 0 1 2515 2604 1782
1338 2 2 0 1 1707 2611 2143
1339 2 2 0 1 2498 2499 1677
1340 2 2 0 1 1577 2915 1355
1341 2 2 0 1 613 2958 2509
1342 2 2 0 1 2760 2886 1861
1343 2 2 0 1 612 2958 610
1344 2 2 0 1 499 2966 502
1345 2 2 0 1 2148 3488 3479
1346 2 2 0 1 2466 3447 1472
1347 2 2 0 1 1436 3012 2530
1348 2 2 0 1 1433 2888 1781
1349 2 2 0 1 1772 3269 2759
1350 2 2 0 1 2893 3357 2894
1351 2 2 0 1 2641 2929 2151
1352 2 2 0 1 2448 3420 2830
1353 2 2 0 1 234 3722 2304
1354 2 2 0 1 1943 2797 1942
1355 2 2 0 1 477 2600 475
1356 2 2 0 1 2325 2941 2764
1357 2 2 0 1 3505 3587 235
1358 2 2 0 1 2124 3021 1090
1359 2 2 0 1 537 2877 539
1360 2 2 0 1 3140 3171 3141
1361 2 2 0 1 2491 2558 1777
1362 2 2 0 1 2525 2526 1781
1363 2 2 0 1 3222 3418 2651
1364 2 2 0 1 1046 2683 1350
1365 2 2 0 1 1182 3415 2579
1366 2 2 0 1 2482 2529 2052
1367 2 2 0 1 2949 3201 2738
1368 2 2 0 1 3266 3458 2135
1369 2 2 0 1 3200 3451 2584
1370 2 2 0 1 1158 3234 3233
1371 2 2 0 1 1910 3440 2457
1372 2 2 0 1 2254 3685 2301
1373 2 2 0 1 739 2476 2475
1374 2 2 0 1 2053 3265 2472
1375 2 2 0 1 814 3172 3141
1376 2 2 0 1 2764 2941 2661
1377 2 2 0 1 3236 3367 706
1378 2 2 0 1 2529 2544 2052
1379 2 2 0 1 2265 2598 1704
1380 2 2 0 1 3069 3238 1057
1381 2 2 0 1 3503 3622 2776
1382 2 2 0 1 929 3074 1220
1383 2 2 0 1 2472 3029 2053
1384 2 2 0 1 613 2906 607
1385 2 2 0 1 2594 3339 2100
1386 2 2 0 1 2388 2816 2386
1387 2 2 0 1 2002 2547 2545
1388 2 2 0 1 3029 3481 2053
1389 2 2 0 1 815 3014 2533
1390 2 2 0 1 2264 2846 2845
1391 2 2 0 1 1441 2730 2570
1392 2 2 0 1 2559 2732 2599
1393 2 2 0 1 2495 2521 2055
1394 2 2 0 1 2627 2628 2488
1395 2 2 0 1 2511 2906 613
1396 2 2 0 1 3111 3339 1196
1397 2 2 0 1 2463 2564 1686
1398 2 2 0 1 2595 2760 1861
1399 2 2 0 1 3496 3539 3353
1400 2 2 0 1 1907 3363 3209
1401 2 2 0 1 1472 3447 3218
1402 2 2 0 1 1910 2966 501
1403 2 2 0 1 2579 3415 2578
1404 2 2 0 1 2054 2589 2534
1405 2 2 0 1 1877 2818 1638
1406 2 2 0 1 2485 2813 765
1407 2 2 0 1 1718 2594 2591
1408 2 2 0 1 2796 2797 1943
1409 2 2 0 1 2051 2952 2484
1410 2 2 0 1 2420 3303 3211
1411 2 2 0 1 1649 2691 1992
1412 2 2 0 1 2480 2893 2892
1413 2 2 0 1 2585 3454 2586
1414 2 2 0 1 3203 3413 1891
1415 2 2 0 1 2091 2554 2441
1416 2 2 0 1 2135 3509 2588
1417 2 2 0 1 475 2600 622
1418 2 2 0 1 548 3013 550
1419 2 2 0 1 2400 2888 1434
1420 2 2 0 1 1374 2804 2635
1421 2 2 0 1 2781 2782 967
1422 2 2 0 1 1866 3232 2048
1423 2 2 0 1 2391 2471 2399
1424 2 2 0 1 2621 3205 2219
1425 2 2 0 1 2237 3656 2402
1426 2 2 0 1 1087 3021 1086
1427 2 2 0 1 2448 2830 1833
1428 2 2 0 1 3172 3303 2420
1429 2 2 0 1 2114 2858 1631
1430 2 2 0 1 2570 2730 2571
1431 2 2 0 1 2368 3603 1540
1432 2 2 0 1 2471 2537 2399
1433 2 2 0 1 2051 3329 2952
1434 2 2 0 1 2653 2964 1811
1435 2 2 0 1 2048 3232 3231
1436 2 2 0 1 2558 2645 1777
1437 2 2 0 1 2504 2758 1772
1438 2 2 0 1 2442 3610 2201
1439 2 2 0 1 1950 2609 2608
1440 2 2 0 1 3172 3456 3141
1441 2 2 0 1 2521 2618 2055
1442 2 2 0 1 1517 2536 1265
1443 2 2 0 1 2291 2483 2293
1444 2 2 0 1 2827 3142 1864
1445 2 2 0 1 1943 2798 2794
1446 2 2 0 1 2446 2877 623
1447 2 2 0 1 2560 2658 1636
1448 2 2 0 1 3140 3141 2423
1449 2 2 0 1 3209 3363 3208
1450 2 2 0 1 989 3225 963
1451 2 2 0 1 1194 2579 2578
1452 2 2 0 1 812 2731 928
1453 2 2 0 1 2950 3394 1498
1454 2 2 0 1 2598 2607 1704
1455 2 2 0 1 925 2926 776
1456 2 2 0 1 2559 3101 1144
1457 2 2 0 1 2585 2586 1799
1458 2 2 0 1 2071 3073 2613
1459 2 2 0 1 2250 3673 2549
1460 2 2 0 1 2566 2587 1014
1461 2 2 0 1 2952 2992 581
1462 2 2 0 1 1039 2771 2100
1463 2 2 0 1 2804 3383 2635
1464 2 2 0 1 2077 2758 2504
1465 2 2 0 1 2530 3012 2531
1466 2 2 0 1 2512 3367 3236
1467 2 2 0 1 3357 3455 1057
1468 2 2 0 1 776 2926 766
1469 2 2 0 1 1057 3455 3069
1470 2 2 0 1 715 2587 713
1471 2 2 0 1 2086 2702 1968
1472 2 2 0 1 1804 2628 2627
1473 2 2 0 1 1709 2540 1574
1474 2 2 0 1 2689 2690 2099
1475 2 2 0 1 1516 2609 1950
1476 2 2 0 1 1027 3293 1374
1477 2 2 0 1 2502 2503 2332
1478 2 2 0 1 2528 2899 2488
1479 2 2 0 1 896 3257 926
1480 2 2 0 1 1144 2732 2559
1481 2 2 0 1 822 3352 1000
1482 2 2 0 1 2745 3404 2743
1483 2 2 0 1 2530 3466 1436
1484 2 2 0 1 244 3400 2884
1485 2 2 0 1 1498 3406 2950
1486 2 2 0 1 718 2742 725
1487 2 2 0 1 2014 2461 2358
1488 2 2 0 1 995 3000 838
1489 2 2 0 1 2578 2596 1194
1490 2 2 0 1 2600 3447 2477
1491 2 2 0 1 1815 3424 3130
1492 2 2 0 1 282 3484 70
1493 2 2 0 1 2525 3053 1783
1494 2 2 0 1 88 2562 287
1495 2 2 0 1 1141 2754 2752
1496 2 2 0 1 1337 3154 2786
1497 2 2 0 1 3101 3285 1144
1498 2 2 0 1 1779 2589 2054
1499 2 2 0 1 1785 3415 3232
1500 2 2 0 1 2739 3002 2527
1501 2 2 0 1 1775 2536 1517
1502 2 2 0 1 2356 3613 241
1503 2 2 0 1 2073 2946 2935
1504 2 2 0 1 1269 3420 2491
1505 2 2 0 1 2474 2888 2401
1506 2 2 0 1 2327 3746 132
1507 2 2 0 1 2845 2846 2843
1508 2 2 0 1 2951 3214 1925
1509 2 2 0 1 1014 2568 2567
1510 2 2 0 1 610 2958 613
1511 2 2 0 1 963 3225 1270
1512 2 2 0 1 2777 3322 2775
1513 2 2 0 1 1014 2567 2566
1514 2 2 0 1 999 2636 998
1515 2 2 0 1 1648 2648 2148
1516 2 2 0 1 2601 2652 2602
1517 2 2 0 1 2536 2649 1265
1518 2 2 0 1 1121 2698 2697
1519 2 2 0 1 839 2996 797
1520 2 2 0 1 641 3183 639
1521 2 2 0 1 919 2996 1218
1522 2 2 0 1 3208 3363 420
1523 2 2 0 1 1826 2537 2471
1524 2 2 0 1 1589 3075 2056
1525 2 2 0 1 1779 2590 2589
1526 2 2 0 1 3646 3748 1430
1527 2 2 0 1 2513 2514 2476
1528 2 2 0 1 1470 2620 1925
1529 2 2 0 1 753 2739 738
1530 2 2 0 1 3351 3411 3353
1531 2 2 0 1 1984 2977 2603
1532 2 2 0 1 1718 3339 2594
1533 2 2 0 1 2018 2684 2583
1534 2 2 0 1 2661 2941 2318
1535 2 2 0 1 2591 2592 2213
1536 2 2 0 1 2456 2966 2457
1537 2 2 0 1 961 3138 2651
1538 2 2 0 1 1487 3403 2617
1539 2 2 0 1 1265 2649 1119
1540 2 2 0 1 2060 3092 2062
1541 2 2 0 1 1860 2836 2824
1542 2 2 0 1 3099 3285 3101
1543 2 2 0 1 1000 3352 1643
1544 2 2 0 1 1648 2656 2648
1545 2 2 0 1 3413 3463 1891
1546 2 2 0 1 881 3152 883
1547 2 2 0 1 2026 3189 1556
1548 2 2 0 1 1299 2723 1407
1549 2 2 0 1 815 3013 548
1550 2 2 0 1 1778 2595 1861
1551 2 2 0 1 2491 3420 2043
1552 2 2 0 1 2561 2613 2510
1553 2 2 0 1 2828 3071 2829
1554 2 2 0 1 1141 2752 2750
1555 2 2 0 1 2604 2605 1611
1556 2 2 0 1 1704 2607 1396
1557 2 2 0 1 484 3099 540
1558 2 2 0 1 1724 2723 2722
1559 2 2 0 1 2569 2636 1267
1560 2 2 0 1 1270 2634 2633
1561 2 2 0 1 1950 2611 1707
1562 2 2 0 1 2377 2396 2376
1563 2 2 0 1 3014 3442 1818
1564 2 2 0 1 2802 3170 2729
1565 2 2 0 1 2515 2605 2604
1566 2 2 0 1 2643 2707 1883
1567 2 2 0 1 2814 3178 2769
1568 2 2 0 1 2766 3121 1133
1569 2 2 0 1 2151 2929 1812
1570 2 2 0 1 547 2753 545
1571 2 2 0 1 1783 3053 3052
1572 2 2 0 1 1121 2697 2696
1573 2 2 0 1 1014 2587 715
1574 2 2 0 1 3082 3083 2744
1575 2 2 0 1 1337 2786 2784
1576 2 2 0 1 2636 2727 998
1577 2 2 0 1 1765 3206 1523
1578 2 2 0 1 2608 2610 1950
1579 2 2 0 1 3097 3098 1624
1580 2 2 0 1 1638 2818 2098
1581 2 2 0 1 2803 3562 2433
1582 2 2 0 1 2785 3437 3429
1583 2 2 0 1 1396 2607 1808
1584 2 2 0 1 3207 3210 2655
1585 2 2 0 1 1327 3423 3197
1586 2 2 0 1 1982 2977 1984
1587 2 2 0 1 2452 2878 1774
1588 2 2 0 1 2633 2687 1270
1589 2 2 0 1 2483 2647 2293
1590 2 2 0 1 2613 2614 2071
1591 2 2 0 1 744 2961 712
1592 2 2 0 1 1374 3293 2804
1593 2 2 0 1 2100 3339 3111
1594 2 2 0 1 2793 2798 1296
1595 2 2 0 1 2586 3201 2949
1596 2 2 0 1 660 3342 645
1597 2 2 0 1 1328 3398 2709
1598 2 2 0 1 2713 2714 1388
1599 2 2 0 1 2651 3138 2650
1600 2 2 0 1 3303 3345 3211
1601 2 2 0 1 1366 3467 3217
1602 2 2 0 1 1270 3225 2634
1603 2 2 0 1 1435 2971 2970
1604 2 2 0 1 141 3449 142
1605 2 2 0 1 2556 3530 2555
1606 2 2 0 1 1909 3350 1887
1607 2 2 0 1 1010 3418 2894
1608 2 2 0 1 3197 3423 2697
1609 2 2 0 1 1855 3520 2390
1610 2 2 0 1 2794 2798 2793
1611 2 2 0 1 1288 2842 2840
1612 2 2 0 1 2627 2629 1804
1613 2 2 0 1 771 2526 2525
1614 2 2 0 1 2099 2989 2689
1615 2 2 0 1 3397 3644 1216
1616 2 2 0 1 2150 3383 2804
1617 2 2 0 1 2504 2759 2037
1618 2 2 0 1 1527 2845 2843
1619 2 2 0 1 2040 3457 2522
1620 2 2 0 1 1947 2652 2601
1621 2 2 0 1 2000 3625 2548
1622 2 2 0 1 1574 2540 1826
1623 2 2 0 1 2775 3322 1412
1624 2 2 0 1 2961 2962 712
1625 2 2 0 1 2686 2687 2633
1626 2 2 0 1 2830 2831 1831
1627 2 2 0 1 3211 3345 3209
1628 2 2 0 1 3017 3028 943
1629 2 2 0 1 535 3359 3036
1630 2 2 0 1 2512 3236 1463
1631 2 2 0 1 420 3210 3208
1632 2 2 0 1 91 2778 254
1633 2 2 0 1 2743 3404 2742
1634 2 2 0 1 2655 3210 418
1635 2 2 0 1 2508 2992 2952
1636 2 2 0 1 488 3474 3166
1637 2 2 0 1 1338 3142 2827
1638 2 2 0 1 2741 2742 755
1639 2 2 0 1 2780 2781 1255
1640 2 2 0 1 3098 3100 1624
1641 2 2 0 1 2052 2544 1609
1642 2 2 0 1 2534 3013 2054
1643 2 2 0 1 2085 2707 2643
1644 2 2 0 1 793 2699 791
1645 2 2 0 1 755 2742 718
1646 2 2 0 1 1826 2540 2537
1647 2 2 0 1 3351 3353 3352
1648 2 2 0 1 2857 2858 2114
1649 2 2 0 1 2709 3398 2784
1650 2 2 0 1 1909 3401 3108
1651 2 2 0 1 959 3111 1196
1652 2 2 0 1 2597 2711 2596
1653 2 2 0 1 2077 2760 2758
1654 2 2 0 1 2007 3255 1689
1655 2 2 0 1 887 3178 2814
1656 2 2 0 1 1609 2544 1627
1657 2 2 0 1 2715 2716 1424
1658 2 2 0 1 2444 2889 2445
1659 2 2 0 1 2099 2690 779
1660 2 2 0 1 2561 2958 612
1661 2 2 0 1 3108 3401 3109
1662 2 2 0 1 2620 2951 1925
1663 2 2 0 1 1886 2768 1888
1664 2 2 0 1 2738 2855 2106
1665 2 2 0 1 1060 2687 2686
1666 2 2 0 1 3170 3419 2729
1667 2 2 0 1 270 2746 35
1668 2 2 0 1 2558 2965 2645
1669 2 2 0 1 1267 2636 999
1670 2 2 0 1 1778 2766 2595
1671 2 2 0 1 1811 2964 1809
1672 2 2 0 1 2587 3203 713
1673 2 2 0 1 998 2727 1816
1674 2 2 0 1 2650 3138 1338
1675 2 2 0 1 2648 2656 2076
1676 2 2 0 1 2352 2788 2787
1677 2 2 0 1 2917 3189 2026
1678 2 2 0 1 2601 2643 1947
1679 2 2 0 1 2765 2766 1133
1680 2 2 0 1 1019 2855 2738
1681 2 2 0 1 2648 3488 2148
1682 2 2 0 1 1047 2826 2825
1683 2 2 0 1 2088 3047 2936
1684 2 2 0 1 1814 2684 2018
1685 2 2 0 1 3108 3350 1909
1686 2 2 0 1 2617 2768 1487
1687 2 2 0 1 2510 2958 2561
1688 2 2 0 1 2986 3034 2987
1689 2 2 0 1 1255 2977 2780
1690 2 2 0 1 1900 3263 1549
1691 2 2 0 1 3112 3182 662
1692 2 2 0 1 1631 2858 1223
1693 2 2 0 1 3432 3435 1634
1694 2 2 0 1 1833 2830 1831
1695 2 2 0 1 1549 3263 1547
1696 2 2 0 1 2716 2723 1424
1697 2 2 0 1 1426 3237 2075
1698 2 2 0 1 3136 3378 3282
1699 2 2 0 1 1060 2686 2685
1700 2 2 0 1 2037 2759 2456
1701 2 2 0 1 2705 2706 2081
1702 2 2 0 1 2152 3400 3399
1703 2 2 0 1 2350 2630 2371
1704 2 2 0 1 3208 3210 3207
1705 2 2 0 1 2740 2741 755
1706 2 2 0 1 1814 2783 2684
1707 2 2 0 1 652 3100 678
1708 2 2 0 1 1424 2723 1299
1709 2 2 0 1 3257 3316 926
1710 2 2 0 1 590 3349 593
1711 2 2 0 1 2890 3128 2105
1712 2 2 0 1 2214 3116 1717
1713 2 2 0 1 2698 3197 2697
1714 2 2 0 1 2734 2735 886
1715 2 2 0 1 2612 2620 1470
1716 2 2 0 1 2566 3413 2587
1717 2 2 0 1 2755 2756 2751
1718 2 2 0 1 2441 2554 2551
1719 2 2 0 1 2659 2904 1350
1720 2 2 0 1 1315 3337 1575
1721 2 2 0 1 2685 2763 1060
1722 2 2 0 1 993 2946 2073
1723 2 2 0 1 540 3099 1624
1724 2 2 0 1 2693 3410 2832
1725 2 2 0 1 2594 2771 2057
1726 2 2 0 1 2054 3013 2533
1727 2 2 0 1 2387 3486 1595
1728 2 2 0 1 925 3241 2923
1729 2 2 0 1 2620 3186 2951
1730 2 2 0 1 645 3342 3181
1731 2 2 0 1 1526 3384 2129
1732 2 2 0 1 2408 3212 2406
1733 2 2 0 1 1122 3293 1027
1734 2 2 0 1 1617 2692 2065
1735 2 2 0 1 1875 3176 3090
1736 2 2 0 1 567 3087 3086
1737 2 2 0 1 2613 3073 2510
1738 2 2 0 1 2791 2792 828
1739 2 2 0 1 1579 3062 1295
1740 2 2 0 1 2569 3205 2621
1741 2 2 0 1 1267 3205 2569
1742 2 2 0 1 1135 3150 2490
1743 2 2 0 1 316 318 317
1744 2 2 0 1 1886 2769 2768
1745 2 2 0 1 2744 3083 2740
1746 2 2 0 1 556 3163 3162
1747 2 2 0 1 1220 3179 1221
1748 2 2 0 1 2711 2713 1388
1749 2 2 0 1 2094 2710 2688
1750 2 2 0 1 1624 3099 3097
1751 2 2 0 1 1328 2709 1437
1752 2 2 0 1 1588 3075 1589
1753 2 2 0 1 2542 3389 2543
1754 2 2 0 1 2707 2818 1877
1755 2 2 0 1 2484 2952 581
1756 2 2 0 1 898 3257 896
1757 2 2 0 1 1425 2703 1327
1758 2 2 0 1 1810 2929 2641
1759 2 2 0 1 953 2790 2789
1760 2 2 0 1 1141 2753 547
1761 2 2 0 1 1224 2854 1252
1762 2 2 0 1 714 2744 716
1763 2 2 0 1 2062 3092 2717
1764 2 2 0 1 3209 3345 1907
1765 2 2 0 1 2087 2735 2734
1766 2 2 0 1 2960 3081 2810
1767 2 2 0 1 484 3285 3099
1768 2 2 0 1 1424 2865 2715
1769 2 2 0 1 1888 2768 2617
1770 2 2 0 1 2959 3120 2090
1771 2 2 0 1 1498 3394 1492
1772 2 2 0 1 3060 3578 1511
1773 2 2 0 1 637 3184 661
1774 2 2 0 1 2584 3451 1341
1775 2 2 0 1 1900 3430 3263
1776 2 2 0 1 2762 2763 2685
1777 2 2 0 1 1133 2767 2765
1778 2 2 0 1 2084 2867 2152
1779 2 2 0 1 1554 3158 1240
1780 2 2 0 1 1979 3180 1981
1781 2 2 0 1 1158 3464 3234
1782 2 2 0 1 1786 2596 2578
1783 2 2 0 1 922 2791 828
1784 2 2 0 1 672 3176 1875
1785 2 2 0 1 3036 3359 2122
1786 2 2 0 1 2615 2625 1619
1787 2 2 0 1 2055 2618 1828
1788 2 2 0 1 72 3522 264
1789 2 2 0 1 2471 2631 1826
1790 2 2 0 1 2649 3024 1119
1791 2 2 0 1 2825 2826 1829
1792 2 2 0 1 1981 3180 2782
1793 2 2 0 1 1947 2643 1883
1794 2 2 0 1 3232 3415 1182
1795 2 2 0 1 1624 3100 652
1796 2 2 0 1 1506 3274 1359
1797 2 2 0 1 1778 3121 2766
1798 2 2 0 1 2604 2704 2703
1799 2 2 0 1 1640 2870 1641
1800 2 2 0 1 1917 2912 1915
1801 2 2 0 1 892 3152 881
1802 2 2 0 1 2824 2836 2752
1803 2 2 0 1 3545 3776 3409
1804 2 2 0 1 1121 2699 793
1805 2 2 0 1 1556 3189 1555
1806 2 2 0 1 1611 2704 2604
1807 2 2 0 1 2086 2849 2700
1808 2 2 0 1 2362 2363 2361
1809 2 2 0 1 970 3059 972
1810 2 2 0 1 1786 2597 2596
1811 2 2 0 1 2072 3186 2620
1812 2 2 0 1 2986 2987 2823
1813 2 2 0 1 2505 3483 2024
1814 2 2 0 1 550 3013 2534
1815 2 2 0 1 3061 3191 681
1816 2 2 0 1 2696 2699 1121
1817 2 2 0 1 1165 2626 1163
1818 2 2 0 1 3152 3318 883
1819 2 2 0 1 2075 3237 3068
1820 2 2 0 1 3212 3379 2427
1821 2 2 0 1 2084 2617 2606
1822 2 2 0 1 1021 3117 2710
1823 2 2 0 1 2751 2757 2755
1824 2 2 0 1 1864 2828 2827
1825 2 2 0 1 2590 3428 2589
1826 2 2 0 1 2969 2984 2983
1827 2 2 0 1 1016 2763 2762
1828 2 2 0 1 2088 2936 2935
1829 2 2 0 1 1635 3469 2522
1830 2 2 0 1 714 3082 2744
1831 2 2 0 1 1145 3204 876
1832 2 2 0 1 3065 3165 2532
1833 2 2 0 1 1523 3206 1268
1834 2 2 0 1 1359 3274 1358
1835 2 2 0 1 2862 2863 2861
1836 2 2 0 1 1259 3125 1142
1837 2 2 0 1 786 2792 833
1838 2 2 0 1 2597 2712 2711
1839 2 2 0 1 345 3198 1256
1840 2 2 0 1 2466 3092 2060
1841 2 2 0 1 619 2975 2637
1842 2 2 0 1 2710 3117 2688
1843 2 2 0 1 1885 2769 1886
1844 2 2 0 1 1064 2625 973
1845 2 2 0 1 511 2954 513
1846 2 2 0 1 1362 2802 1625
1847 2 2 0 1 1800 3561 2523
1848 2 2 0 1 2073 2935 2544
1849 2 2 0 1 2742 3404 725
1850 2 2 0 1 2043 3420 2044
1851 2 2 0 1 2139 3063 3062
1852 2 2 0 1 3429 3437 1453
1853 2 2 0 1 1894 2631 1417
1854 2 2 0 1 2604 2703 1782
1855 2 2 0 1 2902 2904 2311
1856 2 2 0 1 1500 3186 2072
1857 2 2 0 1 2087 2736 2735
1858 2 2 0 1 3077 3376 3078
1859 2 2 0 1 1604 2965 2558
1860 2 2 0 1 2614 2615 2071
1861 2 2 0 1 2727 2728 1816
1862 2 2 0 1 2871 3256 2112
1863 2 2 0 1 1706 2866 2297
1864 2 2 0 1 2825 2916 1047
1865 2 2 0 1 2974 2975 517
1866 2 2 0 1 775 3002 753
1867 2 2 0 1 2855 3185 2106
1868 2 2 0 1 3086 3196 567
1869 2 2 0 1 2450 3119 2910
1870 2 2 0 1 2081 2779 2705
1871 2 2 0 1 1161 2714 1157
1872 2 2 0 1 1120 2911 1405
1873 2 2 0 1 2219 3206 1765
1874 2 2 0 1 2689 2989 1801
1875 2 2 0 1 1531 2964 2653
1876 2 2 0 1 87 2562 88
1877 2 2 0 1 2373 2726 2403
1878 2 2 0 1 1405 2912 2638
1879 2 2 0 1 1625 2802 2728
1880 2 2 0 1 1887 3350 1882
1881 2 2 0 1 1388 2714 1161
1882 2 2 0 1 709 3342 660
1883 2 2 0 1 693 2805 694
1884 2 2 0 1 2607 2692 1808
1885 2 2 0 1 2798 3156 1296
1886 2 2 0 1 1458 2811 2809
1887 2 2 0 1 1208 3269 1772
1888 2 2 0 1 2615 2616 1873
1889 2 2 0 1 2409 2646 2426
1890 2 2 0 1 1016 2762 2761
1891 2 2 0 1 3377 3391 381
1892 2 2 0 1 2692 3410 2693
1893 2 2 0 1 2313 2904 2316
1894 2 2 0 1 2629 3057 2930
1895 2 2 0 1 2071 2615 1619
1896 2 2 0 1 2073 2544 2529
1897 2 2 0 1 1894 2642 2631
1898 2 2 0 1 1369 3072 1241
1899 2 2 0 1 958 3038 1009
1900 2 2 0 1 2780 2977 1982
1901 2 2 0 1 1608 3053 2474
1902 2 2 0 1 2511 3472 2906
1903 2 2 0 1 1628 2986 2645
1904 2 2 0 1 2072 2620 2612
1905 2 2 0 1 2522 3469 2040
1906 2 2 0 1 2784 3398 1337
1907 2 2 0 1 2769 3178 1890
1908 2 2 0 1 1331 2988 957
1909 2 2 0 1 1885 2957 2814
1910 2 2 0 1 1633 2618 2521
1911 2 2 0 1 1033 2879 1348
1912 2 2 0 1 2753 2756 545
1913 2 2 0 1 2516 2517 2255
1914 2 2 0 1 418 3379 3212
1915 2 2 0 1 755 2744 2740
1916 2 2 0 1 515 2974 517
1917 2 2 0 1 1625 2728 1789
1918 2 2 0 1 1361 3006 1250
1919 2 2 0 1 967 3074 930
1920 2 2 0 1 1781 2526 1780
1921 2 2 0 1 1935 3365 1525
1922 2 2 0 1 2065 2692 2607
1923 2 2 0 1 2174 3655 2562
1924 2 2 0 1 3352 3353 1643
1925 2 2 0 1 2750 2753 1141
1926 2 2 0 1 1894 2993 2642
1927 2 2 0 1 1900 3291 2976
1928 2 2 0 1 2508 3329 2507
1929 2 2 0 1 427 3230 423
1930 2 2 0 1 2596 2711 2626
1931 2 2 0 1 1782 2703 1425
1932 2 2 0 1 1999 2922 2921
1933 2 2 0 1 2755 2757 1132
1934 2 2 0 1 2861 2863 1940
1935 2 2 0 1 3052 3054 1783
1936 2 2 0 1 628 3188 629
1937 2 2 0 1 3328 3539 3496
1938 2 2 0 1 2116 3161 1146
1939 2 2 0 1 1705 2902 2311
1940 2 2 0 1 1494 2908 2907
1941 2 2 0 1 1407 2723 1724
1942 2 2 0 1 1864 3071 2828
1943 2 2 0 1 737 3054 734
1944 2 2 0 1 576 3331 575
1945 2 2 0 1 432 3113 429
1946 2 2 0 1 3183 3184 639
1947 2 2 0 1 828 2792 786
1948 2 2 0 1 2943 3195 2111
1949 2 2 0 1 2829 3071 599
1950 2 2 0 1 1295 3062 1458
1951 2 2 0 1 969 3058 684
1952 2 2 0 1 779 2690 736
1953 2 2 0 1 716 2744 755
1954 2 2 0 1 2087 2807 2736
1955 2 2 0 1 2406 3212 2427
1956 2 2 0 1 2800 2801 2427
1957 2 2 0 1 477 3218 2600
1958 2 2 0 1 3384 3395 2129
1959 2 2 0 1 2738 3201 1019
1960 2 2 0 1 2232 2868 1671
1961 2 2 0 1 419 3016 416
1962 2 2 0 1 3397 3652 3644
1963 2 2 0 1 1619 2625 1064
1964 2 2 0 1 2066 2536 2535
1965 2 2 0 1 2061 3216 1793
1966 2 2 0 1 2817 2885 2098
1967 2 2 0 1 2767 2837 2765
1968 2 2 0 1 1641 2870 1840
1969 2 2 0 1 645 3181 643
1970 2 2 0 1 1862 3083 3082
1971 2 2 0 1 2023 2821 1592
1972 2 2 0 1 1994 3378 3136
1973 2 2 0 1 3125 3126 1142
1974 2 2 0 1 1417 2631 2471
1975 2 2 0 1 579 3331 576
1976 2 2 0 1 2890 3129 3128
1977 2 2 0 1 621 3283 544
1978 2 2 0 1 2220 2622 2621
1979 2 2 0 1 2829 2852 2828
1980 2 2 0 1 2531 3012 2741
1981 2 2 0 1 1483 3284 870
1982 2 2 0 1 1437 2709 1779
1983 2 2 0 1 2715 2865 2864
1984 2 2 0 1 2840 2842 2841
1985 2 2 0 1 2316 2904 2659
1986 2 2 0 1 684 3058 682
1987 2 2 0 1 2645 2823 1777
1988 2 2 0 1 565 3338 1538
1989 2 2 0 1 593 3349 2905
1990 2 2 0 1 2867 2884 2152
1991 2 2 0 1 2645 2965 1628
1992 2 2 0 1 2225 2903 1673
1993 2 2 0 1 1458 3062 2811
1994 2 2 0 1 2405 2624 2407
1995 2 2 0 1 2923 3241 2921
1996 2 2 0 1 1340 3091 3090
1997 2 2 0 1 712 2962 710
1998 2 2 0 1 2416 3445 3317
1999 2 2 0 1 1059 3237 1426
2000 2 2 0 1 909 2838 907
2001 2 2 0 1 825 2857 778
2002 2 2 0 1 418 3212 2655
2003 2 2 0 1 746 2805 693
2004 2 2 0 1 1251 3170 2802
2005 2 2 0 1 2944 3195 2943
2006 2 2 0 1 1119 3024 819
2007 2 2 0 1 2568 2689 2567
2008 2 2 0 1 2833 3414 1195
2009 2 2 0 1 1009 3155 1332
2010 2 2 0 1 1291 2783 1344
2011 2 2 0 1 3136 3282 1482
2012 2 2 0 1 988 3007 1291
2013 2 2 0 1 2645 2986 2823
2014 2 2 0 1 2617 3403 2606
2015 2 2 0 1 3300 3382 3299
2016 2 2 0 1 2075 3068 2479
2017 2 2 0 1 3229 3464 1158
2018 2 2 0 1 946 3017 943
2019 2 2 0 1 2935 2946 2088
2020 2 2 0 1 2736 2807 879
2021 2 2 0 1 845 2934 848
2022 2 2 0 1 804 2946 993
2023 2 2 0 1 274 3765 2254
2024 2 2 0 1 2911 2912 1405
2025 2 2 0 1 2710 2799 1021
2026 2 2 0 1 1194 2626 1165
2027 2 2 0 1 2761 2838 1016
2028 2 2 0 1 734 3054 3050
2029 2 2 0 1 2586 2949 1799
2030 2 2 0 1 1824 3156 2798
2031 2 2 0 1 3038 3155 1009
2032 2 2 0 1 941 3398 1328
2033 2 2 0 1 589 3349 590
2034 2 2 0 1 1992 2691 2639
2035 2 2 0 1 1789 2728 2727
2036 2 2 0 1 1344 2783 1814
2037 2 2 0 1 2375 3483 3174
2038 2 2 0 1 3008 3010 975
2039 2 2 0 1 1004 3361 1342
2040 2 2 0 1 1317 3337 1315
2041 2 2 0 1 1654 3004 1415
2042 2 2 0 1 2814 2957 2859
2043 2 2 0 1 2805 3057 2629
2044 2 2 0 1 1880 2957 1885
2045 2 2 0 1 2270 3738 2269
2046 2 2 0 1 2004 2912 1917
2047 2 2 0 1 1480 3137 1545
2048 2 2 0 1 2837 3018 1452
2049 2 2 0 1 2166 2867 1558
2050 2 2 0 1 2892 2893 1897
2051 2 2 0 1 2396 3518 3517
2052 2 2 0 1 3052 3053 1837
2053 2 2 0 1 3088 3089 1875
2054 2 2 0 1 1307 2801 2800
2055 2 2 0 1 960 3038 958
2056 2 2 0 1 662 3181 3112
2057 2 2 0 1 556 3162 559
2058 2 2 0 1 2701 2702 2086
2059 2 2 0 1 1260 3384 1526
2060 2 2 0 1 1292 2874 1430
2061 2 2 0 1 1996 2920 1675
2062 2 2 0 1 1659 2834 1954
2063 2 2 0 1 2507 3329 2074
2064 2 2 0 1 520 2975 619
2065 2 2 0 1 2077 2886 2760
2066 2 2 0 1 787 2806 835
2067 2 2 0 1 876 3204 878
2068 2 2 0 1 1201 2896 2880
2069 2 2 0 1 3051 3052 1837
2070 2 2 0 1 2294 3168 2292
2071 2 2 0 1 710 2962 762
2072 2 2 0 1 2789 2790 1828
2073 2 2 0 1 1442 2989 1331
2074 2 2 0 1 3087 3088 3086
2075 2 2 0 1 225 2820 266
2076 2 2 0 1 2792 2819 833
2077 2 2 0 1 2509 2958 2510
2078 2 2 0 1 1240 3158 1055
2079 2 2 0 1 2786 3154 1872
2080 2 2 0 1 3078 3376 1966
2081 2 2 0 1 972 3059 976
2082 2 2 0 1 2596 2626 1194
2083 2 2 0 1 3386 3512 1419
2084 2 2 0 1 1875 3090 3088
2085 2 2 0 1 2985 2986 1628
2086 2 2 0 1 33 2557 229
2087 2 2 0 1 2624 2646 2407
2088 2 2 0 1 1350 2904 2902
2089 2 2 0 1 2705 2779 1126
2090 2 2 0 1 2821 2822 1592
2091 2 2 0 1 803 2823 760
2092 2 2 0 1 3163 3429 3162
2093 2 2 0 1 1640 2871 2870
2094 2 2 0 1 2729 3419 3313
2095 2 2 0 1 2616 3058 1873
2096 2 2 0 1 2767 3018 2837
2097 2 2 0 1 3169 3385 1928
2098 2 2 0 1 1331 2989 2988
2099 2 2 0 1 2293 2647 2347
2100 2 2 0 1 791 2699 1340
2101 2 2 0 1 1801 2989 1442
2102 2 2 0 1 1999 2921 2920
2103 2 2 0 1 1241 3072 1242
2104 2 2 0 1 2754 2824 2752
2105 2 2 0 1 2757 2947 1132
2106 2 2 0 1 1603 3056 1803
2107 2 2 0 1 1412 2860 2773
2108 2 2 0 1 3167 3168 2349
2109 2 2 0 1 2807 2808 879
2110 2 2 0 1 1837 3053 1608
2111 2 2 0 1 2864 2865 1052
2112 2 2 0 1 1779 2709 2590
2113 2 2 0 1 2021 3029 1937
2114 2 2 0 1 2283 3547 1859
2115 2 2 0 1 1016 2838 909
2116 2 2 0 1 1005 2911 1120
2117 2 2 0 1 698 3176 672
2118 2 2 0 1 1224 2900 2854
2119 2 2 0 1 2472 3276 1203
2120 2 2 0 1 1348 2879 1834
2121 2 2 0 1 1514 3125 1259
2122 2 2 0 1 2121 3261 3260
2123 2 2 0 1 2571 2999 1787
2124 2 2 0 1 2814 2859 887
2125 2 2 0 1 2777 3323 3322
2126 2 2 0 1 517 2975 520
2127 2 2 0 1 1537 3390 1970
2128 2 2 0 1 2722 2723 2716
2129 2 2 0 1 2979 2981 1114
2130 2 2 0 1 1252 2854 1443
2131 2 2 0 1 1617 3410 2692
2132 2 2 0 1 882 3213 886
2133 2 2 0 1 662 3183 641
2134 2 2 0 1 1780 3003 1431
2135 2 2 0 1 3313 3419 781
2136 2 2 0 1 2953 3356 1865
2137 2 2 0 1 544 3359 535
2138 2 2 0 1 2105 3128 1908
2139 2 2 0 1 2839 2848 1288
2140 2 2 0 1 512 2995 510
2141 2 2 0 1 1139 3381 597
2142 2 2 0 1 2445 3481 2021
2143 2 2 0 1 810 2991 837
2144 2 2 0 1 3508 3663 2221
2145 2 2 0 1 1307 2815 2801
2146 2 2 0 1 2458 3123 1752
2147 2 2 0 1 2824 2938 1860
2148 2 2 0 1 1856 2850 1854
2149 2 2 0 1 2655 3212 2408
2150 2 2 0 1 968 2781 967
2151 2 2 0 1 2734 3214 2951
2152 2 2 0 1 2139 3062 1579
2153 2 2 0 1 749 3120 2959
2154 2 2 0 1 3234 3445 2426
2155 2 2 0 1 1291 3007 2783
2156 2 2 0 1 2907 2908 2808
2157 2 2 0 1 513 2954 657
2158 2 2 0 1 2823 2987 760
2159 2 2 0 1 2780 2782 2781
2160 2 2 0 1 2880 2896 2835
2161 2 2 0 1 681 3191 683
2162 2 2 0 1 2786 3437 2785
2163 2 2 0 1 1669 3308 2006
2164 2 2 0 1 2985 3034 2986
2165 2 2 0 1 1449 3059 970
2166 2 2 0 1 1195 3414 1484
2167 2 2 0 1 1633 2619 2618
2168 2 2 0 1 2095 2900 987
2169 2 2 0 1 1128 2860 1271
2170 2 2 0 1 1508 3376 3077
2171 2 2 0 1 2713 3435 3432
2172 2 2 0 1 511 3355 2954
2173 2 2 0 1 1239 2965 1604
2174 2 2 0 1 1689 3255 1693
2175 2 2 0 1 1021 2799 985
2176 2 2 0 1 493 3043 496
2177 2 2 0 1 2872 2873 2097
2178 2 2 0 1 3009 3010 3008
2179 2 2 0 1 1052 2914 2864
2180 2 2 0 1 3085 3161 2116
2181 2 2 0 1 2122 3360 1731
2182 2 2 0 1 2980 3407 2982
2183 2 2 0 1 416 3016 3015
2184 2 2 0 1 1107 2981 1104
2185 2 2 0 1 518 2880 2835
2186 2 2 0 1 2982 3407 1099
2187 2 2 0 1 3359 3360 2122
2188 2 2 0 1 90 2778 91
2189 2 2 0 1 2339 2990 2045
2190 2 2 0 1 2527 3003 1780
2191 2 2 0 1 1660 2834 1659
2192 2 2 0 1 3274 3275 1358
2193 2 2 0 1 1307 2875 2815
2194 2 2 0 1 2618 2789 1828
2195 2 2 0 1 1944 2901 1519
2196 2 2 0 1 1671 2868 1535
2197 2 2 0 1 2427 3379 2800
2198 2 2 0 1 1544 2979 1114
2199 2 2 0 1 1753 3219 438
2200 2 2 0 1 1345 2874 1292
2201 2 2 0 1 3050 3054 3049
2202 2 2 0 1 2785 3428 2590
2203 2 2 0 1 1777 2823 803
2204 2 2 0 1 1640 3316 2871
2205 2 2 0 1 1874 3230 427
2206 2 2 0 1 3371 3373 372
2207 2 2 0 1 429 3113 1874
2208 2 2 0 1 2407 2646 2409
2209 2 2 0 1 782 3352 822
2210 2 2 0 1 3263 3430 3260
2211 2 2 0 1 770 3148 1872
2212 2 2 0 1 957 2988 836
2213 2 2 0 1 2349 3168 2294
2214 2 2 0 1 1550 3389 2542
2215 2 2 0 1 504 3304 1910
2216 2 2 0 1 495 3269 1208
2217 2 2 0 1 1831 2831 1308
2218 2 2 0 1 2610 2611 1950
2219 2 2 0 1 1267 3370 3205
2220 2 2 0 1 1894 2994 2993
2221 2 2 0 1 2126 3391 3377
2222 2 2 0 1 378 3377 381
2223 2 2 0 1 1061 2985 1628
2224 2 2 0 1 1146 3161 895
2225 2 2 0 1 629 3188 632
2226 2 2 0 1 415 3379 418
2227 2 2 0 1 2770 2771 1039
2228 2 2 0 1 2606 2867 2084
2229 2 2 0 1 382 3392 380
2230 2 2 0 1 1452 3025 2837
2231 2 2 0 1 3087 3089 3088
2232 2 2 0 1 2163 3406 1931
2233 2 2 0 1 1244 2937 2930
2234 2 2 0 1 1374 3225 989
2235 2 2 0 1 982 2873 2872
2236 2 2 0 1 844 2934 845
2237 2 2 0 1 423 3230 424
2238 2 2 0 1 1819 3072 1369
2239 2 2 0 1 1034 2879 1033
2240 2 2 0 1 1761 3466 2454
2241 2 2 0 1 2930 2937 2629
2242 2 2 0 1 1183 3385 3169
2243 2 2 0 1 1793 3216 1615
2244 2 2 0 1 599 3071 601
2245 2 2 0 1 643 3181 662
2246 2 2 0 1 1309 3440 1204
2247 2 2 0 1 870 3284 867
2248 2 2 0 1 1092 3341 1230
2249 2 2 0 1 440 3113 432
2250 2 2 0 1 1443 2854 2725
2251 2 2 0 1 3214 3427 1925
2252 2 2 0 1 1928 3385 395
2253 2 2 0 1 3217 3431 1721
2254 2 2 0 1 2856 2997 1218
2255 2 2 0 1 3168 3169 2292
2256 2 2 0 1 1445 2887 2550
2257 2 2 0 1 1070 3221 1067
2258 2 2 0 1 2741 2743 2742
2259 2 2 0 1 2526 2527 1780
2260 2 2 0 1 1193 3188 628
2261 2 2 0 1 587 3157 665
2262 2 2 0 1 1251 2802 1362
2263 2 2 0 1 2864 3216 2061
2264 2 2 0 1 1163 2626 1388
2265 2 2 0 1 3114 3167 2349
2266 2 2 0 1 966 3007 988
2267 2 2 0 1 2809 3081 1458
2268 2 2 0 1 1593 3160 1818
2269 2 2 0 1 1171 3231 1182
2270 2 2 0 1 422 3016 419
2271 2 2 0 1 2072 2609 1516
2272 2 2 0 1 2700 2850 1856
2273 2 2 0 1 1494 2907 1496
2274 2 2 0 1 1906 3073 2071
2275 2 2 0 1 3284 3347 3177
2276 2 2 0 1 2098 2885 2118
2277 2 2 0 1 1039 2806 2770
2278 2 2 0 1 2976 3291 2896
2279 2 2 0 1 1383 3240 2733
2280 2 2 0 1 2875 2876 2815
2281 2 2 0 1 2850 2851 1854
2282 2 2 0 1 1255 2978 2977
2283 2 2 0 1 1114 2981 1107
2284 2 2 0 1 354 3106 441
2285 2 2 0 1 3220 3221 1323
2286 2 2 0 1 546 3144 815
2287 2 2 0 1 1332 3155 1602
2288 2 2 0 1 1783 3054 737
2289 2 2 0 1 687 3050 3048
2290 2 2 0 1 1300 3156 1824
2291 2 2 0 1 3048 3050 3049
2292 2 2 0 1 1675 2920 2110
2293 2 2 0 1 566 3338 565
2294 2 2 0 1 505 3240 1383
2295 2 2 0 1 358 3270 1015
2296 2 2 0 1 1837 3055 3051
2297 2 2 0 1 595 2852 2829
2298 2 2 0 1 2296 2945 1769
2299 2 2 0 1 2757 3319 2947
2300 2 2 0 1 3068 3069 2479
2301 2 2 0 1 1740 3037 1742
2302 2 2 0 1 2947 3319 2948
2303 2 2 0 1 1085 3332 1088
2304 2 2 0 1 1415 3004 1432
2305 2 2 0 1 3299 3382 3301
2306 2 2 0 1 2311 2904 2313
2307 2 2 0 1 3283 3359 544
2308 2 2 0 1 3242 3463 1341
2309 2 2 0 1 1601 3056 1603
2310 2 2 0 1 2629 2937 1804
2311 2 2 0 1 1915 2912 2911
2312 2 2 0 1 258 3638 2668
2313 2 2 0 1 982 2872 2869
2314 2 2 0 1 819 3024 818
2315 2 2 0 1 1892 3381 1139
2316 2 2 0 1 1999 2920 1996
2317 2 2 0 1 1786 2733 2597
2318 2 2 0 1 1128 2939 2860
2319 2 2 0 1 2998 3307 1670
2320 2 2 0 1 2110 2919 2918
2321 2 2 0 1 815 3144 3014
2322 2 2 0 1 1483 3347 3284
2323 2 2 0 1 2849 2850 2700
2324 2 2 0 1 1099 3407 1098
2325 2 2 0 1 614 3190 611
2326 2 2 0 1 1201 3421 2976
2327 2 2 0 1 678 3100 695
2328 2 2 0 1 2899 3146 2486
2329 2 2 0 1 2278 3362 1688
2330 2 2 0 1 595 2905 2852
2331 2 2 0 1 873 2833 871
2332 2 2 0 1 318 319 317
2333 2 2 0 1 705 3082 714
2334 2 2 0 1 2987 3034 733
2335 2 2 0 1 2808 3414 2833
2336 2 2 0 1 1100 3382 3300
2337 2 2 0 1 1282 2928 1530
2338 2 2 0 1 1940 3037 2861
2339 2 2 0 1 783 2961 744
2340 2 2 0 1 2934 3145 848
2341 2 2 0 1 2981 2982 1104
2342 2 2 0 1 1201 2976 2896
2343 2 2 0 1 1885 2814 2769
2344 2 2 0 1 2835 2993 518
2345 2 2 0 1 1148 2848 2116
2346 2 2 0 1 694 2805 2627
2347 2 2 0 1 1893 2898 1863
2348 2 2 0 1 348 3045 463
2349 2 2 0 1 2810 3081 2809
2350 2 2 0 1 492 3043 493
2351 2 2 0 1 1633 2819 2619
2352 2 2 0 1 1823 2822 2821
2353 2 2 0 1 1452 3026 3025
2354 2 2 0 1 510 2995 1202
2355 2 2 0 1 1323 3221 1070
2356 2 2 0 1 2106 3185 3084
2357 2 2 0 1 1288 2848 1148
2358 2 2 0 1 975 3010 1065
2359 2 2 0 1 2799 3008 985
2360 2 2 0 1 2110 2920 2919
2361 2 2 0 1 982 2869 2112
2362 2 2 0 1 826 3404 2745
2363 2 2 0 1 1893 3358 2980
2364 2 2 0 1 987 2900 832
2365 2 2 0 1 2942 2943 2111
2366 2 2 0 1 2138 3040 2270
2367 2 2 0 1 2773 2775 1412
2368 2 2 0 1 745 3047 2088
2369 2 2 0 1 3229 3476 3464
2370 2 2 0 1 1430 2913 1290
2371 2 2 0 1 1598 3220 1323
2372 2 2 0 1 2362 2365 2363
2373 2 2 0 1 2782 3074 967
2374 2 2 0 1 2733 2895 2597
2375 2 2 0 1 1623 2760 2595
2376 2 2 0 1 1341 3463 2584
2377 2 2 0 1 1742 3037 1745
2378 2 2 0 1 2363 2364 2361
2379 2 2 0 1 1738 3146 1737
2380 2 2 0 1 518 2995 512
2381 2 2 0 1 1308 2831 1025
2382 2 2 0 1 746 3057 2805
2383 2 2 0 1 2632 3499 1309
2384 2 2 0 1 597 3381 594
2385 2 2 0 1 3045 3046 463
2386 2 2 0 1 1446 2628 1804
2387 2 2 0 1 807 2984 808
2388 2 2 0 1 1234 2963 1363
2389 2 2 0 1 2947 2948 1874
2390 2 2 0 1 2375 3173 2027
2391 2 2 0 1 973 2625 971
2392 2 2 0 1 519 3421 1201
2393 2 2 0 1 2848 3192 2116
2394 2 2 0 1 2460 3267 1191
2395 2 2 0 1 1248 2887 1445
2396 2 2 0 1 2712 2713 2711
2397 2 2 0 1 2637 2975 2092
2398 2 2 0 1 1254 2978 1255
2399 2 2 0 1 1284 2928 1282
2400 2 2 0 1 2220 2621 2219
2401 2 2 0 1 2398 3131 2553
2402 2 2 0 1 2728 2729 1816
2403 2 2 0 1 496 3043 2111
2404 2 2 0 1 372 3373 370
2405 2 2 0 1 665 3157 1473
2406 2 2 0 1 1562 3006 1361
2407 2 2 0 1 1551 3291 1900
2408 2 2 0 1 1751 3235 1747
2409 2 2 0 1 3205 3206 2219
2410 2 2 0 1 226 2820 225
2411 2 2 0 1 3372 3373 3371
2412 2 2 0 1 1823 3102 2822
2413 2 2 0 1 2614 2616 2615
2414 2 2 0 1 1834 2849 2086
2415 2 2 0 1 1269 2831 2830
2416 2 2 0 1 2885 3080 2118
2417 2 2 0 1 2692 2693 1808
2418 2 2 0 1 1429 3023 2066
2419 2 2 0 1 2166 2884 2867
2420 2 2 0 1 1271 2860 1412
2421 2 2 0 1 741 2938 2824
2422 2 2 0 1 2127 3187 1920
2423 2 2 0 1 2922 2923 2921
2424 2 2 0 1 1338 2827 2650
2425 2 2 0 1 1670 3306 2998
2426 2 2 0 1 1876 2956 1878
2427 2 2 0 1 1089 3341 1092
2428 2 2 0 1 3025 3026 1901
2429 2 2 0 1 1790 3292 1956
2430 2 2 0 1 2532 3083 3065
2431 2 2 0 1 1438 3160 1593
2432 2 2 0 1 2517 2518 2255
2433 2 2 0 1 2787 2788 1753
2434 2 2 0 1 2116 3192 3085
2435 2 2 0 1 1829 2826 1413
2436 2 2 0 1 1391 2682 1041
2437 2 2 0 1 3175 3306 1926
2438 2 2 0 1 2635 3225 1374
2439 2 2 0 1 1749 3037 1740
2440 2 2 0 1 749 2959 795
2441 2 2 0 1 1670 3308 1669
2442 2 2 0 1 687 3048 685
2443 2 2 0 1 2092 2975 2974
2444 2 2 0 1 1230 3341 1963
2445 2 2 0 1 585 3157 587
2446 2 2 0 1 1708 2853 324
2447 2 2 0 1 2010 3193 1460
2448 2 2 0 1 1236 2963 1234
2449 2 2 0 1 1828 2790 1376
2450 2 2 0 1 1639 3358 1893
2451 2 2 0 1 1246 2937 1244
2452 2 2 0 1 2815 2876 2372
2453 2 2 0 1 1926 3299 3175
2454 2 2 0 1 3030 3032 3031
2455 2 2 0 1 1047 2916 1018
2456 2 2 0 1 1830 2955 2250
2457 2 2 0 1 1253 3081 1225
2458 2 2 0 1 879 2833 873
2459 2 2 0 1 3062 3063 2811
2460 2 2 0 1 1891 3242 608
2461 2 2 0 1 326 2853 1399
2462 2 2 0 1 2838 2873 907
2463 2 2 0 1 2832 3028 2693
2464 2 2 0 1 2372 2876 2351
2465 2 2 0 1 1350 2683 2659
2466 2 2 0 1 1503 3272 1506
2467 2 2 0 1 3166 3416 813
2468 2 2 0 1 655 3070 2614
2469 2 2 0 1 1220 3180 3179
2470 2 2 0 1 1084 3332 1085
2471 2 2 0 1 1901 3093 3025
2472 2 2 0 1 371 3343 1211
2473 2 2 0 1 1770 2834 1660
2474 2 2 0 1 814 3302 3172
2475 2 2 0 1 1860 2938 1858
2476 2 2 0 1 2893 2894 1897
2477 2 2 0 1 3006 3007 1250
2478 2 2 0 1 346 3045 348
2479 2 2 0 1 2544 2935 1627
2480 2 2 0 1 759 3018 2767
2481 2 2 0 1 2693 3028 3017
2482 2 2 0 1 702 3060 1511
2483 2 2 0 1 1823 3408 3102
2484 2 2 0 1 1592 2822 1305
2485 2 2 0 1 2597 2895 2712
2486 2 2 0 1 1413 2826 1233
2487 2 2 0 1 567 3196 568
2488 2 2 0 1 1839 3020 1279
2489 2 2 0 1 2709 2784 2590
2490 2 2 0 1 741 3132 2938
2491 2 2 0 1 2184 3005 2183
2492 2 2 0 1 503 3240 505
2493 2 2 0 1 406 2882 2876
2494 2 2 0 1 639 3184 637
2495 2 2 0 1 2322 2897 2319
2496 2 2 0 1 580 3278 579
2497 2 2 0 1 1682 3027 2217
2498 2 2 0 1 633 3251 631
2499 2 2 0 1 1741 3146 1738
2500 2 2 0 1 974 3008 975
2501 2 2 0 1 2111 3195 498
2502 2 2 0 1 555 3132 553
2503 2 2 0 1 1521 2885 2817
2504 2 2 0 1 657 2954 2953
2505 2 2 0 1 454 3143 456
2506 2 2 0 1 688 3194 1472
2507 2 2 0 1 2969 2983 2970
2508 2 2 0 1 1876 3244 2956
2509 2 2 0 1 536 3036 3035
2510 2 2 0 1 886 3214 2734
2511 2 2 0 1 1062 2984 807
2512 2 2 0 1 2931 2932 2323
2513 2 2 0 1 2106 3084 1629
2514 2 2 0 1 588 3104 586
2515 2 2 0 1 1279 3020 1280
2516 2 2 0 1 2808 2833 879
2517 2 2 0 1 2627 2805 2629
2518 2 2 0 1 555 3133 3132
2519 2 2 0 1 1759 3030 2211
2520 2 2 0 1 2119 3277 3134
2521 2 2 0 1 1143 3080 1275
2522 2 2 0 1 1873 3058 969
2523 2 2 0 1 3030 3031 2211
2524 2 2 0 1 1018 2916 1017
2525 2 2 0 1 2926 3443 766
2526 2 2 0 1 1454 3009 1456
2527 2 2 0 1 2101 2939 1360
2528 2 2 0 1 1052 2865 1053
2529 2 2 0 1 1037 3011 1436
2530 2 2 0 1 2300 3005 2184
2531 2 2 0 1 3044 3045 346
2532 2 2 0 1 2142 3147 2563
2533 2 2 0 1 1339 3229 1152
2534 2 2 0 1 557 3133 555
2535 2 2 0 1 318 320 319
2536 2 2 0 1 871 2833 1195
2537 2 2 0 1 3103 3104 591
2538 2 2 0 1 1142 3126 846
2539 2 2 0 1 2852 2905 1898
2540 2 2 0 1 1111 3300 3298
2541 2 2 0 1 1067 3221 1066
2542 2 2 0 1 533 3036 536
2543 2 2 0 1 3139 3171 3140
2544 2 2 0 1 2876 2882 2351
2545 2 2 0 1 2854 2900 2095
2546 2 2 0 1 2860 2939 2101
2547 2 2 0 1 1460 3193 1137
2548 2 2 0 1 2127 3369 3187
2549 2 2 0 1 539 2623 479
2550 2 2 0 1 720 3369 3368
2551 2 2 0 1 2731 3000 2571
2552 2 2 0 1 2983 2984 1062
2553 2 2 0 1 2921 3241 2919
2554 2 2 0 1 1376 2790 1054
2555 2 2 0 1 553 3132 741
2556 2 2 0 1 772 3064 1862
2557 2 2 0 1 2315 2897 2314
2558 2 2 0 1 3011 3012 1436
2559 2 2 0 1 2642 2993 2835
2560 2 2 0 1 3299 3301 3175
2561 2 2 0 1 1892 3102 3041
2562 2 2 0 1 318 2196 320
2563 2 2 0 1 1371 2959 2090
2564 2 2 0 1 2676 3115 2679
2565 2 2 0 1 1036 2851 1232
2566 2 2 0 1 924 2914 1052
2567 2 2 0 1 1448 2628 1446
2568 2 2 0 1 591 3104 588
2569 2 2 0 1 1275 3080 2885
2570 2 2 0 1 1505 3272 1503
2571 2 2 0 1 3104 3271 586
2572 2 2 0 1 3099 3101 3097
2573 2 2 0 1 401 3114 403
2574 2 2 0 1 1826 2631 1825
2575 2 2 0 1 1792 2599 2477
2576 2 2 0 1 1693 3254 3253
2577 2 2 0 1 661 3280 3279
2578 2 2 0 1 680 3061 681
2579 2 2 0 1 2107 2848 2839
2580 2 2 0 1 1249 2887 1248
2581 2 2 0 1 1769 2945 1771
2582 2 2 0 1 635 3279 633
2583 2 2 0 1 3368 3369 2127
2584 2 2 0 1 2553 3131 1817
2585 2 2 0 1 892 3153 3151
2586 2 2 0 1 661 3279 635
2587 2 2 0 1 633 3279 3251
2588 2 2 0 1 2967 2968 1044
2589 2 2 0 1 3041 3103 591
2590 2 2 0 1 482 3218 477
2591 2 2 0 1 2183 3005 2493
2592 2 2 0 1 1393 2928 1284
2593 2 2 0 1 1035 3011 1037
2594 2 2 0 1 1290 2913 1289
2595 2 2 0 1 1360 2939 1023
2596 2 2 0 1 1133 3121 777
2597 2 2 0 1 3102 3408 3103
2598 2 2 0 1 631 3251 649
2599 2 2 0 1 344 3044 346
2600 2 2 0 1 1227 3023 1429
2601 2 2 0 1 903 3080 1143
2602 2 2 0 1 3049 3054 3052
2603 2 2 0 1 2097 2873 2838
2604 2 2 0 1 811 3001 809
2605 2 2 0 1 125 312 126
2606 2 2 0 1 795 2959 820
2607 2 2 0 1 3077 3294 1508
2608 2 2 0 1 625 3089 560
2609 2 2 0 1 177 296 176
2610 2 2 0 1 1629 3084 1439
2611 2 2 0 1 425 3363 1907
2612 2 2 0 1 748 2513 727
2613 2 2 0 1 1244 2930 984
2614 2 2 0 1 1875 3089 625
2615 2 2 0 1 1682 3039 3027
2616 2 2 0 1 1858 2938 2117
2617 2 2 0 1 2954 3356 2953
2618 2 2 0 1 1898 2905 1895
2619 2 2 0 1 1130 2706 2705
2620 2 2 0 1 1469 3039 1682
2621 2 2 0 1 431 3164 389
2622 2 2 0 1 3298 3300 3299
2623 2 2 0 1 1338 3138 773
2624 2 2 0 1 706 2657 474
2625 2 2 0 1 751 3142 1338
2626 2 2 0 1 2362 2366 2365
2627 2 2 0 1 1728 2955 1830
2628 2 2 0 1 3127 3380 1398
2629 2 2 0 1 1281 2963 1236
2630 2 2 0 1 826 2745 933
2631 2 2 0 1 458 3171 3139
2632 2 2 0 1 472 3236 706
2633 2 2 0 1 3080 3118 2118
2634 2 2 0 1 985 3008 974
2635 2 2 0 1 981 3019 979
2636 2 2 0 1 2178 3119 2179
2637 2 2 0 1 3096 3097 1794
2638 2 2 0 1 406 3114 2882
2639 2 2 0 1 651 3026 1452
2640 2 2 0 1 1901 3305 3093
2641 2 2 0 1 545 2756 450
2642 2 2 0 1 1773 1775 1517
2643 2 2 0 1 1238 2983 1062
2644 2 2 0 1 1135 3149 852
2645 2 2 0 1 1872 3154 800
2646 2 2 0 1 1633 2521 1370
2647 2 2 0 1 458 3139 460
2648 2 2 0 1 1657 2874 1345
2649 2 2 0 1 2994 2995 2993
2650 2 2 0 1 1817 3131 1594
2651 2 2 0 1 2920 2921 2919
2652 2 2 0 1 535 3036 533
2653 2 2 0 1 734 3050 697
2654 2 2 0 1 2656 2825 2076
2655 2 2 0 1 1111 3298 1390
2656 2 2 0 1 3118 3336 2118
2657 2 2 0 1 2421 3367 2512
2658 2 2 0 1 1536 3147 1512
2659 2 2 0 1 1423 3239 2024
2660 2 2 0 1 2932 2933 2323
2661 2 2 0 1 1773 2161 1775
2662 2 2 0 1 1035 1036 1034
2663 2 2 0 1 933 1035 1034
2664 2 2 0 1 763 3404 826
2665 2 2 0 1 1041 2682 1043
2666 2 2 0 1 800 3154 806
2667 2 2 0 1 2728 2802 2729
2668 2 2 0 1 2119 3134 603
2669 2 2 0 1 2161 2455 1775
2670 2 2 0 1 288 2820 226
2671 2 2 0 1 1427 3165 1336
2672 2 2 0 1 322 1708 324
2673 2 2 0 1 172 300 173
2674 2 2 0 1 2191 3032 1973
2675 2 2 0 1 694 2488 2487
2676 2 2 0 1 1233 2826 1048
2677 2 2 0 1 722 3018 759
2678 2 2 0 1 816 3064 772
2679 2 2 0 1 647 2446 623
2680 2 2 0 1 1026 2529 1566
2681 2 2 0 1 3164 3281 389
2682 2 2 0 1 2068 3319 2757
2683 2 2 0 1 1401 2523 1839
2684 2 2 0 1 1905 3091 2696
2685 2 2 0 1 2922 2924 2923
2686 2 2 0 1 2419 3208 3207
2687 2 2 0 1 179 259 178
2688 2 2 0 1 283 3462 128
2689 2 2 0 1 1130 2705 1127
2690 2 2 0 1 814 3171 452
2691 2 2 0 1 2517 2519 2518
2692 2 2 0 1 1616 3030 1759
2693 2 2 0 1 1053 2865 1056
2694 2 2 0 1 35 2746 34
2695 2 2 0 1 406 2876 2875
2696 2 2 0 1 227 288 226
2697 2 2 0 1 1907 3345 3344
2698 2 2 0 1 1058 3145 1457
2699 2 2 0 1 669 3426 627
2700 2 2 0 1 1200 3244 1876
2701 2 2 0 1 1444 2937 1246
2702 2 2 0 1 1202 2994 1205
2703 2 2 0 1 3102 3103 3041
2704 2 2 0 1 2668 3670 258
2705 2 2 0 1 127 283 128
2706 2 2 0 1 350 3105 352
2707 2 2 0 1 181 299 180
2708 2 2 0 1 2066 2535 1652
2709 2 2 0 1 1445 2550 1447
2710 2 2 0 1 1035 1037 1036
2711 2 2 0 1 704 3142 751
2712 2 2 0 1 561 3133 557
2713 2 2 0 1 1864 3142 676
2714 2 2 0 1 1857 2244 2230
2715 2 2 0 1 1512 3147 1632
2716 2 2 0 1 778 2857 787
2717 2 2 0 1 2419 3207 2412
2718 2 2 0 1 2346 3452 2580
2719 2 2 0 1 2235 3019 1379
2720 2 2 0 1 2528 2628 1448
2721 2 2 0 1 324 2853 326
2722 2 2 0 1 1450 3422 485
2723 2 2 0 1 1280 3020 1283
2724 2 2 0 1 183 244 182
2725 2 2 0 1 1037 1277 1036
2726 2 2 0 1 266 3412 224
2727 2 2 0 1 1475 3356 3355
2728 2 2 0 1 1278 1563 1277
2729 2 2 0 1 536 3129 531
2730 2 2 0 1 2749 3655 2175
2731 2 2 0 1 1411 2721 1647
2732 2 2 0 1 1683 2019 1725
2733 2 2 0 1 818 979 768
2734 2 2 0 1 1649 1773 1517
2735 2 2 0 1 1712 3258 2209
2736 2 2 0 1 452 3171 458
2737 2 2 0 1 3085 3192 1464
2738 2 2 0 1 3025 3093 2104
2739 2 2 0 1 976 3055 986
2740 2 2 0 1 130 271 131
2741 2 2 0 1 875 2736 879
2742 2 2 0 1 3332 3333 1088
2743 2 2 0 1 741 2754 551
2744 2 2 0 1 2284 3320 1189
2745 2 2 0 1 1421 3239 1423
2746 2 2 0 1 2784 2785 2590
2747 2 2 0 1 1516 1950 1707
2748 2 2 0 1 1961 2158 1960
2749 2 2 0 1 1382 3061 680
2750 2 2 0 1 670 3386 1419
2751 2 2 0 1 3058 3426 682
2752 2 2 0 1 1467 3039 1469
2753 2 2 0 1 616 2561 612
2754 2 2 0 1 1157 2714 1155
2755 2 2 0 1 479 2623 464
2756 2 2 0 1 1500 2072 1516
2757 2 2 0 1 1278 1761 1563
2758 2 2 0 1 1490 1494 1492
2759 2 2 0 1 1794 3101 2559
2760 2 2 0 1 2258 2259 2257
2761 2 2 0 1 2951 3186 1821
2762 2 2 0 1 1037 1278 1277
2763 2 2 0 1 1384 3441 3096
2764 2 2 0 1 1112 3243 1346
2765 2 2 0 1 1563 1683 1564
2766 2 2 0 1 818 980 979
2767 2 2 0 1 2193 2335 1770
2768 2 2 0 1 1683 2271 2019
2769 2 2 0 1 1488 2908 1490
2770 2 2 0 1 1305 2822 1892
2771 2 2 0 1 577 2605 2515
2772 2 2 0 1 225 266 224
2773 2 2 0 1 2458 3555 824
2774 2 2 0 1 289 3439 222
2775 2 2 0 1 2745 3011 1035
2776 2 2 0 1 842 3121 1778
2777 2 2 0 1 2072 2612 2609
2778 2 2 0 1 726 3122 796
2779 2 2 0 1 694 2487 679
2780 2 2 0 1 560 3089 562
2781 2 2 0 1 1899 3222 2651
2782 2 2 0 1 185 302 184
2783 2 2 0 1 326 1399 328
2784 2 2 0 1 627 3426 3070
2785 2 2 0 1 980 981 979
2786 2 2 0 1 850 3145 1058
2787 2 2 0 1 1737 3146 2899
2788 2 2 0 1 980 1227 981
2789 2 2 0 1 272 3449 141
2790 2 2 0 1 3238 3239 1421
2791 2 2 0 1 856 3149 1755
2792 2 2 0 1 2050 3165 1427
2793 2 2 0 1 1227 1386 1228
2794 2 2 0 1 1569 2528 1448
2795 2 2 0 1 741 2824 2754
2796 2 2 0 1 1336 3165 1335
2797 2 2 0 1 1017 2916 1347
2798 2 2 0 1 1651 1653 1386
2799 2 2 0 1 486 3026 651
2800 2 2 0 1 869 3223 872
2801 2 2 0 1 1494 1496 1495
2802 2 2 0 1 1897 3222 1896
2803 2 2 0 1 170 273 171
2804 2 2 0 1 1113 3243 1112
2805 2 2 0 1 1353 3410 1617
2806 2 2 0 1 2451 2452 1774
2807 2 2 0 1 759 2767 767
2808 2 2 0 1 1518 3339 1718
2809 2 2 0 1 1496 1499 1497
2810 2 2 0 1 1494 1495 1492
2811 2 2 0 1 450 2756 445
2812 2 2 0 1 1404 1517 1265
2813 2 2 0 1 777 3121 802
2814 2 2 0 1 223 289 222
2815 2 2 0 1 1227 1228 981
2816 2 2 0 1 1576 3217 1721
2817 2 2 0 1 330 1007 332
2818 2 2 0 1 460 3139 468
2819 2 2 0 1 747 3159 827
2820 2 2 0 1 950 2698 920
2821 2 2 0 1 490 3166 813
2822 2 2 0 1 1659 1954 1813
2823 2 2 0 1 2115 3306 3175
2824 2 2 0 1 2832 3410 1030
2825 2 2 0 1 1791 2599 1792
2826 2 2 0 1 933 1034 1033
2827 2 2 0 1 1820 1821 1499
2828 2 2 0 1 977 3290 563
2829 2 2 0 1 1659 1813 1657
2830 2 2 0 1 2087 2734 1821
2831 2 2 0 1 320 322 321
2832 2 2 0 1 1060 2763 913
2833 2 2 0 1 1543 3246 3245
2834 2 2 0 1 950 3197 2698
2835 2 2 0 1 474 2657 476
2836 2 2 0 1 799 3094 769
2837 2 2 0 1 2264 2845 1711
2838 2 2 0 1 1511 3122 723
2839 2 2 0 1 133 262 134
2840 2 2 0 1 1954 2195 1813
2841 2 2 0 1 1270 2687 917
2842 2 2 0 1 1110 3295 1103
2843 2 2 0 1 3226 3227 1768
2844 2 2 0 1 1477 3262 656
2845 2 2 0 1 1499 1500 1497
2846 2 2 0 1 2980 2982 2981
2847 2 2 0 1 2030 2208 2151
2848 2 2 0 1 1672 2030 1812
2849 2 2 0 1 531 3129 530
2850 2 2 0 1 1496 1497 1495
2851 2 2 0 1 787 2857 2806
2852 2 2 0 1 1534 1535 1351
2853 2 2 0 1 2840 2841 2162
2854 2 2 0 1 1652 1960 1651
2855 2 2 0 1 336 764 338
2856 2 2 0 1 1051 3238 1421
2857 2 2 0 1 443 2755 1132
2858 2 2 0 1 1324 3266 2135
2859 2 2 0 1 2256 2257 2194
2860 2 2 0 1 2321 2322 2319
2861 2 2 0 1 1120 1265 1119
2862 2 2 0 1 1349 1351 1045
2863 2 2 0 1 852 3149 853
2864 2 2 0 1 1534 1671 1535
2865 2 2 0 1 558 3163 554
2866 2 2 0 1 3259 3262 2121
2867 2 2 0 1 2573 2574 2572
2868 2 2 0 1 1349 1534 1351
2869 2 2 0 1 221 257 220
2870 2 2 0 1 933 2745 1035
2871 2 2 0 1 1527 2842 1286
2872 2 2 0 1 1870 3265 2053
2873 2 2 0 1 1410 2520 1408
2874 2 2 0 1 466 3422 459
2875 2 2 0 1 2121 3262 1477
2876 2 2 0 1 2319 2897 2315
2877 2 2 0 1 1543 3245 1541
2878 2 2 0 1 1454 3010 3009
2879 2 2 0 1 864 866 865
2880 2 2 0 1 2231 2232 1671
2881 2 2 0 1 862 864 863
2882 2 2 0 1 320 321 319
2883 2 2 0 1 2374 2815 2372
2884 2 2 0 1 2573 2575 2574
2885 2 2 0 1 1205 2994 1311
2886 2 2 0 1 1603 1802 1801
2887 2 2 0 1 864 865 863
2888 2 2 0 1 1682 2217 2033
2889 2 2 0 1 1771 2193 1770
2890 2 2 0 1 996 997 978
2891 2 2 0 1 219 292 218
2892 2 2 0 1 135 295 136
2893 2 2 0 1 471 2732 1144
2894 2 2 0 1 1563 1564 1277
2895 2 2 0 1 1672 1812 1393
2896 2 2 0 1 1490 2908 1494
2897 2 2 0 1 563 3290 561
2898 2 2 0 1 866 867 865
2899 2 2 0 1 167 261 168
2900 2 2 0 1 928 996 978
2901 2 2 0 1 562 3089 3087
2902 2 2 0 1 1788 2573 2572
2903 2 2 0 1 1332 1442 1331
2904 2 2 0 1 751 772 750
2905 2 2 0 1 1398 3380 1262
2906 2 2 0 1 866 868 867
2907 2 2 0 1 869 872 871
2908 2 2 0 1 1020 3201 1049
2909 2 2 0 1 996 1414 997
2910 2 2 0 1 942 3185 944
2911 2 2 0 1 3264 3265 1870
2912 2 2 0 1 1394 1672 1393
2913 2 2 0 1 1414 1415 997
2914 2 2 0 1 2801 2815 2374
2915 2 2 0 1 188 238 187
2916 2 2 0 1 1429 1651 1386
2917 2 2 0 1 2064 3413 2566
2918 2 2 0 1 1414 1654 1415
2919 2 2 0 1 2224 2225 1673
2920 2 2 0 1 551 2754 549
2921 2 2 0 1 408 2875 1307
2922 2 2 0 1 928 978 811
2923 2 2 0 1 1568 1735 1569
2924 2 2 0 1 3294 3295 1508
2925 2 2 0 1 673 675 647
2926 2 2 0 1 1447 1568 1448
2927 2 2 0 1 1535 1788 1787
2928 2 2 0 1 508 3355 511
2929 2 2 0 1 773 816 772
2930 2 2 0 1 868 869 867
2931 2 2 0 1 1601 1603 1442
2932 2 2 0 1 2967 2969 2968
2933 2 2 0 1 1701 3228 1699
2934 2 2 0 1 1475 3355 507
2935 2 2 0 1 2034 3147 1536
2936 2 2 0 1 187 3110 186
2937 2 2 0 1 1666 2188 1667
2938 2 2 0 1 1666 1667 1434
2939 2 2 0 1 1445 1447 1446
2940 2 2 0 1 817 929 816
2941 2 2 0 1 2188 2189 1667
2942 2 2 0 1 1755 2386 858
2943 2 2 0 1 1508 3295 1110
2944 2 2 0 1 2030 2151 1812
2945 2 2 0 1 2233 2286 2234
2946 2 2 0 1 1683 1725 1564
2947 2 2 0 1 1496 1820 1499
2948 2 2 0 1 1698 1977 1697
2949 2 2 0 1 1023 2939 1024
2950 2 2 0 1 1788 2572 2570
2951 2 2 0 1 1568 1569 1448
2952 2 2 0 1 2919 3241 840
2953 2 2 0 1 1500 1516 1501
2954 2 2 0 1 1156 3233 1159
2955 2 2 0 1 676 704 677
2956 2 2 0 1 666 676 667
2957 2 2 0 1 858 859 857
2958 2 2 0 1 216 245 215
2959 2 2 0 1 1603 1801 1442
2960 2 2 0 1 1447 1448 1446
2961 2 2 0 1 671 3044 344
2962 2 2 0 1 1228 2233 1379
2963 2 2 0 1 704 750 705
2964 2 2 0 1 1248 1445 1444
2965 2 2 0 1 889 3085 888
2966 2 2 0 1 1182 2579 1169
2967 2 2 0 1 868 3223 869
2968 2 2 0 1 1865 3356 1613
2969 2 2 0 1 795 818 768
2970 2 2 0 1 2154 2155 2153
2971 2 2 0 1 1445 1446 1444
2972 2 2 0 1 1009 1331 957
2973 2 2 0 1 1469 1682 1560
2974 2 2 0 1 2185 3119 2450
2975 2 2 0 1 2064 2566 1802
2976 2 2 0 1 2123 3340 3268
2977 2 2 0 1 2179 3119 2182
2978 2 2 0 1 666 1864 676
2979 2 2 0 1 165 303 166
2980 2 2 0 1 771 2525 1783
2981 2 2 0 1 1417 2471 2391
2982 2 2 0 1 1432 1666 1434
2983 2 2 0 1 856 858 857
2984 2 2 0 1 872 873 871
2985 2 2 0 1 1693 3252 1520
2986 2 2 0 1 1739 1749 1740
2987 2 2 0 1 2314 2326 2312
2988 2 2 0 1 2222 2394 2223
2989 2 2 0 1 1364 1697 1365
2990 2 2 0 1 1820 2087 1821
2991 2 2 0 1 859 862 861
2992 2 2 0 1 2014 2222 2015
2993 2 2 0 1 806 3154 937
2994 2 2 0 1 923 2914 924
2995 2 2 0 1 708 970 969
2996 2 2 0 1 2228 2638 2004
2997 2 2 0 1 1711 2845 1528
2998 2 2 0 1 342 671 344
2999 2 2 0 1 862 863 861
3000 2 2 0 1 1269 2491 991
3001 2 2 0 1 874 875 873
3002 2 2 0 1 1735 1736 1569
3003 2 2 0 1 2956 3244 860
3004 2 2 0 1 137 258 138
3005 2 2 0 1 2067 2836 1621
3006 2 2 0 1 751 773 772
3007 2 2 0 1 2673 3115 2676
3008 2 2 0 1 2304 2305 1983
3009 2 2 0 1 876 877 875
3010 2 2 0 1 1608 2474 2401
3011 2 2 0 1 2037 2038 1610
3012 2 2 0 1 2456 2457 2038
3013 2 2 0 1 1058 1135 852
3014 2 2 0 1 1880 1885 1882
3015 2 2 0 1 872 874 873
3016 2 2 0 1 322 324 323
3017 2 2 0 1 3245 3248 2279
3018 2 2 0 1 1982 1983 1980
3019 2 2 0 1 878 880 877
3020 2 2 0 1 1147 3316 1287
3021 2 2 0 1 1888 2617 2084
3022 2 2 0 1 929 1220 931
3023 2 2 0 1 1248 1444 1246
3024 2 2 0 1 2676 2679 2678
3025 2 2 0 1 1745 1752 1746
3026 2 2 0 1 516 2880 514
3027 2 2 0 1 676 3142 704
3028 2 2 0 1 3067 3467 664
3029 2 2 0 1 970 972 971
3030 2 2 0 1 771 1783 737
3031 2 2 0 1 2222 2223 2015
3032 2 2 0 1 970 971 969
3033 2 2 0 1 1302 2887 1249
3034 2 2 0 1 826 933 932
3035 2 2 0 1 773 817 816
3036 2 2 0 1 704 751 750
3037 2 2 0 1 1736 1739 1738
3038 2 2 0 1 938 2832 936
3039 2 2 0 1 2638 2691 1405
3040 2 2 0 1 1364 1698 1697
3041 2 2 0 1 874 876 875
3042 2 2 0 1 1868 3264 1870
3043 2 2 0 1 903 3118 3080
3044 2 2 0 1 1850 3314 1959
3045 2 2 0 1 2032 2337 2336
3046 2 2 0 1 1742 1745 1744
3047 2 2 0 1 972 974 973
3048 2 2 0 1 1941 2192 2187
3049 2 2 0 1 2014 2015 1524
3050 2 2 0 1 2162 2393 2155
3051 2 2 0 1 1803 2064 1802
3052 2 2 0 1 876 878 877
3053 2 2 0 1 3096 3098 3097
3054 2 2 0 1 1530 1810 1809
3055 2 2 0 1 1594 3131 1630
3056 2 2 0 1 1287 3316 1640
3057 2 2 0 1 1984 2304 1983
3058 2 2 0 1 1754 1964 1749
3059 2 2 0 1 708 969 684
3060 2 2 0 1 1810 2215 1811
3061 2 2 0 1 1705 2231 1671
3062 2 2 0 1 1054 2790 954
3063 2 2 0 1 881 882 880
3064 2 2 0 1 1311 1894 1417
3065 2 2 0 1 214 294 213
3066 2 2 0 1 972 973 971
3067 2 2 0 1 878 881 880
3068 2 2 0 1 1596 1610 1373
3069 2 2 0 1 1457 3145 2886
3070 2 2 0 1 191 275 190
3071 2 2 0 1 1797 3131 2398
3072 2 2 0 1 1778 1861 844
3073 2 2 0 1 655 2613 2561
3074 2 2 0 1 1789 2727 2069
3075 2 2 0 1 813 1149 492
3076 2 2 0 1 1914 3380 3127
3077 2 2 0 1 601 666 608
3078 2 2 0 1 1748 2032 2031
3079 2 2 0 1 1810 1811 1809
3080 2 2 0 1 1739 1740 1738
3081 2 2 0 1 682 3426 669
3082 2 2 0 1 1415 1432 1431
3083 2 2 0 1 3084 3185 945
3084 2 2 0 1 1530 1809 1281
3085 2 2 0 1 537 539 479
3086 2 2 0 1 2784 2786 2785
3087 2 2 0 1 1058 1373 1135
3088 2 2 0 1 1745 1746 1744
3089 2 2 0 1 140 272 141
3090 2 2 0 1 2032 2336 2031
3091 2 2 0 1 275 2272 190
3092 2 2 0 1 1051 1254 1029
3093 2 2 0 1 1046 1349 1045
3094 2 2 0 1 2037 2456 2038
3095 2 2 0 1 1940 2131 1752
3096 2 2 0 1 883 884 882
3097 2 2 0 1 1009 1332 1331
3098 2 2 0 1 749 768 748
3099 2 2 0 1 562 3087 564
3100 2 2 0 1 550 2534 552
3101 2 2 0 1 1289 2096 2095
3102 2 2 0 1 1068 1198 1069
3103 2 2 0 1 2228 2639 2638
3104 2 2 0 1 2356 3314 1852
3105 2 2 0 1 1784 3415 1785
3106 2 2 0 1 1596 2037 1610
3107 2 2 0 1 1642 3290 977
3108 2 2 0 1 1201 2880 516
3109 2 2 0 1 2419 3209 3208
3110 2 2 0 1 1169 2579 1167
3111 2 2 0 1 856 1755 858
3112 2 2 0 1 853 3149 856
3113 2 2 0 1 1658 1659 1657
3114 2 2 0 1 881 883 882
3115 2 2 0 1 1247 1248 1246
3116 2 2 0 1 1432 1434 1433
3117 2 2 0 1 974 975 973
3118 2 2 0 1 850 852 851
3119 2 2 0 1 1531 2009 1728
3120 2 2 0 1 655 2561 616
3121 2 2 0 1 704 705 677
3122 2 2 0 1 1065 1068 1067
3123 2 2 0 1 850 1058 852
3124 2 2 0 1 848 3145 850
3125 2 2 0 1 848 850 849
3126 2 2 0 1 1698 1978 1977
3127 2 2 0 1 389 3281 390
3128 2 2 0 1 2190 2489 2188
3129 2 2 0 1 470 3236 472
3130 2 2 0 1 2107 2108 1471
3131 2 2 0 1 1899 2651 2650
3132 2 2 0 1 1150 1151 1149
3133 2 2 0 1 812 928 811
3134 2 2 0 1 2135 2588 1936
3135 2 2 0 1 685 708 684
3136 2 2 0 1 490 492 491
3137 2 2 0 1 1466 1471 1467
3138 2 2 0 1 1482 3282 893
3139 2 2 0 1 1417 2391 1416
3140 2 2 0 1 162 256 163
3141 2 2 0 1 156 246 157
3142 2 2 0 1 159 276 160
3143 2 2 0 1 2131 2458 1752
3144 2 2 0 1 665 1473 1322
3145 2 2 0 1 463 3105 350
3146 2 2 0 1 738 771 737
3147 2 2 0 1 529 3310 532
3148 2 2 0 1 1456 1684 1455
3149 2 2 0 1 492 493 491
3150 2 2 0 1 1421 1422 1254
3151 2 2 0 1 683 684 682
3152 2 2 0 1 593 2905 595
3153 2 2 0 1 2013 2014 1524
3154 2 2 0 1 986 1021 985
3155 2 2 0 1 1684 1722 1686
3156 2 2 0 1 2335 2834 1770
3157 2 2 0 1 348 463 350
3158 2 2 0 1 913 2763 911
3159 2 2 0 1 1464 1466 1465
3160 2 2 0 1 676 677 667
3161 2 2 0 1 3139 3140 1463
3162 2 2 0 1 817 930 929
3163 2 2 0 1 810 811 809
3164 2 2 0 1 2404 2801 2374
3165 2 2 0 1 1794 2559 1791
3166 2 2 0 1 2108 2153 2109
3167 2 2 0 1 885 888 884
3168 2 2 0 1 735 737 734
3169 2 2 0 1 1387 3281 1911
3170 2 2 0 1 1473 1474 1322
3171 2 2 0 1 1068 1069 1067
3172 2 2 0 1 917 2687 915
3173 2 2 0 1 2096 2725 2095
3174 2 2 0 1 1604 2558 2043
3175 2 2 0 1 1555 1941 1668
3176 2 2 0 1 493 496 495
3177 2 2 0 1 2224 2226 2225
3178 2 2 0 1 842 844 843
3179 2 2 0 1 2009 2955 1728
3180 2 2 0 1 3246 3248 3245
3181 2 2 0 1 496 498 497
3182 2 2 0 1 1490 1492 1491
3183 2 2 0 1 1117 3243 1113
3184 2 2 0 1 1185 3266 1324
3185 2 2 0 1 1043 1045 1042
3186 2 2 0 1 1332 1601 1442
3187 2 2 0 1 1911 3281 3164
3188 2 2 0 1 1363 1531 1413
3189 2 2 0 1 1977 2229 1697
3190 2 2 0 1 842 1778 844
3191 2 2 0 1 1454 1455 1198
3192 2 2 0 1 1289 2095 987
3193 2 2 0 1 498 499 497
3194 2 2 0 1 1245 1246 1244
3195 2 2 0 1 143 247 144
3196 2 2 0 1 1769 1770 1660
3197 2 2 0 1 1378 1393 1284
3198 2 2 0 1 575 3330 572
3199 2 2 0 1 615 2552 617
3200 2 2 0 1 2118 3336 1637
3201 2 2 0 1 1690 2085 2082
3202 2 2 0 1 468 3139 1463
3203 2 2 0 1 1614 1794 1791
3204 2 2 0 1 1071 1074 1073
3205 2 2 0 1 340 342 341
3206 2 2 0 1 2366 2385 2365
3207 2 2 0 1 154 305 155
3208 2 2 0 1 1885 1886 1882
3209 2 2 0 1 962 967 930
3210 2 2 0 1 1439 3084 1329
3211 2 2 0 1 3315 3371 374
3212 2 2 0 1 1124 3380 1914
3213 2 2 0 1 1896 3222 1899
3214 2 2 0 1 1074 1075 1073
3215 2 2 0 1 496 497 495
3216 2 2 0 1 1423 1555 1422
3217 2 2 0 1 1903 3334 2238
3218 2 2 0 1 1286 2842 1288
3219 2 2 0 1 2148 2265 1704
3220 2 2 0 1 1011 1029 968
3221 2 2 0 1 665 1322 1118
3222 2 2 0 1 1287 1527 1286
3223 2 2 0 1 1648 1704 1396
3224 2 2 0 1 888 1464 1197
3225 2 2 0 1 508 511 510
3226 2 2 0 1 1147 1286 1148
3227 2 2 0 1 498 500 499
3228 2 2 0 1 211 2497 240
3229 2 2 0 1 1347 1396 1038
3230 2 2 0 1 853 856 855
3231 2 2 0 1 1221 1364 1336
3232 2 2 0 1 1305 1892 1139
3233 2 2 0 1 2169 2442 2201
3234 2 2 0 1 324 326 325
3235 2 2 0 1 500 501 499
3236 2 2 0 1 336 338 337
3237 2 2 0 1 342 344 343
3238 2 2 0 1 993 2073 1026
3239 2 2 0 1 1473 2507 1474
3240 2 2 0 1 224 3412 223
3241 2 2 0 1 2653 2654 2009
3242 2 2 0 1 976 985 974
3243 2 2 0 1 802 3121 842
3244 2 2 0 1 1531 1728 1413
3245 2 2 0 1 1075 1078 1077
3246 2 2 0 1 929 931 816
3247 2 2 0 1 1220 1221 931
3248 2 2 0 1 1333 3305 494
3249 2 2 0 1 679 765 653
3250 2 2 0 1 883 885 884
3251 2 2 0 1 1311 2994 1894
3252 2 2 0 1 1152 1153 1151
3253 2 2 0 1 1684 1686 1455
3254 2 2 0 1 476 2657 1636
3255 2 2 0 1 434 440 432
3256 2 2 0 1 211 240 210
3257 2 2 0 1 2107 3192 2848
3258 2 2 0 1 1292 1430 1290
3259 2 2 0 1 505 506 504
3260 2 2 0 1 1440 1897 1896
3261 2 2 0 1 2039 2473 1766
3262 2 2 0 1 507 508 506
3263 2 2 0 1 1528 2845 1527
3264 2 2 0 1 194 235 193
3265 2 2 0 1 1471 3039 1467
3266 2 2 0 1 503 504 501
3267 2 2 0 1 2250 2549 2134
3268 2 2 0 1 845 848 847
3269 2 2 0 1 877 2736 875
3270 2 2 0 1 338 340 339
3271 2 2 0 1 1282 1530 1281
3272 2 2 0 1 2154 2162 2155
3273 2 2 0 1 527 3310 529
3274 2 2 0 1 1381 1524 1022
3275 2 2 0 1 587 665 589
3276 2 2 0 1 464 1451 461
3277 2 2 0 1 1224 1252 1225
3278 2 2 0 1 813 1150 1149
3279 2 2 0 1 1231 3301 1094
3280 2 2 0 1 1363 1413 1233
3281 2 2 0 1 896 926 895
3282 2 2 0 1 500 503 501
3283 2 2 0 1 152 277 153
3284 2 2 0 1 1056 2865 1424
3285 2 2 0 1 767 1133 777
3286 2 2 0 1 1275 2885 1521
3287 2 2 0 1 2108 2154 2153
3288 2 2 0 1 2412 3207 2410
3289 2 2 0 1 907 2873 905
3290 2 2 0 1 1982 1984 1983
3291 2 2 0 1 1301 1302 1249
3292 2 2 0 1 1830 2250 2134
3293 2 2 0 1 2082 2643 2601
3294 2 2 0 1 1078 1079 1077
3295 2 2 0 1 2094 2236 1685
3296 2 2 0 1 2027 2028 2026
3297 2 2 0 1 988 1289 987
3298 2 2 0 1 1051 1421 1254
3299 2 2 0 1 1011 1051 1029
3300 2 2 0 1 1078 1080 1079
3301 2 2 0 1 146 278 147
3302 2 2 0 1 856 857 855
3303 2 2 0 1 1005 1119 819
3304 2 2 0 1 1017 1038 946
3305 2 2 0 1 1648 2148 1704
3306 2 2 0 1 503 505 504
3307 2 2 0 1 505 507 506
3308 2 2 0 1 513 514 512
3309 2 2 0 1 1347 1648 1396
3310 2 2 0 1 490 491 489
3311 2 2 0 1 1276 2565 1080
3312 2 2 0 1 574 2605 577
3313 2 2 0 1 344 346 345
3314 2 2 0 1 2029 2169 2028
3315 2 2 0 1 429 1874 427
3316 2 2 0 1 442 443 440
3317 2 2 0 1 767 2767 1133
3318 2 2 0 1 511 512 510
3319 2 2 0 1 1712 2209 1711
3320 2 2 0 1 888 3085 1464
3321 2 2 0 1 618 655 616
3322 2 2 0 1 962 968 967
3323 2 2 0 1 1941 2187 1668
3324 2 2 0 1 926 1147 1146
3325 2 2 0 1 511 513 512
3326 2 2 0 1 1535 1787 1351
3327 2 2 0 1 733 734 697
3328 2 2 0 1 681 682 669
3329 2 2 0 1 515 516 514
3330 2 2 0 1 488 3166 490
3331 2 2 0 1 517 519 516
3332 2 2 0 1 346 348 347
3333 2 2 0 1 1017 1347 1038
3334 2 2 0 1 520 521 519
3335 2 2 0 1 1647 2721 1710
3336 2 2 0 1 1843 1846 1841
3337 2 2 0 1 2532 3165 2050
3338 2 2 0 1 1466 2107 1471
3339 2 2 0 1 1252 1294 1253
3340 2 2 0 1 522 523 521
3341 2 2 0 1 802 842 841
3342 2 2 0 1 507 3355 508
3343 2 2 0 1 1394 1673 1672
3344 2 2 0 1 986 3055 1380
3345 2 2 0 1 1722 2463 1686
3346 2 2 0 1 1254 1255 1029
3347 2 2 0 1 403 3114 406
3348 2 2 0 1 697 3050 687
3349 2 2 0 1 444 445 443
3350 2 2 0 1 894 895 891
3351 2 2 0 1 1736 1738 1737
3352 2 2 0 1 2138 2268 2136
3353 2 2 0 1 483 488 487
3354 2 2 0 1 1739 1754 1749
3355 2 2 0 1 488 490 489
3356 2 2 0 1 675 2446 647
3357 2 2 0 1 1578 2136 1579
3358 2 2 0 1 666 667 608
3359 2 2 0 1 1555 1668 1422
3360 2 2 0 1 869 871 870
3361 2 2 0 1 513 515 514
3362 2 2 0 1 864 927 866
3363 2 2 0 1 546 548 547
3364 2 2 0 1 1641 1711 1528
3365 2 2 0 1 2038 2141 1610
3366 2 2 0 1 541 1450 485
3367 2 2 0 1 1294 1578 1295
3368 2 2 0 1 490 813 492
3369 2 2 0 1 1788 2570 1787
3370 2 2 0 1 2025 2026 1556
3371 2 2 0 1 885 889 888
3372 2 2 0 1 515 517 516
3373 2 2 0 1 1150 1152 1151
3374 2 2 0 1 1234 1363 1233
3375 2 2 0 1 445 2756 2755
3376 2 2 0 1 517 520 519
3377 2 2 0 1 449 450 445
3378 2 2 0 1 1714 3325 2338
3379 2 2 0 1 1140 1305 1139
3380 2 2 0 1 1620 1621 1462
3381 2 2 0 1 421 422 419
3382 2 2 0 1 390 3281 393
3383 2 2 0 1 2167 2309 2168
3384 2 2 0 1 2153 2164 2109
3385 2 2 0 1 520 522 521
3386 2 2 0 1 1466 1467 1465
3387 2 2 0 1 196 304 195
3388 2 2 0 1 1353 1616 1515
3389 2 2 0 1 1353 1515 1219
3390 2 2 0 1 1745 1940 1752
3391 2 2 0 1 1591 1592 1305
3392 2 2 0 1 2591 2594 2057
3393 2 2 0 1 1758 2023 1592
3394 2 2 0 1 454 456 450
3395 2 2 0 1 1147 1287 1286
3396 2 2 0 1 1616 1759 1515
3397 2 2 0 1 2574 2576 2572
3398 2 2 0 1 348 350 349
3399 2 2 0 1 1866 1868 1867
3400 2 2 0 1 149 239 150
3401 2 2 0 1 1252 1253 1225
3402 2 2 0 1 1868 1870 1869
3403 2 2 0 1 610 613 607
3404 2 2 0 1 1384 1614 1385
3405 2 2 0 1 905 982 904
3406 2 2 0 1 1603 1803 1802
3407 2 2 0 1 1868 1869 1867
3408 2 2 0 1 208 274 207
3409 2 2 0 1 2169 2201 2028
3410 2 2 0 1 485 3422 466
3411 2 2 0 1 1785 1866 1865
3412 2 2 0 1 548 550 549
3413 2 2 0 1 550 552 551
3414 2 2 0 1 1870 1871 1869
3415 2 2 0 1 1754 2470 1964
3416 2 2 0 1 1740 1742 1741
3417 2 2 0 1 926 3316 1147
3418 2 2 0 1 449 454 450
3419 2 2 0 1 636 3369 720
3420 2 2 0 1 1224 1225 829
3421 2 2 0 1 3134 3277 1131
3422 2 2 0 1 1614 1791 1615
3423 2 2 0 1 1850 1959 1848
3424 2 2 0 1 444 449 445
3425 2 2 0 1 1030 1219 935
3426 2 2 0 1 1151 2942 1149
3427 2 2 0 1 1866 1867 1865
3428 2 2 0 1 1160 1162 1161
3429 2 2 0 1 1030 1353 1219
3430 2 2 0 1 1461 1462 1460
3431 2 2 0 1 3268 3340 1212
3432 2 2 0 1 605 2119 603
3433 2 2 0 1 1162 1164 1163
3434 2 2 0 1 894 896 895
3435 2 2 0 1 1154 1155 1153
3436 2 2 0 1 3246 3249 3248
3437 2 2 0 1 456 546 545
3438 2 2 0 1 1032 3312 901
3439 2 2 0 1 1746 1748 1747
3440 2 2 0 1 423 424 422
3441 2 2 0 1 442 444 443
3442 2 2 0 1 1748 2031 1750
3443 2 2 0 1 1742 1744 1743
3444 2 2 0 1 1435 2983 1238
3445 2 2 0 1 1421 1423 1422
3446 2 2 0 1 1870 2053 1871
3447 2 2 0 1 1795 2106 1629
3448 2 2 0 1 1973 3032 3030
3449 2 2 0 1 1647 1710 1700
3450 2 2 0 1 1613 3356 1475
3451 2 2 0 1 1834 2086 1968
3452 2 2 0 1 524 526 523
3453 2 2 0 1 716 755 718
3454 2 2 0 1 902 904 900
3455 2 2 0 1 808 809 775
3456 2 2 0 1 1127 2705 1126
3457 2 2 0 1 476 1636 478
3458 2 2 0 1 552 554 553
3459 2 2 0 1 2137 2167 2140
3460 2 2 0 1 1286 1288 1148
3461 2 2 0 1 830 1224 829
3462 2 2 0 1 1941 2289 2192
3463 2 2 0 1 919 1218 948
3464 2 2 0 1 805 934 799
3465 2 2 0 1 1627 3061 1382
3466 2 2 0 1 1131 1139 597
3467 2 2 0 1 2077 2504 1596
3468 2 2 0 1 1973 3030 1616
3469 2 2 0 1 1164 1166 1165
3470 2 2 0 1 1152 1154 1153
3471 2 2 0 1 859 861 860
3472 2 2 0 1 529 530 528
3473 2 2 0 1 527 528 526
3474 2 2 0 1 1287 1528 1527
3475 2 2 0 1 414 1237 412
3476 2 2 0 1 1785 1865 1613
3477 2 2 0 1 1914 1974 1529
3478 2 2 0 1 784 829 783
3479 2 2 0 1 1464 1465 1197
3480 2 2 0 1 350 352 351
3481 2 2 0 1 473 2732 471
3482 2 2 0 1 1652 1961 1960
3483 2 2 0 1 1383 1475 507
3484 2 2 0 1 1106 2469 2468
3485 2 2 0 1 1153 1634 1151
3486 2 2 0 1 1037 1436 1278
3487 2 2 0 1 2750 2752 2067
3488 2 2 0 1 1162 1163 1161
3489 2 2 0 1 763 826 825
3490 2 2 0 1 1080 1081 1079
3491 2 2 0 1 342 343 341
3492 2 2 0 1 820 2959 1371
3493 2 2 0 1 2233 2234 1379
3494 2 2 0 1 1423 1556 1555
3495 2 2 0 1 1069 1071 1070
3496 2 2 0 1 1056 1424 1299
3497 2 2 0 1 772 1862 750
3498 2 2 0 1 522 524 523
3499 2 2 0 1 1728 1830 1829
3500 2 2 0 1 731 769 754
3501 2 2 0 1 1164 1165 1163
3502 2 2 0 1 978 3001 811
3503 2 2 0 1 352 354 353
3504 2 2 0 1 674 700 673
3505 2 2 0 1 572 3330 570
3506 2 2 0 1 1346 1544 1114
3507 2 2 0 1 1071 1073 1072
3508 2 2 0 1 434 442 440
3509 2 2 0 1 1972 2266 1544
3510 2 2 0 1 905 2873 982
3511 2 2 0 1 915 2687 1060
3512 2 2 0 1 1048 2826 1047
3513 2 2 0 1 2108 2109 1471
3514 2 2 0 1 1795 2738 2106
3515 2 2 0 1 1457 1596 1373
3516 2 2 0 1 1065 1067 1066
3517 2 2 0 1 1174 1175 1173
3518 2 2 0 1 1178 1179 1177
3519 2 2 0 1 1041 1042 995
3520 2 2 0 1 692 731 698
3521 2 2 0 1 631 649 630
3522 2 2 0 1 1172 1173 1171
3523 2 2 0 1 794 2719 2718
3524 2 2 0 1 1294 1295 1253
3525 2 2 0 1 1176 1177 1175
3526 2 2 0 1 1407 1724 1409
3527 2 2 0 1 1805 2114 1631
3528 2 2 0 1 850 851 849
3529 2 2 0 1 1176 1178 1177
3530 2 2 0 1 963 1270 917
3531 2 2 0 1 424 1137 1136
3532 2 2 0 1 1459 1460 1137
3533 2 2 0 1 1371 2090 1681
3534 2 2 0 1 1612 1613 1475
3535 2 2 0 1 1174 1176 1175
3536 2 2 0 1 852 853 851
3537 2 2 0 1 3177 3347 3178
3538 2 2 0 1 1172 1174 1173
3539 2 2 0 1 1852 3314 1850
3540 2 2 0 1 911 2763 1016
3541 2 2 0 1 409 410 407
3542 2 2 0 1 393 3281 1387
3543 2 2 0 1 1578 1579 1295
3544 2 2 0 1 975 1065 1064
3545 2 2 0 1 2136 2137 1579
3546 2 2 0 1 731 754 698
3547 2 2 0 1 1166 1167 1165
3548 2 2 0 1 725 3404 763
3549 2 2 0 1 2209 2264 1711
3550 2 2 0 1 888 1197 884
3551 2 2 0 1 1170 1172 1171
3552 2 2 0 1 1180 1185 1179
3553 2 2 0 1 1641 1712 1711
3554 2 2 0 1 692 698 672
3555 2 2 0 1 1186 3266 1185
3556 2 2 0 1 915 1060 913
3557 2 2 0 1 1170 1171 1169
3558 2 2 0 1 1190 1192 1191
3559 2 2 0 1 1586 3306 1670
3560 2 2 0 1 1387 1911 1692
3561 2 2 0 1 1911 1990 1692
3562 2 2 0 1 2172 2174 2170
3563 2 2 0 1 1154 1156 1155
3564 2 2 0 1 1415 1431 997
3565 2 2 0 1 1166 1168 1167
3566 2 2 0 1 658 692 672
3567 2 2 0 1 1242 1244 984
3568 2 2 0 1 1729 2279 1988
3569 2 2 0 1 1911 1991 1990
3570 2 2 0 1 1178 1180 1179
3571 2 2 0 1 1156 1157 1155
3572 2 2 0 1 1991 2260 1990
3573 2 2 0 1 1924 3294 3077
3574 2 2 0 1 1695 1719 1357
3575 2 2 0 1 984 2930 834
3576 2 2 0 1 1075 1077 1076
3577 2 2 0 1 1156 1159 1157
3578 2 2 0 1 1759 2211 2186
3579 2 2 0 1 1456 1685 1684
3580 2 2 0 1 1147 1148 1146
3581 2 2 0 1 1027 1374 989
3582 2 2 0 1 1830 2134 2076
3583 2 2 0 1 344 345 343
3584 2 2 0 1 354 356 355
3585 2 2 0 1 1289 2913 2096
3586 2 2 0 1 921 1384 923
3587 2 2 0 1 844 845 843
3588 2 2 0 1 1190 1191 1188
3589 2 2 0 1 205 236 204
3590 2 2 0 1 1974 2149 1976
3591 2 2 0 1 443 1132 440
3592 2 2 0 1 1608 2401 1381
3593 2 2 0 1 1914 1975 1974
3594 2 2 0 1 1767 2039 1766
3595 2 2 0 1 3093 3305 1333
3596 2 2 0 1 649 1543 1541
3597 2 2 0 1 1378 1394 1393
3598 2 2 0 1 1124 1529 1122
3599 2 2 0 1 1168 1170 1169
3600 2 2 0 1 2132 2356 1852
3601 2 2 0 1 1180 1186 1185
3602 2 2 0 1 1280 1281 1236
3603 2 2 0 1 1264 1398 1262
3604 2 2 0 1 902 905 904
3605 2 2 0 1 1890 3347 1485
3606 2 2 0 1 1228 1379 981
3607 2 2 0 1 792 839 797
3608 2 2 0 1 523 3259 525
3609 2 2 0 1 1168 1169 1167
3610 2 2 0 1 548 549 547
3611 2 2 0 1 1936 2588 1953
3612 2 2 0 1 754 790 789
3613 2 2 0 1 1784 1785 1613
3614 2 2 0 1 2167 2168 2140
3615 2 2 0 1 1991 2368 2260
3616 2 2 0 1 911 1016 909
3617 2 2 0 1 1324 2135 1936
3618 2 2 0 1 1607 2249 1117
3619 2 2 0 1 1464 3192 1466
3620 2 2 0 1 546 547 545
3621 2 2 0 1 1112 1114 1107
3622 2 2 0 1 199 233 198
3623 2 2 0 1 533 536 531
3624 2 2 0 1 1620 2067 1621
3625 2 2 0 1 326 328 327
3626 2 2 0 1 1050 1233 1048
3627 2 2 0 1 1792 2477 2059
3628 2 2 0 1 1922 3296 3294
3629 2 2 0 1 2025 2027 2026
3630 2 2 0 1 658 672 625
3631 2 2 0 1 848 849 847
3632 2 2 0 1 202 279 201
3633 2 2 0 1 629 630 621
3634 2 2 0 1 2048 3264 1868
3635 2 2 0 1 530 1354 656
3636 2 2 0 1 882 886 880
3637 2 2 0 1 2427 2801 2404
3638 2 2 0 1 1803 2584 2064
3639 2 2 0 1 1485 3347 1483
3640 2 2 0 1 494 3305 491
3641 2 2 0 1 550 551 549
3642 2 2 0 1 958 1009 957
3643 2 2 0 1 762 2198 1662
3644 2 2 0 1 1461 1620 1462
3645 2 2 0 1 346 347 345
3646 2 2 0 1 348 349 347
3647 2 2 0 1 400 654 398
3648 2 2 0 1 1454 1456 1455
3649 2 2 0 1 2258 2438 2259
3650 2 2 0 1 1124 1914 1529
3651 2 2 0 1 637 661 635
3652 2 2 0 1 1447 1703 1568
3653 2 2 0 1 552 558 554
3654 2 2 0 1 1159 1160 1157
3655 2 2 0 1 2241 3383 2397
3656 2 2 0 1 2027 2029 2028
3657 2 2 0 1 488 489 487
3658 2 2 0 1 629 631 630
3659 2 2 0 1 552 553 551
3660 2 2 0 1 2103 3091 1905
3661 2 2 0 1 524 527 526
3662 2 2 0 1 890 891 889
3663 2 2 0 1 710 762 709
3664 2 2 0 1 2289 3189 2917
3665 2 2 0 1 1024 1126 960
3666 2 2 0 1 1656 1657 1345
3667 2 2 0 1 421 423 422
3668 2 2 0 1 1106 2468 1077
3669 2 2 0 1 1068 1454 1198
3670 2 2 0 1 603 3134 600
3671 2 2 0 1 1715 3325 1714
3672 2 2 0 1 3177 3178 887
3673 2 2 0 1 404 1229 402
3674 2 2 0 1 464 2623 1451
3675 2 2 0 1 1273 1312 1192
3676 2 2 0 1 1160 1184 1162
3677 2 2 0 1 1315 1575 1313
3678 2 2 0 1 546 815 548
3679 2 2 0 1 527 529 528
3680 2 2 0 1 529 531 530
3681 2 2 0 1 926 1146 895
3682 2 2 0 1 340 341 339
3683 2 2 0 1 2014 2358 2222
3684 2 2 0 1 2418 3317 2424
3685 2 2 0 1 1682 2033 1560
3686 2 2 0 1 1759 2186 1760
3687 2 2 0 1 2433 3368 2128
3688 2 2 0 1 2321 2323 2322
3689 2 2 0 1 2080 2793 1819
3690 2 2 0 1 648 673 647
3691 2 2 0 1 1273 1313 1312
3692 2 2 0 1 1354 2890 1577
3693 2 2 0 1 564 567 566
3694 2 2 0 1 559 658 625
3695 2 2 0 1 2493 2494 2212
3696 2 2 0 1 2138 2269 2268
3697 2 2 0 1 1516 1707 1501
3698 2 2 0 1 2117 3290 1642
3699 2 2 0 1 1810 2641 2215
3700 2 2 0 1 338 339 337
3701 2 2 0 1 493 495 494
3702 2 2 0 1 1587 2546 2545
3703 2 2 0 1 1129 1130 1127
3704 2 2 0 1 986 1022 1021
3705 2 2 0 1 683 685 684
3706 2 2 0 1 1534 1705 1671
3707 2 2 0 1 1227 1429 1386
3708 2 2 0 1 893 894 891
3709 2 2 0 1 496 2111 498
3710 2 2 0 1 328 330 329
3711 2 2 0 1 1571 1714 1570
3712 2 2 0 1 1247 1249 1248
3713 2 2 0 1 1262 3380 1125
3714 2 2 0 1 1729 1988 1730
3715 2 2 0 1 554 556 555
3716 2 2 0 1 1541 1729 1542
3717 2 2 0 1 1322 1440 1118
3718 2 2 0 1 577 2515 2484
3719 2 2 0 1 988 1290 1289
3720 2 2 0 1 571 573 572
3721 2 2 0 1 3344 3345 1207
3722 2 2 0 1 1607 2282 2249
3723 2 2 0 1 2414 2419 2412
3724 2 2 0 1 350 351 349
3725 2 2 0 1 1354 1577 1355
3726 2 2 0 1 1578 2138 2136
3727 2 2 0 1 655 2614 2613
3728 2 2 0 1 1705 2310 2231
3729 2 2 0 1 649 1541 1206
3730 2 2 0 1 643 662 641
3731 2 2 0 1 445 2755 443
3732 2 2 0 1 1666 2190 2188
3733 2 2 0 1 842 843 841
3734 2 2 0 1 2809 2811 2200
3735 2 2 0 1 1871 2637 2092
3736 2 2 0 1 1462 2010 1460
3737 2 2 0 1 1972 2308 2266
3738 2 2 0 1 1667 2400 1434
3739 2 2 0 1 1927 3372 3371
3740 2 2 0 1 2145 2240 2144
3741 2 2 0 1 1432 1433 1431
3742 2 2 0 1 708 1449 970
3743 2 2 0 1 1346 1972 1544
3744 2 2 0 1 982 2112 904
3745 2 2 0 1 554 3163 556
3746 2 2 0 1 2578 3415 1784
3747 2 2 0 1 1459 1461 1460
3748 2 2 0 1 1112 1346 1114
3749 2 2 0 1 424 1136 422
3750 2 2 0 1 2752 2836 2067
3751 2 2 0 1 1531 2653 2009
3752 2 2 0 1 1364 1365 1336
3753 2 2 0 1 2199 2200 2198
3754 2 2 0 1 1552 2542 1709
3755 2 2 0 1 2073 2529 1026
3756 2 2 0 1 665 1118 589
3757 2 2 0 1 354 355 353
3758 2 2 0 1 1020 1047 1018
3759 2 2 0 1 2128 3368 2127
3760 2 2 0 1 352 353 351
3761 2 2 0 1 447 3302 814
3762 2 2 0 1 2133 2144 2132
3763 2 2 0 1 1387 1692 1403
3764 2 2 0 1 920 2698 798
3765 2 2 0 1 393 1387 395
3766 2 2 0 1 874 1145 876
3767 2 2 0 1 691 709 660
3768 2 2 0 1 3132 3133 2117
3769 2 2 0 1 1137 1587 1136
3770 2 2 0 1 1046 1350 1349
3771 2 2 0 1 1078 1276 1080
3772 2 2 0 1 1396 1808 1038
3773 2 2 0 1 568 571 570
3774 2 2 0 1 1936 1953 1937
3775 2 2 0 1 1589 1828 1376
3776 2 2 0 1 1953 2430 2020
3777 2 2 0 1 1185 1324 1203
3778 2 2 0 1 1212 3340 1096
3779 2 2 0 1 1714 2338 1932
3780 2 2 0 1 2029 2170 2169
3781 2 2 0 1 878 892 881
3782 2 2 0 1 947 1017 946
3783 2 2 0 1 2065 2191 1973
3784 2 2 0 1 1998 1999 1996
3785 2 2 0 1 1617 1973 1616
3786 2 2 0 1 762 1662 709
3787 2 2 0 1 1245 1247 1246
3788 2 2 0 1 1543 3247 3246
3789 2 2 0 1 972 976 974
3790 2 2 0 1 1160 1161 1157
3791 2 2 0 1 1324 1936 1325
3792 2 2 0 1 1602 1766 1601
3793 2 2 0 1 976 986 985
3794 2 2 0 1 374 3371 372
3795 2 2 0 1 2241 2397 2240
3796 2 2 0 1 1571 1715 1714
3797 2 2 0 1 424 1459 1137
3798 2 2 0 1 1478 1691 1480
3799 2 2 0 1 468 1463 470
3800 2 2 0 1 2249 3243 1117
3801 2 2 0 1 788 2099 779
3802 2 2 0 1 1319 3348 1571
3803 2 2 0 1 356 357 355
3804 2 2 0 1 790 792 791
3805 2 2 0 1 770 799 769
3806 2 2 0 1 1541 3245 1729
3807 2 2 0 1 1903 2238 1957
3808 2 2 0 1 334 336 335
3809 2 2 0 1 1639 1733 1573
3810 2 2 0 1 1189 1190 1188
3811 2 2 0 1 679 2487 765
3812 2 2 0 1 330 332 331
3813 2 2 0 1 1732 3334 1903
3814 2 2 0 1 914 915 913
3815 2 2 0 1 944 946 943
3816 2 2 0 1 530 3129 1354
3817 2 2 0 1 508 510 509
3818 2 2 0 1 916 917 915
3819 2 2 0 1 1319 1570 1317
3820 2 2 0 1 567 568 566
3821 2 2 0 1 1675 2110 1514
3822 2 2 0 1 1853 2132 1852
3823 2 2 0 1 1080 1082 1081
3824 2 2 0 1 936 1030 935
3825 2 2 0 1 681 683 682
3826 2 2 0 1 387 431 389
3827 2 2 0 1 556 559 557
3828 2 2 0 1 534 535 533
3829 2 2 0 1 912 913 911
3830 2 2 0 1 735 738 737
3831 2 2 0 1 2011 2353 1757
3832 2 2 0 1 532 533 531
3833 2 2 0 1 2198 2205 1662
3834 2 2 0 1 1446 1804 1444
3835 2 2 0 1 806 935 805
3836 2 2 0 1 897 898 896
3837 2 2 0 1 559 625 560
3838 2 2 0 1 2410 2655 2408
3839 2 2 0 1 2183 2212 2181
3840 2 2 0 1 1187 1188 1186
3841 2 2 0 1 489 3305 1901
3842 2 2 0 1 543 544 535
3843 2 2 0 1 1319 1571 1570
3844 2 2 0 1 456 545 450
3845 2 2 0 1 472 706 474
3846 2 2 0 1 1057 3238 1051
3847 2 2 0 1 1298 1573 1572
3848 2 2 0 1 2179 2180 2177
3849 2 2 0 1 1756 1757 1505
3850 2 2 0 1 1272 1273 1192
3851 2 2 0 1 530 656 528
3852 2 2 0 1 1550 2542 1552
3853 2 2 0 1 1301 1352 1302
3854 2 2 0 1 918 963 917
3855 2 2 0 1 1381 2013 1524
3856 2 2 0 1 910 911 909
3857 2 2 0 1 784 830 829
3858 2 2 0 1 620 621 544
3859 2 2 0 1 1429 1652 1651
3860 2 2 0 1 1771 2194 2193
3861 2 2 0 1 356 358 357
3862 2 2 0 1 596 2829 599
3863 2 2 0 1 1473 2508 2507
3864 2 2 0 1 961 962 930
3865 2 2 0 1 1082 1083 1081
3866 2 2 0 1 632 633 631
3867 2 2 0 1 1809 2963 1281
3868 2 2 0 1 2069 2636 2569
3869 2 2 0 1 564 3087 567
3870 2 2 0 1 354 441 356
3871 2 2 0 1 2635 3383 2241
3872 2 2 0 1 1913 3310 527
3873 2 2 0 1 628 629 621
3874 2 2 0 1 966 987 832
3875 2 2 0 1 899 900 898
3876 2 2 0 1 1979 1980 1978
3877 2 2 0 1 964 989 963
3878 2 2 0 1 908 909 907
3879 2 2 0 1 1921 2127 1920
3880 2 2 0 1 367 368 366
3881 2 2 0 1 1010 1011 968
3882 2 2 0 1 554 555 553
3883 2 2 0 1 1314 1315 1313
3884 2 2 0 1 634 635 633
3885 2 2 0 1 996 1441 1414
3886 2 2 0 1 636 637 635
3887 2 2 0 1 2256 2258 2257
3888 2 2 0 1 1158 3233 1156
3889 2 2 0 1 379 3315 376
3890 2 2 0 1 1812 2928 1393
3891 2 2 0 1 1926 3306 1586
3892 2 2 0 1 906 907 905
3893 2 2 0 1 990 1027 989
3894 2 2 0 1 332 334 333
3895 2 2 0 1 571 572 570
3896 2 2 0 1 2406 2427 2404
3897 2 2 0 1 1311 1417 1416
3898 2 2 0 1 538 623 537
3899 2 2 0 1 1252 1443 1294
3900 2 2 0 1 1758 2431 2023
3901 2 2 0 1 2353 2449 1757
3902 2 2 0 1 1348 1834 1536
3903 2 2 0 1 383 3391 1209
3904 2 2 0 1 810 812 811
3905 2 2 0 1 1316 1317 1315
3906 2 2 0 1 1591 1758 1592
3907 2 2 0 1 1584 1926 1586
3908 2 2 0 1 729 748 727
3909 2 2 0 1 638 639 637
3910 2 2 0 1 391 3397 388
3911 2 2 0 1 500 646 503
3912 2 2 0 1 480 537 479
3913 2 2 0 1 1028 1122 1027
3914 2 2 0 1 1140 1591 1305
3915 2 2 0 1 1383 1612 1475
3916 2 2 0 1 1851 1852 1850
3917 2 2 0 1 800 805 799
3918 2 2 0 1 1098 1213 1212
3919 2 2 0 1 901 902 900
3920 2 2 0 1 505 1383 507
3921 2 2 0 1 754 789 698
3922 2 2 0 1 1974 1976 1529
3923 2 2 0 1 762 2199 2198
3924 2 2 0 1 733 735 734
3925 2 2 0 1 2149 2150 1976
3926 2 2 0 1 571 1330 573
3927 2 2 0 1 1637 3336 854
3928 2 2 0 1 1164 1304 1166
3929 2 2 0 1 672 1875 625
3930 2 2 0 1 2172 2175 2174
3931 2 2 0 1 1123 1124 1122
3932 2 2 0 1 691 710 709
3933 2 2 0 1 1367 2017 1368
3934 2 2 0 1 358 359 357
3935 2 2 0 1 2069 2727 2636
3936 2 2 0 1 860 3244 857
3937 2 2 0 1 703 739 701
3938 2 2 0 1 1103 3295 1105
3939 2 2 0 1 368 370 369
3940 2 2 0 1 1612 1784 1613
3941 2 2 0 1 1736 1737 1569
3942 2 2 0 1 1131 1140 1139
3943 2 2 0 1 971 1873 969
3944 2 2 0 1 368 369 366
3945 2 2 0 1 2559 2599 1791
3946 2 2 0 1 640 641 639
3947 2 2 0 1 1298 1639 1573
3948 2 2 0 1 2266 2898 1544
3949 2 2 0 1 956 957 836
3950 2 2 0 1 1866 2048 1868
3951 2 2 0 1 1050 1234 1233
3952 2 2 0 1 1841 3258 1712
3953 2 2 0 1 1167 2579 1194
3954 2 2 0 1 1614 1615 1385
3955 2 2 0 1 1354 1355 656
3956 2 2 0 1 487 3026 486
3957 2 2 0 1 1168 1297 1170
3958 2 2 0 1 931 3064 816
3959 2 2 0 1 1084 1085 1083
3960 2 2 0 1 1207 3302 439
3961 2 2 0 1 1213 1298 1215
3962 2 2 0 1 1125 3380 1124
3963 2 2 0 1 523 525 521
3964 2 2 0 1 1580 1920 1193
3965 2 2 0 1 1791 1792 1615
3966 2 2 0 1 1876 1878 1877
3967 2 2 0 1 526 3259 523
3968 2 2 0 1 1640 1641 1528
3969 2 2 0 1 2199 2809 2200
3970 2 2 0 1 624 647 623
3971 2 2 0 1 360 361 359
3972 2 2 0 1 1798 1799 1796
3973 2 2 0 1 1927 3371 3315
3974 2 2 0 1 2338 2359 1932
3975 2 2 0 1 2137 2140 2139
3976 2 2 0 1 1082 1084 1083
3977 2 2 0 1 2432 2433 2128
3978 2 2 0 1 1384 1385 923
3979 2 2 0 1 1714 1932 1570
3980 2 2 0 1 934 3094 799
3981 2 2 0 1 1367 1368 1084
3982 2 2 0 1 1905 2696 1934
3983 2 2 0 1 642 643 641
3984 2 2 0 1 649 1206 630
3985 2 2 0 1 465 479 464
3986 2 2 0 1 1728 1829 1413
3987 2 2 0 1 855 3244 1200
3988 2 2 0 1 792 797 793
3989 2 2 0 1 781 783 744
3990 2 2 0 1 1981 1982 1980
3991 2 2 0 1 919 948 920
3992 2 2 0 1 362 363 361
3993 2 2 0 1 448 1210 379
3994 2 2 0 1 1849 1850 1848
3995 2 2 0 1 790 791 789
3996 2 2 0 1 383 1209 385
3997 2 2 0 1 1075 1076 1073
3998 2 2 0 1 1630 1795 1629
3999 2 2 0 1 358 360 359
4000 2 2 0 1 368 371 370
4001 2 2 0 1 364 365 363
4002 2 2 0 1 1844 1845 1843
4003 2 2 0 1 2238 2500 1957
4004 2 2 0 1 1098 1212 1096
4005 2 2 0 1 1586 1670 1669
4006 2 2 0 1 1108 3296 1115
4007 2 2 0 1 1318 1319 1317
4008 2 2 0 1 1263 1264 1262
4009 2 2 0 1 1759 1760 1515
4010 2 2 0 1 1082 1367 1084
4011 2 2 0 1 1330 1611 573
4012 2 2 0 1 1871 2092 1869
4013 2 2 0 1 1729 1730 1542
4014 2 2 0 1 1830 2076 1829
4015 2 2 0 1 381 3391 383
4016 2 2 0 1 1933 3372 1927
4017 2 2 0 1 2134 2648 2076
4018 2 2 0 1 1840 1841 1712
4019 2 2 0 1 1842 1843 1841
4020 2 2 0 1 1085 1087 1086
4021 2 2 0 1 1541 1542 1206
4022 2 2 0 1 2168 2204 2203
4023 2 2 0 1 1242 1245 1244
4024 2 2 0 1 1320 3348 1319
4025 2 2 0 1 797 919 798
4026 2 2 0 1 644 645 643
4027 2 2 0 1 1097 1098 1096
4028 2 2 0 1 1105 3296 1108
4029 2 2 0 1 1174 1285 1176
4030 2 2 0 1 1847 1848 1845
4031 2 2 0 1 1658 1660 1659
4032 2 2 0 1 890 893 891
4033 2 2 0 1 1756 2011 1757
4034 2 2 0 1 1177 1181 1175
4035 2 2 0 1 1185 1203 1179
4036 2 2 0 1 430 432 429
4037 2 2 0 1 2011 2481 2353
4038 2 2 0 1 1347 2656 1648
4039 2 2 0 1 1088 1089 1087
4040 2 2 0 1 948 952 949
4041 2 2 0 1 1000 1643 1002
4042 2 2 0 1 556 557 555
4043 2 2 0 1 975 1064 973
4044 2 2 0 1 1096 3340 1093
4045 2 2 0 1 2068 2750 2067
4046 2 2 0 1 689 3018 722
4047 2 2 0 1 1584 1586 1585
4048 2 2 0 1 727 2513 724
4049 2 2 0 1 1816 3313 821
4050 2 2 0 1 364 367 366
4051 2 2 0 1 1079 1106 1077
4052 2 2 0 1 663 1358 583
4053 2 2 0 1 1416 2391 1726
4054 2 2 0 1 336 337 335
4055 2 2 0 1 2837 3025 2104
4056 2 2 0 1 1911 3164 1991
4057 2 2 0 1 1905 1934 1618
4058 2 2 0 1 847 3118 903
4059 2 2 0 1 2534 2589 558
4060 2 2 0 1 1587 2545 2113
4061 2 2 0 1 1069 1070 1067
4062 2 2 0 1 942 943 940
4063 2 2 0 1 2696 2697 1934
4064 2 2 0 1 2410 3207 2655
4065 2 2 0 1 1190 1272 1192
4066 2 2 0 1 513 657 515
4067 2 2 0 1 731 770 769
4068 2 2 0 1 2008 2210 1532
4069 2 2 0 1 1740 1741 1738
4070 2 2 0 1 808 810 809
4071 2 2 0 1 1085 1088 1087
4072 2 2 0 1 1858 2117 1642
4073 2 2 0 1 2017 2333 1368
4074 2 2 0 1 1625 1789 1626
4075 2 2 0 1 1953 2020 1937
4076 2 2 0 1 2183 2493 2212
4077 2 2 0 1 1071 1072 1070
4078 2 2 0 1 1362 1625 1567
4079 2 2 0 1 1639 1863 1733
4080 2 2 0 1 481 2008 1532
4081 2 2 0 1 2179 2181 2180
4082 2 2 0 1 1936 1937 1325
4083 2 2 0 1 1330 1618 1611
4084 2 2 0 1 1261 1262 1125
4085 2 2 0 1 1547 3263 3261
4086 2 2 0 1 520 619 522
4087 2 2 0 1 433 434 432
4088 2 2 0 1 1108 1112 1107
4089 2 2 0 1 1594 1629 1439
4090 2 2 0 1 751 1338 773
4091 2 2 0 1 1324 1325 1203
4092 2 2 0 1 360 362 361
4093 2 2 0 1 2024 2025 1556
4094 2 2 0 1 1138 2505 1590
4095 2 2 0 1 781 784 783
4096 2 2 0 1 1878 1880 1879
4097 2 2 0 1 428 429 427
4098 2 2 0 1 1904 1905 1618
4099 2 2 0 1 1105 1107 1104
4100 2 2 0 1 462 464 461
4101 2 2 0 1 1089 1091 1090
4102 2 2 0 1 1180 1187 1186
4103 2 2 0 1 532 534 533
4104 2 2 0 1 1210 3315 379
4105 2 2 0 1 534 543 535
4106 2 2 0 1 1273 1314 1313
4107 2 2 0 1 1187 1189 1188
4108 2 2 0 1 1077 2468 1076
4109 2 2 0 1 1606 1607 1117
4110 2 2 0 1 481 3354 2008
4111 2 2 0 1 1085 1086 1083
4112 2 2 0 1 568 570 569
4113 2 2 0 1 543 620 544
4114 2 2 0 1 2133 2145 2144
4115 2 2 0 1 549 2754 1141
4116 2 2 0 1 947 1018 1017
4117 2 2 0 1 564 566 565
4118 2 2 0 1 559 560 557
4119 2 2 0 1 1729 3245 2279
4120 2 2 0 1 1065 1066 1064
4121 2 2 0 1 1746 1747 1744
4122 2 2 0 1 415 416 414
4123 2 2 0 1 629 632 631
4124 2 2 0 1 1573 1734 1572
4125 2 2 0 1 417 419 416
4126 2 2 0 1 562 564 563
4127 2 2 0 1 1043 1046 1045
4128 2 2 0 1 1387 1403 395
4129 2 2 0 1 358 1015 360
4130 2 2 0 1 1314 1316 1315
4131 2 2 0 1 1853 2133 2132
4132 2 2 0 1 620 628 621
4133 2 2 0 1 362 364 363
4134 2 2 0 1 632 634 633
4135 2 2 0 1 634 636 635
4136 2 2 0 1 483 487 486
4137 2 2 0 1 780 3313 781
4138 2 2 0 1 1390 1584 1583
4139 2 2 0 1 420 421 419
4140 2 2 0 1 636 638 637
4141 2 2 0 1 1927 3315 1210
4142 2 2 0 1 1213 1215 1212
4143 2 2 0 1 759 767 766
4144 2 2 0 1 1171 1182 1169
4145 2 2 0 1 1100 3300 1102
4146 2 2 0 1 1020 1048 1047
4147 2 2 0 1 1303 1306 1264
4148 2 2 0 1 914 916 915
4149 2 2 0 1 514 2880 518
4150 2 2 0 1 1789 2069 1790
4151 2 2 0 1 1422 2978 1254
4152 2 2 0 1 364 366 365
4153 2 2 0 1 1742 1743 1741
4154 2 2 0 1 1353 1617 1616
4155 2 2 0 1 966 988 987
4156 2 2 0 1 658 1453 692
4157 2 2 0 1 912 914 913
4158 2 2 0 1 1463 3236 470
4159 2 2 0 1 1924 3077 2001
4160 2 2 0 1 885 890 889
4161 2 2 0 1 916 918 917
4162 2 2 0 1 1058 1457 1373
4163 2 2 0 1 2080 2794 2793
4164 2 2 0 1 638 640 639
4165 2 2 0 1 910 912 911
4166 2 2 0 1 370 436 369
4167 2 2 0 1 413 414 412
4168 2 2 0 1 529 532 531
4169 2 2 0 1 1695 2280 1719
4170 2 2 0 1 1102 3300 1111
4171 2 2 0 1 1316 1318 1317
4172 2 2 0 1 1880 1882 1881
4173 2 2 0 1 322 323 321
4174 2 2 0 1 1437 1779 1776
4175 2 2 0 1 1922 3294 1924
4176 2 2 0 1 534 2909 543
4177 2 2 0 1 1921 2128 2127
4178 2 2 0 1 1089 1090 1087
4179 2 2 0 1 794 2718 756
4180 2 2 0 1 908 910 909
4181 2 2 0 1 767 777 776
4182 2 2 0 1 2583 2684 1562
4183 2 2 0 1 894 897 896
4184 2 2 0 1 1024 1127 1126
4185 2 2 0 1 2145 2241 2240
4186 2 2 0 1 1565 1927 1210
4187 2 2 0 1 918 964 963
4188 2 2 0 1 1851 1853 1852
4189 2 2 0 1 408 409 407
4190 2 2 0 1 2069 2569 2070
4191 2 2 0 1 1748 1750 1747
4192 2 2 0 1 1030 3410 1353
4193 2 2 0 1 906 908 907
4194 2 2 0 1 411 412 409
4195 2 2 0 1 2205 2246 2206
4196 2 2 0 1 964 990 989
4197 2 2 0 1 524 1913 527
4198 2 2 0 1 1295 1458 1253
4199 2 2 0 1 897 899 898
4200 2 2 0 1 1488 1490 1489
4201 2 2 0 1 1200 1876 1638
4202 2 2 0 1 1580 1921 1920
4203 2 2 0 1 401 402 400
4204 2 2 0 1 405 407 404
4205 2 2 0 1 425 427 423
4206 2 2 0 1 1115 3296 1922
4207 2 2 0 1 375 481 377
4208 2 2 0 1 1280 1282 1281
4209 2 2 0 1 640 642 641
4210 2 2 0 1 1589 2055 1828
4211 2 2 0 1 1116 1117 1113
4212 2 2 0 1 399 400 398
4213 2 2 0 1 437 3344 1207
4214 2 2 0 1 899 901 900
4215 2 2 0 1 990 1028 1027
4216 2 2 0 1 1103 1104 1101
4217 2 2 0 1 1154 1158 1156
4218 2 2 0 1 376 3315 374
4219 2 2 0 1 1914 3127 1975
4220 2 2 0 1 902 906 905
4221 2 2 0 1 694 2627 2488
4222 2 2 0 1 1214 3330 2343
4223 2 2 0 1 1907 3344 428
4224 2 2 0 1 403 404 402
4225 2 2 0 1 1091 3340 2123
4226 2 2 0 1 659 660 645
4227 2 2 0 1 1354 3129 2890
4228 2 2 0 1 1163 1388 1161
4229 2 2 0 1 893 3282 894
4230 2 2 0 1 1580 3366 1921
4231 2 2 0 1 1565 1933 1927
4232 2 2 0 1 1167 1194 1165
4233 2 2 0 1 1503 1506 1359
4234 2 2 0 1 1028 1123 1122
4235 2 2 0 1 859 860 857
4236 2 2 0 1 1089 1092 1091
4237 2 2 0 1 1093 3340 1091
4238 2 2 0 1 1230 1963 1962
4239 2 2 0 1 1091 2123 1090
4240 2 2 0 1 1298 1572 1215
4241 2 2 0 1 519 1201 516
4242 2 2 0 1 1175 2524 1173
4243 2 2 0 1 1853 2686 2133
4244 2 2 0 1 642 644 643
4245 2 2 0 1 1586 1669 1585
4246 2 2 0 1 1318 1320 1319
4247 2 2 0 1 2065 2598 2191
4248 2 2 0 1 849 3336 3118
4249 2 2 0 1 1617 2065 1973
4250 2 2 0 1 93 293 94
4251 2 2 0 1 448 1392 1210
4252 2 2 0 1 1467 1469 1468
4253 2 2 0 1 951 1138 1013
4254 2 2 0 1 560 562 561
4255 2 2 0 1 690 691 660
4256 2 2 0 1 2090 2091 1681
4257 2 2 0 1 455 461 454
4258 2 2 0 1 817 961 930
4259 2 2 0 1 1764 2197 1971
4260 2 2 0 1 792 793 791
4261 2 2 0 1 1205 1311 1310
4262 2 2 0 1 1095 1096 1093
4263 2 2 0 1 91 254 92
4264 2 2 0 1 1602 1767 1766
4265 2 2 0 1 1596 2504 2037
4266 2 2 0 1 962 1010 968
4267 2 2 0 1 397 398 396
4268 2 2 0 1 1849 1851 1850
4269 2 2 0 1 1798 1800 1799
4270 2 2 0 1 1004 1342 1258
4271 2 2 0 1 2171 2172 2170
4272 2 2 0 1 2669 2671 2670
4273 2 2 0 1 38 291 37
4274 2 2 0 1 532 3310 1199
4275 2 2 0 1 840 3241 801
4276 2 2 0 1 1392 1565 1210
4277 2 2 0 1 705 714 713
4278 2 2 0 1 944 947 946
4279 2 2 0 1 1886 1888 1887
4280 2 2 0 1 1123 1125 1124
4281 2 2 0 1 96 232 97
4282 2 2 0 1 2671 2673 2672
4283 2 2 0 1 777 802 801
4284 2 2 0 1 493 494 491
4285 2 2 0 1 478 483 482
4286 2 2 0 1 40 231 39
4287 2 2 0 1 36 270 35
4288 2 2 0 1 806 936 935
4289 2 2 0 1 481 1532 1509
4290 2 2 0 1 1208 1772 1334
4291 2 2 0 1 1584 1585 1583
4292 2 2 0 1 1825 1838 1553
4293 2 2 0 1 2938 3132 2117
4294 2 2 0 1 1082 2565 1367
4295 2 2 0 1 1036 1232 1034
4296 2 2 0 1 2333 2334 1368
4297 2 2 0 1 1097 1099 1098
4298 2 2 0 1 1698 1979 1978
4299 2 2 0 1 901 3312 902
4300 2 2 0 1 1150 1339 1152
4301 2 2 0 1 845 847 846
4302 2 2 0 1 1532 1533 1509
4303 2 2 0 1 770 800 799
4304 2 2 0 1 853 855 854
4305 2 2 0 1 2348 2349 2294
4306 2 2 0 1 936 2832 1030
4307 2 2 0 1 2033 2227 2063
4308 2 2 0 1 722 759 758
4309 2 2 0 1 800 806 805
4310 2 2 0 1 937 3154 1337
4311 2 2 0 1 1899 2650 2089
4312 2 2 0 1 2137 2139 1579
4313 2 2 0 1 1661 3374 1565
4314 2 2 0 1 2634 2635 2241
4315 2 2 0 1 324 325 323
4316 2 2 0 1 1587 2113 1136
4317 2 2 0 1 663 1359 1358
4318 2 2 0 1 1330 1904 1618
4319 2 2 0 1 491 3305 489
4320 2 2 0 1 1457 2077 1596
4321 2 2 0 1 1789 1790 1626
4322 2 2 0 1 1001 3370 1267
4323 2 2 0 1 1904 2103 1905
4324 2 2 0 1 1080 2565 1082
4325 2 2 0 1 1634 2943 2942
4326 2 2 0 1 1003 3370 1001
4327 2 2 0 1 2569 2621 2070
4328 2 2 0 1 88 287 89
4329 2 2 0 1 2093 2094 1685
4330 2 2 0 1 1786 2578 1784
4331 2 2 0 1 802 841 840
4332 2 2 0 1 2673 2676 2675
4333 2 2 0 1 568 569 566
4334 2 2 0 1 1565 3374 1933
4335 2 2 0 1 1645 2159 1951
4336 2 2 0 1 1847 1849 1848
4337 2 2 0 1 3077 3078 2001
4338 2 2 0 1 2168 2203 2140
4339 2 2 0 1 1625 1626 1567
4340 2 2 0 1 1261 1263 1262
4341 2 2 0 1 1287 1640 1528
4342 2 2 0 1 1011 1057 1051
4343 2 2 0 1 2218 2219 1765
4344 2 2 0 1 942 944 943
4345 2 2 0 1 2895 2944 2712
4346 2 2 0 1 2145 2634 2241
4347 2 2 0 1 2678 2681 2680
4348 2 2 0 1 651 1452 689
4349 2 2 0 1 1263 1303 1264
4350 2 2 0 1 504 1910 501
4351 2 2 0 1 33 229 32
4352 2 2 0 1 980 3023 1227
4353 2 2 0 1 1641 1840 1712
4354 2 2 0 1 1392 1661 1565
4355 2 2 0 1 1513 3252 1989
4356 2 2 0 1 1002 1004 1003
4357 2 2 0 1 1520 3252 1274
4358 2 2 0 1 1283 3020 1559
4359 2 2 0 1 1844 1847 1845
4360 2 2 0 1 711 712 710
4361 2 2 0 1 2176 2177 2175
4362 2 2 0 1 552 2534 558
4363 2 2 0 1 1896 1899 1898
4364 2 2 0 1 956 958 957
4365 2 2 0 1 1411 1647 1646
4366 2 2 0 1 1842 1844 1843
4367 2 2 0 1 380 448 379
4368 2 2 0 1 2409 2410 2408
4369 2 2 0 1 1291 1292 1290
4370 2 2 0 1 1215 3268 1212
4371 2 2 0 1 2069 2070 1790
4372 2 2 0 1 1466 3192 2107
4373 2 2 0 1 1000 1002 1001
4374 2 2 0 1 1459 2948 1461
4375 2 2 0 1 1551 1900 1549
4376 2 2 0 1 1409 1411 1410
4377 2 2 0 1 863 887 861
4378 2 2 0 1 1620 2068 2067
4379 2 2 0 1 2411 2412 2410
4380 2 2 0 1 1041 1043 1042
4381 2 2 0 1 2104 3093 1622
4382 2 2 0 1 373 3354 375
4383 2 2 0 1 499 502 497
4384 2 2 0 1 1903 1957 1908
4385 2 2 0 1 2075 2479 2478
4386 2 2 0 1 2666 2669 2667
4387 2 2 0 1 2205 2206 1662
4388 2 2 0 1 1690 2082 2007
4389 2 2 0 1 1095 1097 1096
4390 2 2 0 1 1275 1521 1520
4391 2 2 0 1 1403 1929 1928
4392 2 2 0 1 1647 1700 1699
4393 2 2 0 1 883 3318 885
4394 2 2 0 1 854 3336 851
4395 2 2 0 1 1332 1602 1601
4396 2 2 0 1 1849 2762 1851
4397 2 2 0 1 549 1141 547
4398 2 2 0 1 3096 3441 3098
4399 2 2 0 1 1440 1896 1895
4400 2 2 0 1 1230 1962 1231
4401 2 2 0 1 1700 1702 1701
4402 2 2 0 1 553 741 551
4403 2 2 0 1 1732 1903 1902
4404 2 2 0 1 1730 1732 1731
4405 2 2 0 1 1969 2275 1958
4406 2 2 0 1 86 230 87
4407 2 2 0 1 644 659 645
4408 2 2 0 1 2697 3423 1934
4409 2 2 0 1 1763 1764 1523
4410 2 2 0 1 1537 1958 1320
4411 2 2 0 1 1840 1842 1841
4412 2 2 0 1 1962 2156 2115
4413 2 2 0 1 2178 2179 2177
4414 2 2 0 1 2197 2243 1971
4415 2 2 0 1 880 2735 877
4416 2 2 0 1 3090 3176 1340
4417 2 2 0 1 1092 1230 1094
4418 2 2 0 1 1004 1257 1003
4419 2 2 0 1 508 509 506
4420 2 2 0 1 1888 2084 1889
4421 2 2 0 1 822 1000 999
4422 2 2 0 1 1526 2129 1679
4423 2 2 0 1 1521 1690 1689
4424 2 2 0 1 428 3344 430
4425 2 2 0 1 1769 1771 1770
4426 2 2 0 1 2676 2678 2677
4427 2 2 0 1 1105 1108 1107
4428 2 2 0 1 1407 1409 1408
4429 2 2 0 1 375 3354 481
4430 2 2 0 1 366 3388 365
4431 2 2 0 1 564 565 563
4432 2 2 0 1 1108 1113 1112
4433 2 2 0 1 1268 3370 1003
4434 2 2 0 1 1059 1327 1012
4435 2 2 0 1 1594 1630 1629
4436 2 2 0 1 570 3330 1214
4437 2 2 0 1 1103 1105 1104
4438 2 2 0 1 2407 2408 2406
4439 2 2 0 1 1630 1796 1795
4440 2 2 0 1 540 541 485
4441 2 2 0 1 678 679 653
4442 2 2 0 1 1026 1566 1226
4443 2 2 0 1 797 798 793
4444 2 2 0 1 919 920 798
4445 2 2 0 1 857 3244 855
4446 2 2 0 1 1929 2290 1930
4447 2 2 0 1 1423 2024 1556
4448 2 2 0 1 1694 2284 1189
4449 2 2 0 1 2020 2444 2021
4450 2 2 0 1 2311 2312 2310
4451 2 2 0 1 2664 2666 2665
4452 2 2 0 1 1723 3268 1215
4453 2 2 0 1 1952 2224 1673
4454 2 2 0 1 371 373 372
4455 2 2 0 1 869 870 867
4456 2 2 0 1 1092 1093 1091
4457 2 2 0 1 1056 1299 1240
4458 2 2 0 1 652 653 541
4459 2 2 0 1 1116 1606 1117
4460 2 2 0 1 2182 2183 2181
4461 2 2 0 1 2059 2466 2060
4462 2 2 0 1 1522 1763 1523
4463 2 2 0 1 1497 3405 1495
4464 2 2 0 1 1299 1407 1326
4465 2 2 0 1 1342 1645 1258
4466 2 2 0 1 1792 2059 1793
4467 2 2 0 1 1355 1478 1477
4468 2 2 0 1 1257 1522 1268
4469 2 2 0 1 562 563 561
4470 2 2 0 1 1764 1765 1523
4471 2 2 0 1 476 478 477
4472 2 2 0 1 578 581 580
4473 2 2 0 1 2413 2414 2412
4474 2 2 0 1 489 1901 487
4475 2 2 0 1 1143 1275 1274
4476 2 2 0 1 1199 2909 534
4477 2 2 0 1 596 599 598
4478 2 2 0 1 1986 2306 2157
4479 2 2 0 1 371 372 370
4480 2 2 0 1 670 1193 628
4481 2 2 0 1 2068 2751 2750
4482 2 2 0 1 332 333 331
4483 2 2 0 1 514 518 512
4484 2 2 0 1 334 335 333
4485 2 2 0 1 1779 2054 1776
4486 2 2 0 1 330 331 329
4487 2 2 0 1 1507 1756 1505
4488 2 2 0 1 993 1026 1025
4489 2 2 0 1 1004 1258 1257
4490 2 2 0 1 1669 2006 1688
4491 2 2 0 1 831 832 830
4492 2 2 0 1 948 949 920
4493 2 2 0 1 381 383 382
4494 2 2 0 1 2563 3147 2034
4495 2 2 0 1 393 395 394
4496 2 2 0 1 2415 2420 2414
4497 2 2 0 1 1002 1003 1001
4498 2 2 0 1 1214 2343 2341
4499 2 2 0 1 230 2562 87
4500 2 2 0 1 574 577 576
4501 2 2 0 1 446 1753 438
4502 2 2 0 1 1764 1971 1765
4503 2 2 0 1 2218 2220 2219
4504 2 2 0 1 1597 1782 1425
4505 2 2 0 1 2405 2406 2404
4506 2 2 0 1 2012 2277 1482
4507 2 2 0 1 2185 2450 2299
4508 2 2 0 1 2182 3119 2185
4509 2 2 0 1 326 327 325
4510 2 2 0 1 2025 2375 2027
4511 2 2 0 1 2370 2432 2128
4512 2 2 0 1 1484 1488 1486
4513 2 2 0 1 656 3262 528
4514 2 2 0 1 611 612 610
4515 2 2 0 1 1611 2605 573
4516 2 2 0 1 1418 1580 1193
4517 2 2 0 1 1138 1590 1013
4518 2 2 0 1 390 393 392
4519 2 2 0 1 570 1214 569
4520 2 2 0 1 2082 2601 2083
4521 2 2 0 1 2685 2686 1853
4522 2 2 0 1 1604 2043 1605
4523 2 2 0 1 1257 1268 1003
4524 2 2 0 1 1727 3366 1580
4525 2 2 0 1 481 1509 377
4526 2 2 0 1 1476 1482 893
4527 2 2 0 1 1390 1583 1582
4528 2 2 0 1 615 616 612
4529 2 2 0 1 1370 2521 1677
4530 2 2 0 1 2298 2300 2184
4531 2 2 0 1 573 2605 574
4532 2 2 0 1 1053 1056 1055
4533 2 2 0 1 371 1211 373
4534 2 2 0 1 2062 2717 2716
4535 2 2 0 1 2633 2634 2145
4536 2 2 0 1 378 381 380
4537 2 2 0 1 1522 1523 1268
4538 2 2 0 1 617 618 616
4539 2 2 0 1 3049 3052 3051
4540 2 2 0 1 394 396 392
4541 2 2 0 1 373 375 374
4542 2 2 0 1 388 3397 386
4543 2 2 0 1 659 690 660
4544 2 2 0 1 2123 2124 1090
4545 2 2 0 1 1380 1381 1022
4546 2 2 0 1 1148 2116 1146
4547 2 2 0 1 1979 1981 1980
4548 2 2 0 1 1111 1390 1389
4549 2 2 0 1 791 1340 789
4550 2 2 0 1 798 2698 1121
4551 2 2 0 1 387 389 388
4552 2 2 0 1 1049 1050 1048
4553 2 2 0 1 1426 2075 2074
4554 2 2 0 1 1842 2872 1844
4555 2 2 0 1 2138 2270 2269
4556 2 2 0 1 1243 1633 1370
4557 2 2 0 1 1656 1658 1657
4558 2 2 0 1 385 387 386
4559 2 2 0 1 609 610 607
4560 2 2 0 1 924 1052 954
4561 2 2 0 1 375 377 376
4562 2 2 0 1 1000 1001 999
4563 2 2 0 1 2505 2506 1590
4564 2 2 0 1 1031 1032 901
4565 2 2 0 1 693 694 679
4566 2 2 0 1 1230 1231 1094
4567 2 2 0 1 1365 1428 1427
4568 2 2 0 1 590 593 592
4569 2 2 0 1 606 607 605
4570 2 2 0 1 598 1131 597
4571 2 2 0 1 1221 1336 1335
4572 2 2 0 1 457 742 451
4573 2 2 0 1 474 476 475
4574 2 2 0 1 921 923 922
4575 2 2 0 1 604 605 603
4576 2 2 0 1 1645 1951 1938
4577 2 2 0 1 2029 2171 2170
4578 2 2 0 1 1971 2218 1765
4579 2 2 0 1 1420 1986 1762
4580 2 2 0 1 668 669 627
4581 2 2 0 1 743 744 712
4582 2 2 0 1 1318 1537 1320
4583 2 2 0 1 2418 2424 2422
4584 2 2 0 1 626 627 618
4585 2 2 0 1 2403 2404 2374
4586 2 2 0 1 383 385 384
4587 2 2 0 1 578 2484 581
4588 2 2 0 1 1100 1101 1099
4589 2 2 0 1 680 681 669
4590 2 2 0 1 592 3041 591
4591 2 2 0 1 1131 3277 1140
4592 2 2 0 1 2046 2428 2288
4593 2 2 0 1 1478 1480 1479
4594 2 2 0 1 328 329 327
4595 2 2 0 1 1433 1781 1780
4596 2 2 0 1 1102 1111 1110
4597 2 2 0 1 1951 2253 1938
4598 2 2 0 1 1993 2262 1032
4599 2 2 0 1 827 921 828
4600 2 2 0 1 1962 2115 1231
4601 2 2 0 1 2416 3317 2418
4602 2 2 0 1 1533 2126 1509
4603 2 2 0 1 691 711 710
4604 2 2 0 1 378 379 376
4605 2 2 0 1 1612 1786 1784
4606 2 2 0 1 1314 1540 1316
4607 2 2 0 1 1572 1723 1215
4608 2 2 0 1 622 2732 473
4609 2 2 0 1 449 455 454
4610 2 2 0 1 1669 1688 1585
4611 2 2 0 1 560 561 557
4612 2 2 0 1 1924 2001 2000
4613 2 2 0 1 1645 1938 1258
4614 2 2 0 1 448 1510 1392
4615 2 2 0 1 1537 1969 1958
4616 2 2 0 1 1362 1567 1561
4617 2 2 0 1 821 3313 780
4618 2 2 0 1 436 1644 1599
4619 2 2 0 1 484 485 466
4620 2 2 0 1 510 1202 509
4621 2 2 0 1 2371 2372 2351
4622 2 2 0 1 2595 2766 2078
4623 2 2 0 1 2621 2622 2070
4624 2 2 0 1 875 879 873
4625 2 2 0 1 1239 1604 1406
4626 2 2 0 1 390 391 388
4627 2 2 0 1 2199 2810 2809
4628 2 2 0 1 2373 2374 2372
4629 2 2 0 1 2172 2176 2175
4630 2 2 0 1 1260 1261 1125
4631 2 2 0 1 636 720 638
4632 2 2 0 1 42 298 41
4633 2 2 0 1 98 301 99
4634 2 2 0 1 1072 1372 1323
4635 2 2 0 1 2164 3027 2109
4636 2 2 0 1 1300 1301 1249
4637 2 2 0 1 1355 1477 656
4638 2 2 0 1 804 993 992
4639 2 2 0 1 1824 2798 1943
4640 2 2 0 1 1235 1236 1234
4641 2 2 0 1 1504 1505 1503
4642 2 2 0 1 1403 1928 395
4643 2 2 0 1 421 425 423
4644 2 2 0 1 599 601 600
4645 2 2 0 1 686 687 685
4646 2 2 0 1 998 1816 821
4647 2 2 0 1 1576 1721 1720
4648 2 2 0 1 1310 2632 1309
4649 2 2 0 1 1639 1893 1863
4650 2 2 0 1 495 1208 494
4651 2 2 0 1 620 670 628
4652 2 2 0 1 434 1134 442
4653 2 2 0 1 1730 1731 1542
4654 2 2 0 1 1467 1468 1465
4655 2 2 0 1 1196 3339 1518
4656 2 2 0 1 1092 1094 1093
4657 2 2 0 1 1665 1935 1525
4658 2 2 0 1 1480 1545 1481
4659 2 2 0 1 1187 1694 1189
4660 2 2 0 1 1097 1100 1099
4661 2 2 0 1 593 595 594
4662 2 2 0 1 1059 1425 1327
4663 2 2 0 1 617 2552 664
4664 2 2 0 1 2006 2047 1688
4665 2 2 0 1 2761 2762 1849
4666 2 2 0 1 601 608 602
4667 2 2 0 1 369 3388 366
4668 2 2 0 1 532 1199 534
4669 2 2 0 1 2020 2021 1937
4670 2 2 0 1 1680 1858 1642
4671 2 2 0 1 1001 1267 999
4672 2 2 0 1 1922 1924 1923
4673 2 2 0 1 1366 3217 1576
4674 2 2 0 1 2176 2178 2177
4675 2 2 0 1 1929 1930 1928
4676 2 2 0 1 595 2829 596
4677 2 2 0 1 1395 1650 1303
4678 2 2 0 1 1921 3366 2370
4679 2 2 0 1 747 827 786
4680 2 2 0 1 1102 1103 1101
4681 2 2 0 1 1957 2105 1908
4682 2 2 0 1 1325 2472 1203
4683 2 2 0 1 1389 1508 1110
4684 2 2 0 1 1820 2807 2087
4685 2 2 0 1 1372 2040 1598
4686 2 2 0 1 472 474 473
4687 2 2 0 1 436 1109 369
4688 2 2 0 1 1921 2370 2128
4689 2 2 0 1 2179 2182 2181
4690 2 2 0 1 587 589 588
4691 2 2 0 1 822 999 998
4692 2 2 0 1 1019 1020 1018
4693 2 2 0 1 1115 1922 1402
4694 2 2 0 1 573 574 572
4695 2 2 0 1 1518 1718 1717
4696 2 2 0 1 1181 2524 1175
4697 2 2 0 1 2316 2659 2318
4698 2 2 0 1 1452 3018 689
4699 2 2 0 1 861 2859 860
4700 2 2 0 1 1061 1628 1063
4701 2 2 0 1 1094 1095 1093
4702 2 2 0 1 1502 1503 1359
4703 2 2 0 1 782 822 821
4704 2 2 0 1 798 1121 793
4705 2 2 0 1 3078 3079 2001
4706 2 2 0 1 399 401 400
4707 2 2 0 1 1583 1965 1582
4708 2 2 0 1 759 766 758
4709 2 2 0 1 2350 2351 2348
4710 2 2 0 1 756 757 721
4711 2 2 0 1 460 468 467
4712 2 2 0 1 1557 2147 2146
4713 2 2 0 1 1539 1642 977
4714 2 2 0 1 2129 2130 1679
4715 2 2 0 1 2047 2278 1688
4716 2 2 0 1 745 2088 761
4717 2 2 0 1 470 472 471
4718 2 2 0 1 1066 1906 1619
4719 2 2 0 1 767 776 766
4720 2 2 0 1 1903 1908 1902
4721 2 2 0 1 378 380 379
4722 2 2 0 1 780 781 744
4723 2 2 0 1 1859 1860 1858
4724 2 2 0 1 1390 1582 1389
4725 2 2 0 1 394 397 396
4726 2 2 0 1 695 3159 747
4727 2 2 0 1 2290 2291 1930
4728 2 2 0 1 483 486 482
4729 2 2 0 1 2421 2423 2417
4730 2 2 0 1 1115 1116 1113
4731 2 2 0 1 906 1919 908
4732 2 2 0 1 386 1216 384
4733 2 2 0 1 397 399 398
4734 2 2 0 1 584 663 583
4735 2 2 0 1 1851 2685 1853
4736 2 2 0 1 729 749 748
4737 2 2 0 1 1632 3147 2142
4738 2 2 0 1 582 585 584
4739 2 2 0 1 390 392 391
4740 2 2 0 1 902 3312 906
4741 2 2 0 1 916 1321 918
4742 2 2 0 1 2660 2664 2662
4743 2 2 0 1 2133 2633 2145
4744 2 2 0 1 851 3336 849
4745 2 2 0 1 964 1266 990
4746 2 2 0 1 1965 1966 1582
4747 2 2 0 1 1100 1102 1101
4748 2 2 0 1 899 1031 901
4749 2 2 0 1 401 403 402
4750 2 2 0 1 910 1008 912
4751 2 2 0 1 1649 1774 1773
4752 2 2 0 1 405 408 407
4753 2 2 0 1 2133 2686 2633
4754 2 2 0 1 1546 1716 1548
4755 2 2 0 1 1694 2440 2284
4756 2 2 0 1 582 2992 585
4757 2 2 0 1 2147 2303 2302
4758 2 2 0 1 1846 3258 1841
4759 2 2 0 1 408 411 409
4760 2 2 0 1 667 1891 608
4761 2 2 0 1 2715 2864 2061
4762 2 2 0 1 1111 1389 1110
4763 2 2 0 1 849 3118 847
4764 2 2 0 1 845 846 843
4765 2 2 0 1 361 1293 359
4766 2 2 0 1 2407 2409 2408
4767 2 2 0 1 1732 1902 1731
4768 2 2 0 1 381 382 380
4769 2 2 0 1 1211 3354 373
4770 2 2 0 1 413 415 414
4771 2 2 0 1 2409 2411 2410
4772 2 2 0 1 897 3378 899
4773 2 2 0 1 2109 3039 1471
4774 2 2 0 1 415 417 416
4775 2 2 0 1 2347 2348 2294
4776 2 2 0 1 696 697 687
4777 2 2 0 1 403 405 404
4778 2 2 0 1 1123 1260 1125
4779 2 2 0 1 732 733 697
4780 2 2 0 1 640 1217 642
4781 2 2 0 1 565 1538 977
4782 2 2 0 1 937 938 936
4783 2 2 0 1 670 1418 1193
4784 2 2 0 1 417 420 419
4785 2 2 0 1 711 743 712
4786 2 2 0 1 949 950 920
4787 2 2 0 1 822 998 821
4788 2 2 0 1 1876 1877 1638
4789 2 2 0 1 2015 3117 1524
4790 2 2 0 1 468 470 469
4791 2 2 0 1 1031 3378 1994
4792 2 2 0 1 2444 2445 2021
4793 2 2 0 1 795 819 818
4794 2 2 0 1 1537 1970 1969
4795 2 2 0 1 688 1472 650
4796 2 2 0 1 2479 2480 2478
4797 2 2 0 1 393 394 392
4798 2 2 0 1 1790 1956 1626
4799 2 2 0 1 2182 2184 2183
4800 2 2 0 1 1634 2942 1151
4801 2 2 0 1 2221 3228 1701
4802 2 2 0 1 2251 2345 1998
4803 2 2 0 1 1418 1727 1580
4804 2 2 0 1 447 814 452
4805 2 2 0 1 397 1183 399
4806 2 2 0 1 1588 1589 1376
4807 2 2 0 1 1923 2002 1402
4808 2 2 0 1 585 587 586
4809 2 2 0 1 945 3185 942
4810 2 2 0 1 1456 2093 1685
4811 2 2 0 1 1635 2522 1591
4812 2 2 0 1 2056 2495 2055
4813 2 2 0 1 2313 2314 2312
4814 2 2 0 1 894 3282 897
4815 2 2 0 1 794 2720 2719
4816 2 2 0 1 365 426 363
4817 2 2 0 1 428 430 429
4818 2 2 0 1 1827 1939 1767
4819 2 2 0 1 2041 2511 2509
4820 2 2 0 1 411 413 412
4821 2 2 0 1 2869 2872 1842
4822 2 2 0 1 777 801 776
4823 2 2 0 1 439 3302 447
4824 2 2 0 1 1768 2520 1410
4825 2 2 0 1 581 2992 582
4826 2 2 0 1 577 2484 578
4827 2 2 0 1 743 782 780
4828 2 2 0 1 1970 2247 1969
4829 2 2 0 1 899 3378 1031
4830 2 2 0 1 1918 2216 2005
4831 2 2 0 1 1507 1822 1756
4832 2 2 0 1 853 854 851
4833 2 2 0 1 1263 1395 1303
4834 2 2 0 1 1311 1416 1310
4835 2 2 0 1 826 932 825
4836 2 2 0 1 1102 1110 1103
4837 2 2 0 1 1965 2285 1966
4838 2 2 0 1 1375 1376 1054
4839 2 2 0 1 1995 1996 1675
4840 2 2 0 1 1948 2276 1949
4841 2 2 0 1 1108 1115 1113
4842 2 2 0 1 1005 1120 1119
4843 2 2 0 1 1380 3055 1837
4844 2 2 0 1 2293 2294 2292
4845 2 2 0 1 1609 1627 1382
4846 2 2 0 1 1013 1059 1012
4847 2 2 0 1 782 821 780
4848 2 2 0 1 752 753 738
4849 2 2 0 1 1128 1129 1127
4850 2 2 0 1 2403 2405 2404
4851 2 2 0 1 906 3312 1919
4852 2 2 0 1 1743 2036 2035
4853 2 2 0 1 1329 3084 945
4854 2 2 0 1 890 1476 893
4855 2 2 0 1 1924 2000 1923
4856 2 2 0 1 2079 2080 1819
4857 2 2 0 1 1997 1998 1996
4858 2 2 0 1 1597 2051 1782
4859 2 2 0 1 1851 2762 2685
4860 2 2 0 1 705 713 677
4861 2 2 0 1 2405 2407 2406
4862 2 2 0 1 644 699 659
4863 2 2 0 1 1539 1713 1680
4864 2 2 0 1 1591 2522 1758
4865 2 2 0 1 988 1291 1290
4866 2 2 0 1 565 977 563
4867 2 2 0 1 983 984 834
4868 2 2 0 1 1847 2761 1849
4869 2 2 0 1 1031 1993 1032
4870 2 2 0 1 1792 1793 1615
4871 2 2 0 1 3282 3378 897
4872 2 2 0 1 1593 1594 1439
4873 2 2 0 1 2371 2373 2372
4874 2 2 0 1 2293 2347 2294
4875 2 2 0 1 1674 1675 1514
4876 2 2 0 1 425 428 427
4877 2 2 0 1 1260 1525 1261
4878 2 2 0 1 885 3318 890
4879 2 2 0 1 1251 1362 1361
4880 2 2 0 1 949 951 950
4881 2 2 0 1 430 433 432
4882 2 2 0 1 1260 1526 1525
4883 2 2 0 1 1328 1437 1329
4884 2 2 0 1 1241 1242 984
4885 2 2 0 1 2350 2371 2351
4886 2 2 0 1 663 1502 1359
4887 2 2 0 1 784 831 830
4888 2 2 0 1 1109 3388 369
4889 2 2 0 1 436 1599 1109
4890 2 2 0 1 2291 2292 1930
4891 2 2 0 1 1797 1798 1796
4892 2 2 0 1 1385 2914 923
4893 2 2 0 1 855 1200 854
4894 2 2 0 1 1437 1776 1438
4895 2 2 0 1 1347 2916 2656
4896 2 2 0 1 1411 1646 1410
4897 2 2 0 1 941 1328 945
4898 2 2 0 1 833 834 785
4899 2 2 0 1 965 966 832
4900 2 2 0 1 2443 2553 1817
4901 2 2 0 1 2075 2478 2074
4902 2 2 0 1 937 1337 939
4903 2 2 0 1 1271 1357 1129
4904 2 2 0 1 2411 2413 2412
4905 2 2 0 1 1970 2342 2247
4906 2 2 0 1 806 937 936
4907 2 2 0 1 1878 1879 1877
4908 2 2 0 1 1647 1699 1646
4909 2 2 0 1 1438 1439 1329
4910 2 2 0 1 802 840 801
4911 2 2 0 1 2347 2350 2348
4912 2 2 0 1 1922 1923 1402
4913 2 2 0 1 890 3318 1476
4914 2 2 0 1 1593 1818 1817
4915 2 2 0 1 1676 1819 1369
4916 2 2 0 1 1140 1635 1591
4917 2 2 0 1 1750 2352 1751
4918 2 2 0 1 2496 2498 2495
4919 2 2 0 1 1513 1514 1259
4920 2 2 0 1 30 267 29
4921 2 2 0 1 1400 1695 1357
4922 2 2 0 1 1023 1024 960
4923 2 2 0 1 1409 1410 1408
4924 2 2 0 1 1844 2097 1847
4925 2 2 0 1 1707 2143 1931
4926 2 2 0 1 743 780 744
4927 2 2 0 1 1115 1402 1116
4928 2 2 0 1 1886 1887 1882
4929 2 2 0 1 951 1013 1012
4930 2 2 0 1 2291 2293 2292
4931 2 2 0 1 2859 2956 860
4932 2 2 0 1 841 2918 840
4933 2 2 0 1 1440 1895 1118
4934 2 2 0 1 1630 3131 1797
4935 2 2 0 1 357 435 355
4936 2 2 0 1 1279 1280 1236
4937 2 2 0 1 2373 2403 2374
4938 2 2 0 1 770 1872 800
4939 2 2 0 1 2182 2185 2184
4940 2 2 0 1 670 1419 1418
4941 2 2 0 1 373 374 372
4942 2 2 0 1 959 960 958
4943 2 2 0 1 1700 1701 1699
4944 2 2 0 1 2059 2060 1793
4945 2 2 0 1 1476 3318 2120
4946 2 2 0 1 1797 2398 2016
4947 2 2 0 1 478 482 477
4948 2 2 0 1 1702 2160 1701
4949 2 2 0 1 1526 1679 1665
4950 2 2 0 1 1478 1479 1477
4951 2 2 0 1 2202 2228 2004
4952 2 2 0 1 941 942 940
4953 2 2 0 1 1031 1994 1993
4954 2 2 0 1 1539 1680 1642
4955 2 2 0 1 1664 2101 1360
4956 2 2 0 1 465 480 479
4957 2 2 0 1 2254 2301 1836
4958 2 2 0 1 939 940 938
4959 2 2 0 1 480 538 537
4960 2 2 0 1 604 1341 606
4961 2 2 0 1 345 1256 343
4962 2 2 0 1 2185 2299 2298
4963 2 2 0 1 2758 2760 1623
4964 2 2 0 1 1407 1408 1326
4965 2 2 0 1 1299 1326 1240
4966 2 2 0 1 1476 2012 1482
4967 2 2 0 1 774 775 753
4968 2 2 0 1 2185 2298 2184
4969 2 2 0 1 1371 1681 1678
4970 2 2 0 1 951 1012 950
4971 2 2 0 1 476 477 475
4972 2 2 0 1 1221 1335 931
4973 2 2 0 1 847 903 846
4974 2 2 0 1 648 674 673
4975 2 2 0 1 1840 2869 1842
4976 2 2 0 1 1214 1912 569
4977 2 2 0 1 586 3271 584
4978 2 2 0 1 947 1019 1018
4979 2 2 0 1 1942 1944 1519
4980 2 2 0 1 437 1207 439
4981 2 2 0 1 2717 2722 2716
4982 2 2 0 1 1680 1859 1858
4983 2 2 0 1 353 1222 351
4984 2 2 0 1 1050 1235 1234
4985 2 2 0 1 1526 1665 1525
4986 2 2 0 1 462 465 464
4987 2 2 0 1 837 838 812
4988 2 2 0 1 1056 1240 1055
4989 2 2 0 1 749 795 768
4990 2 2 0 1 1902 2122 1731
4991 2 2 0 1 455 462 461
4992 2 2 0 1 2413 2415 2414
4993 2 2 0 1 674 701 700
4994 2 2 0 1 375 376 374
4995 2 2 0 1 2176 2856 2178
4996 2 2 0 1 386 3397 1216
4997 2 2 0 1 1052 1053 954
4998 2 2 0 1 2424 2425 2422
4999 2 2 0 1 1283 1284 1282
5000 2 2 0 1 1538 1539 977
5001 2 2 0 1 1679 1955 1665
5002 2 2 0 1 1307 2800 411
5003 2 2 0 1 2058 2591 2057
5004 2 2 0 1 1908 3035 1902
5005 2 2 0 1 377 378 376
5006 2 2 0 1 1880 1881 1879
5007 2 2 0 1 726 796 728
5008 2 2 0 1 933 1033 932
5009 2 2 0 1 383 384 382
5010 2 2 0 1 1020 1049 1048
5011 2 2 0 1 1275 1520 1274
5012 2 2 0 1 2795 2796 2794
5013 2 2 0 1 349 453 347
5014 2 2 0 1 1072 1323 1070
5015 2 2 0 1 2054 2533 1776
5016 2 2 0 1 2165 2207 1944
5017 2 2 0 1 1504 1507 1505
5018 2 2 0 1 1832 1833 1831
5019 2 2 0 1 1630 1797 1796
5020 2 2 0 1 986 1380 1022
5021 2 2 0 1 2065 2607 2598
5022 2 2 0 1 1377 1378 1284
5023 2 2 0 1 1059 1426 1425
5024 2 2 0 1 1994 2263 1993
5025 2 2 0 1 2068 2757 2751
5026 2 2 0 1 1214 2341 1912
5027 2 2 0 1 2098 2118 1637
5028 2 2 0 1 1362 1561 1361
5029 2 2 0 1 1502 1504 1503
5030 2 2 0 1 1521 1689 1520
5031 2 2 0 1 574 575 572
5032 2 2 0 1 1465 3427 1197
5033 2 2 0 1 991 1777 803
5034 2 2 0 1 538 624 623
5035 2 2 0 1 2606 3403 1493
5036 2 2 0 1 83 268 84
5037 2 2 0 1 430 3344 437
5038 2 2 0 1 2351 2882 2348
5039 2 2 0 1 1844 2872 2097
5040 2 2 0 1 2688 3117 2015
5041 2 2 0 1 387 388 386
5042 2 2 0 1 44 241 43
5043 2 2 0 1 1495 1498 1492
5044 2 2 0 1 871 1195 870
5045 2 2 0 1 2276 2392 1949
5046 2 2 0 1 100 242 101
5047 2 2 0 1 2409 2426 2411
5048 2 2 0 1 484 540 485
5049 2 2 0 1 1690 2007 1689
5050 2 2 0 1 2570 2571 1787
5051 2 2 0 1 389 390 388
5052 2 2 0 1 2234 2235 1379
5053 2 2 0 1 2097 2761 1847
5054 2 2 0 1 1600 2242 1109
5055 2 2 0 1 923 924 922
5056 2 2 0 1 1500 1501 1497
5057 2 2 0 1 807 808 775
5058 2 2 0 1 385 386 384
5059 2 2 0 1 1479 2121 1477
5060 2 2 0 1 1404 1649 1517
5061 2 2 0 1 1663 1831 1308
5062 2 2 0 1 1066 1619 1064
5063 2 2 0 1 1426 1597 1425
5064 2 2 0 1 341 542 339
5065 2 2 0 1 2735 2736 877
5066 2 2 0 1 2078 2104 1622
5067 2 2 0 1 1593 1817 1594
5068 2 2 0 1 2765 2837 2104
5069 2 2 0 1 1945 2583 1562
5070 2 2 0 1 2003 2004 1917
5071 2 2 0 1 921 922 828
5072 2 2 0 1 526 3262 3259
5073 2 2 0 1 624 648 647
5074 2 2 0 1 1599 1948 1600
5075 2 2 0 1 773 3138 817
5076 2 2 0 1 577 578 576
5077 2 2 0 1 1561 1562 1361
5078 2 2 0 1 1447 2550 1703
5079 2 2 0 1 1437 1438 1329
5080 2 2 0 1 1328 1329 945
5081 2 2 0 1 1433 1780 1431
5082 2 2 0 1 1438 1593 1439
5083 2 2 0 1 1552 1709 1574
5084 2 2 0 1 47 280 46
5085 2 2 0 1 540 652 541
5086 2 2 0 1 1818 2443 1817
5087 2 2 0 1 581 582 580
5088 2 2 0 1 598 3134 1131
5089 2 2 0 1 683 686 685
5090 2 2 0 1 756 2718 757
5091 2 2 0 1 474 475 473
5092 2 2 0 1 1896 1898 1895
5093 2 2 0 1 574 576 575
5094 2 2 0 1 408 1307 411
5095 2 2 0 1 1480 1481 1479
5096 2 2 0 1 714 716 715
5097 2 2 0 1 937 939 938
5098 2 2 0 1 1622 3093 1333
5099 2 2 0 1 472 473 471
5100 2 2 0 1 678 693 679
5101 2 2 0 1 652 678 653
5102 2 2 0 1 1381 2401 2013
5103 2 2 0 1 1504 3408 1507
5104 2 2 0 1 1589 2056 2055
5105 2 2 0 1 965 1251 1250
5106 2 2 0 1 1899 2089 1898
5107 2 2 0 1 941 945 942
5108 2 2 0 1 2421 2512 2423
5109 2 2 0 1 2242 3388 1109
5110 2 2 0 1 827 828 786
5111 2 2 0 1 2317 2319 2315
5112 2 2 0 1 1823 2821 1822
5113 2 2 0 1 1946 2057 1807
5114 2 2 0 1 1242 1296 1245
5115 2 2 0 1 1502 2125 1504
5116 2 2 0 1 939 941 940
5117 2 2 0 1 3294 3296 3295
5118 2 2 0 1 723 3122 726
5119 2 2 0 1 1602 1827 1767
5120 2 2 0 1 411 2800 413
5121 2 2 0 1 26 2447 25
5122 2 2 0 1 1902 3035 2122
5123 2 2 0 1 1595 2632 1310
5124 2 2 0 1 578 580 579
5125 2 2 0 1 1247 1300 1249
5126 2 2 0 1 1019 3201 1020
5127 2 2 0 1 1507 1823 1822
5128 2 2 0 1 1501 3405 1497
5129 2 2 0 1 1026 1226 1025
5130 2 2 0 1 2097 2838 2761
5131 2 2 0 1 2287 2339 2045
5132 2 2 0 1 578 579 576
5133 2 2 0 1 1426 2074 1597
5134 2 2 0 1 831 965 832
5135 2 2 0 1 1397 1435 1238
5136 2 2 0 1 1372 1598 1323
5137 2 2 0 1 470 471 469
5138 2 2 0 1 486 651 650
5139 2 2 0 1 1743 2035 1741
5140 2 2 0 1 2306 2307 2157
5141 2 2 0 1 1797 2016 1798
5142 2 2 0 1 1986 2157 1762
5143 2 2 0 1 1804 2937 1444
5144 2 2 0 1 468 469 467
5145 2 2 0 1 1545 1546 1481
5146 2 2 0 1 1476 2120 2012
5147 2 2 0 1 2671 2672 2670
5148 2 2 0 1 994 995 838
5149 2 2 0 1 3035 3036 2122
5150 2 2 0 1 2040 2041 1598
5151 2 2 0 1 590 591 588
5152 2 2 0 1 461 3143 454
5153 2 2 0 1 596 597 594
5154 2 2 0 1 593 594 592
5155 2 2 0 1 599 600 598
5156 2 2 0 1 611 615 612
5157 2 2 0 1 1737 2528 1569
5158 2 2 0 1 486 650 482
5159 2 2 0 1 1344 1345 1292
5160 2 2 0 1 50 243 49
5161 2 2 0 1 886 2735 880
5162 2 2 0 1 582 583 580
5163 2 2 0 1 2673 2675 2672
5164 2 2 0 1 609 611 610
5165 2 2 0 1 418 3210 417
5166 2 2 0 1 1705 2311 2310
5167 2 2 0 1 403 406 405
5168 2 2 0 1 2082 2083 2007
5169 2 2 0 1 2125 3408 1504
5170 2 2 0 1 2413 2416 2415
5171 2 2 0 1 604 606 605
5172 2 2 0 1 2120 2281 2012
5173 2 2 0 1 1901 3026 487
5174 2 2 0 1 615 617 616
5175 2 2 0 1 1479 3261 2121
5176 2 2 0 1 1024 1128 1127
5177 2 2 0 1 1375 1588 1376
5178 2 2 0 1 606 609 607
5179 2 2 0 1 2043 2044 1605
5180 2 2 0 1 1750 1751 1747
5181 2 2 0 1 3279 3280 3247
5182 2 2 0 1 2416 2418 2417
5183 2 2 0 1 596 598 597
5184 2 2 0 1 590 592 591
5185 2 2 0 1 1906 2071 1619
5186 2 2 0 1 2678 2680 2677
5187 2 2 0 1 2060 2062 2061
5188 2 2 0 1 2060 2061 1793
5189 2 2 0 1 1561 1945 1562
5190 2 2 0 1 1546 1547 1481
5191 2 2 0 1 1235 1279 1236
5192 2 2 0 1 1997 2251 1998
5193 2 2 0 1 617 626 618
5194 2 2 0 1 2669 2670 2667
5195 2 2 0 1 2601 2602 2083
5196 2 2 0 1 1380 1608 1381
5197 2 2 0 1 993 1025 992
5198 2 2 0 1 1599 1600 1109
5199 2 2 0 1 2078 2766 2765
5200 2 2 0 1 1507 3408 1823
5201 2 2 0 1 1888 1889 1887
5202 2 2 0 1 1948 1949 1600
5203 2 2 0 1 722 758 756
5204 2 2 0 1 1646 1768 1410
5205 2 2 0 1 651 689 688
5206 2 2 0 1 735 752 738
5207 2 2 0 1 475 622 473
5208 2 2 0 1 1548 1549 1547
5209 2 2 0 1 668 680 669
5210 2 2 0 1 689 722 721
5211 2 2 0 1 1674 1995 1675
5212 2 2 0 1 1995 1997 1996
5213 2 2 0 1 1490 1491 1489
5214 2 2 0 1 1495 3405 1498
5215 2 2 0 1 2320 2321 2319
5216 2 2 0 1 1806 1807 1805
5217 2 2 0 1 1558 2606 1493
5218 2 2 0 1 626 668 627
5219 2 2 0 1 2062 2716 2715
5220 2 2 0 1 2416 2417 2415
5221 2 2 0 1 602 604 603
5222 2 2 0 1 2402 2563 2034
5223 2 2 0 1 103 281 104
5224 2 2 0 1 1365 1427 1336
5225 2 2 0 1 1251 1361 1250
5226 2 2 0 1 1120 1404 1265
5227 2 2 0 1 2080 2795 2794
5228 2 2 0 1 1457 2886 2077
5229 2 2 0 1 801 3241 925
5230 2 2 0 1 955 956 836
5231 2 2 0 1 471 1144 469
5232 2 2 0 1 1513 1674 1514
5233 2 2 0 1 1375 1835 1588
5234 2 2 0 1 2676 2677 2675
5235 2 2 0 1 602 603 600
5236 2 2 0 1 1326 1554 1240
5237 2 2 0 1 1604 1605 1406
5238 2 2 0 1 1997 3448 2251
5239 2 2 0 1 2160 2221 1701
5240 2 2 0 1 1053 1055 1054
5241 2 2 0 1 1394 1952 1673
5242 2 2 0 1 417 3210 420
5243 2 2 0 1 1827 2081 1939
5244 2 2 0 1 833 983 834
5245 2 2 0 1 1208 1334 1333
5246 2 2 0 1 983 1241 984
5247 2 2 0 1 1334 1623 1622
5248 2 2 0 1 1202 1205 1204
5249 2 2 0 1 585 586 584
5250 2 2 0 1 2425 2560 2465
5251 2 2 0 1 651 688 650
5252 2 2 0 1 1835 2252 1836
5253 2 2 0 1 1053 1054 954
5254 2 2 0 1 835 836 788
5255 2 2 0 1 1623 2595 2078
5256 2 2 0 1 702 1511 723
5257 2 2 0 1 835 2806 1039
5258 2 2 0 1 956 959 958
5259 2 2 0 1 415 418 417
5260 2 2 0 1 2036 2485 2035
5261 2 2 0 1 1676 2079 1819
5262 2 2 0 1 2085 2643 2082
5263 2 2 0 1 2062 2715 2061
5264 2 2 0 1 1040 1041 995
5265 2 2 0 1 758 794 756
5266 2 2 0 1 2425 2465 2422
5267 2 2 0 1 1632 1805 1631
5268 2 2 0 1 1140 3277 1635
5269 2 2 0 1 820 1371 1006
5270 2 2 0 1 722 756 721
5271 2 2 0 1 1718 2213 1717
5272 2 2 0 1 2056 2496 2495
5273 2 2 0 1 689 721 688
5274 2 2 0 1 1550 1551 1549
5275 2 2 0 1 2418 2422 2421
5276 2 2 0 1 1513 1989 1674
5277 2 2 0 1 1235 1401 1279
5278 2 2 0 1 924 953 922
5279 2 2 0 1 2041 2042 1598
5280 2 2 0 1 2227 2608 2063
5281 2 2 0 1 924 954 953
5282 2 2 0 1 2666 2667 2665
5283 2 2 0 1 2733 3240 2895
5284 2 2 0 1 801 925 776
5285 2 2 0 1 3027 3039 2109
5286 2 2 0 1 2918 2919 840
5287 2 2 0 1 2768 2769 1890
5288 2 2 0 1 965 1250 966
5289 2 2 0 1 416 3015 414
5290 2 2 0 1 460 467 466
5291 2 2 0 1 1814 2018 1815
5292 2 2 0 1 52 310 51
5293 2 2 0 1 1546 1548 1547
5294 2 2 0 1 458 460 459
5295 2 2 0 1 2084 2152 1889
5296 2 2 0 1 1834 1968 1536
5297 2 2 0 1 1379 3019 981
5298 2 2 0 1 2352 2376 1751
5299 2 2 0 1 983 1243 1241
5300 2 2 0 1 903 1143 1142
5301 2 2 0 1 2418 2421 2417
5302 2 2 0 1 2078 2765 2104
5303 2 2 0 1 1104 2982 1101
5304 2 2 0 1 1200 1638 1637
5305 2 2 0 1 452 458 457
5306 2 2 0 1 1416 1726 1595
5307 2 2 0 1 1274 3252 1513
5308 2 2 0 1 1574 1825 1553
5309 2 2 0 1 2485 2486 2035
5310 2 2 0 1 1055 1375 1054
5311 2 2 0 1 437 438 433
5312 2 2 0 1 1200 1637 854
5313 2 2 0 1 1280 1283 1282
5314 2 2 0 1 540 1624 652
5315 2 2 0 1 1552 1553 1551
5316 2 2 0 1 2091 2273 1681
5317 2 2 0 1 1827 2779 2081
5318 2 2 0 1 810 837 812
5319 2 2 0 1 903 1142 846
5320 2 2 0 1 954 2790 953
5321 2 2 0 1 1143 1274 1259
5322 2 2 0 1 1370 1677 1676
5323 2 2 0 1 1481 3261 1479
5324 2 2 0 1 425 1907 428
5325 2 2 0 1 582 584 583
5326 2 2 0 1 1128 1271 1129
5327 2 2 0 1 447 452 451
5328 2 2 0 1 1547 3261 1481
5329 2 2 0 1 1243 1370 1369
5330 2 2 0 1 600 3134 598
5331 2 2 0 1 1487 1890 1485
5332 2 2 0 1 686 696 687
5333 2 2 0 1 1502 3271 2125
5334 2 2 0 1 1300 1519 1301
5335 2 2 0 1 2509 2510 2042
5336 2 2 0 1 467 484 466
5337 2 2 0 1 27 237 26
5338 2 2 0 1 1689 1693 1520
5339 2 2 0 1 460 466 459
5340 2 2 0 1 1271 1400 1357
5341 2 2 0 1 458 459 457
5342 2 2 0 1 1283 1559 1377
5343 2 2 0 1 1559 1987 1687
5344 2 2 0 1 452 457 451
5345 2 2 0 1 1205 1310 1309
5346 2 2 0 1 2041 2509 2042
5347 2 2 0 1 439 446 438
5348 2 2 0 1 447 451 446
5349 2 2 0 1 1655 1656 1345
5350 2 2 0 1 1835 1836 1588
5351 2 2 0 1 2033 2063 1560
5352 2 2 0 1 1987 2331 2261
5353 2 2 0 1 1400 1696 1695
5354 2 2 0 1 439 447 446
5355 2 2 0 1 1488 1489 1486
5356 2 2 0 1 1664 2102 2101
5357 2 2 0 1 747 786 785
5358 2 2 0 1 696 732 697
5359 2 2 0 1 1623 2078 1622
5360 2 2 0 1 678 695 693
5361 2 2 0 1 1548 1550 1549
5362 2 2 0 1 1706 1769 1660
5363 2 2 0 1 2063 2612 1560
5364 2 2 0 1 1202 1204 509
5365 2 2 0 1 1334 1622 1333
5366 2 2 0 1 2252 2254 1836
5367 2 2 0 1 1274 1513 1259
5368 2 2 0 1 1143 1259 1142
5369 2 2 0 1 695 746 693
5370 2 2 0 1 430 437 433
5371 2 2 0 1 437 439 438
5372 2 2 0 1 1291 1344 1292
5373 2 2 0 1 695 747 746
5374 2 2 0 1 786 833 785
5375 2 2 0 1 959 1023 960
5376 2 2 0 1 1208 1333 494
5377 2 2 0 1 1370 1676 1369
5378 2 2 0 1 747 785 746
5379 2 2 0 1 1243 1369 1241
5380 2 2 0 1 1720 2346 2052
5381 2 2 0 1 991 2491 1777
5382 2 2 0 1 668 1366 680
5383 2 2 0 1 1401 1839 1279
5384 2 2 0 1 1883 2707 1879
5385 2 2 0 1 1416 1595 1310
5386 2 2 0 1 609 614 611
5387 2 2 0 1 1576 1720 1609
5388 2 2 0 1 1366 1576 1382
5389 2 2 0 1 2664 2665 2662
5390 2 2 0 1 589 590 588
5391 2 2 0 1 787 788 779
5392 2 2 0 1 1663 1832 1831
5393 2 2 0 1 1024 2939 1128
5394 2 2 0 1 2292 3169 1930
5395 2 2 0 1 1283 1377 1284
5396 2 2 0 1 106 249 107
5397 2 2 0 1 1832 2328 1833
5398 2 2 0 1 1366 1382 680
5399 2 2 0 1 2609 2612 2063
5400 2 2 0 1 1942 2165 1944
5401 2 2 0 1 1380 1837 1608
5402 2 2 0 1 587 588 586
5403 2 2 0 1 80 234 81
5404 2 2 0 1 617 664 626
5405 2 2 0 1 1832 2329 2328
5406 2 2 0 1 2346 2482 2052
5407 2 2 0 1 1576 1609 1382
5408 2 2 0 1 752 774 753
5409 2 2 0 1 1550 1552 1551
5410 2 2 0 1 1720 2052 1609
5411 2 2 0 1 108 307 109
5412 2 2 0 1 1638 2098 1637
5413 2 2 0 1 1469 1560 1470
5414 2 2 0 1 1271 1412 1400
5415 2 2 0 1 1205 1309 1204
5416 2 2 0 1 1022 3117 1021
5417 2 2 0 1 1226 1420 1308
5418 2 2 0 1 55 248 54
5419 2 2 0 1 1512 1631 1223
5420 2 2 0 1 778 779 736
5421 2 2 0 1 111 255 112
5422 2 2 0 1 1574 1826 1825
5423 2 2 0 1 2311 2313 2312
5424 2 2 0 1 462 824 465
5425 2 2 0 1 1552 1574 1553
5426 2 2 0 1 1420 1762 1663
5427 2 2 0 1 595 596 594
5428 2 2 0 1 959 1196 1023
5429 2 2 0 1 774 807 775
5430 2 2 0 1 1879 2707 1877
5431 2 2 0 1 2381 2434 2380
5432 2 2 0 1 2659 2660 2318
5433 2 2 0 1 1226 1308 1025
5434 2 2 0 1 1881 1884 1883
5435 2 2 0 1 1946 2058 2057
5436 2 2 0 1 2248 2256 2194
5437 2 2 0 1 804 992 991
5438 2 2 0 1 1824 1943 1942
5439 2 2 0 1 1468 3427 1465
5440 2 2 0 1 1726 2387 1595
5441 2 2 0 1 1428 2049 1427
5442 2 2 0 1 1881 1883 1879
5443 2 2 0 1 761 804 803
5444 2 2 0 1 25 285 24
5445 2 2 0 1 634 3369 636
5446 2 2 0 1 2044 2046 2045
5447 2 2 0 1 696 745 732
5448 2 2 0 1 3307 3308 1670
5449 2 2 0 1 745 761 760
5450 2 2 0 1 1300 1824 1519
5451 2 2 0 1 2046 2288 2287
5452 2 2 0 1 1043 1356 1046
5453 2 2 0 1 2044 2045 1605
5454 2 2 0 1 1559 1687 1377
5455 2 2 0 1 1489 3403 1486
5456 2 2 0 1 335 707 333
5457 2 2 0 1 837 994 838
5458 2 2 0 1 601 602 600
5459 2 2 0 1 1344 1814 1655
5460 2 2 0 1 1420 1663 1308
5461 2 2 0 1 702 703 701
5462 2 2 0 1 1196 1518 1360
5463 2 2 0 1 1371 1678 1006
5464 2 2 0 1 74 2382 75
5465 2 2 0 1 538 740 624
5466 2 2 0 1 1335 3064 931
5467 2 2 0 1 1884 1985 1947
5468 2 2 0 1 774 1061 807
5469 2 2 0 1 1196 1360 1023
5470 2 2 0 1 1518 1717 1664
5471 2 2 0 1 2018 2173 1815
5472 2 2 0 1 1239 1406 1397
5473 2 2 0 1 745 760 732
5474 2 2 0 1 761 803 760
5475 2 2 0 1 804 991 803
5476 2 2 0 1 1518 1664 1360
5477 2 2 0 1 992 1269 991
5478 2 2 0 1 3049 3051 1449
5479 2 2 0 1 835 955 836
5480 2 2 0 1 1063 1239 1238
5481 2 2 0 1 835 1039 955
5482 2 2 0 1 2003 2202 2004
5483 2 2 0 1 1061 1063 1062
5484 2 2 0 1 1521 2817 1690
5485 2 2 0 1 1824 1942 1519
5486 2 2 0 1 1987 2261 1687
5487 2 2 0 1 2213 2214 1717
5488 2 2 0 1 716 718 717
5489 2 2 0 1 3399 3401 1909
5490 2 2 0 1 1806 1946 1807
5491 2 2 0 1 2531 2740 2532
5492 2 2 0 1 887 2859 861
5493 2 2 0 1 2046 2287 2045
5494 2 2 0 1 714 715 713
5495 2 2 0 1 994 1044 1040
5496 2 2 0 1 1884 1947 1883
5497 2 2 0 1 2379 2380 2378
5498 2 2 0 1 674 702 701
5499 2 2 0 1 23 250 22
5500 2 2 0 1 994 1040 995
5501 2 2 0 1 1745 3037 1940
5502 2 2 0 1 1061 1062 807
5503 2 2 0 1 787 835 788
5504 2 2 0 1 1889 1909 1887
5505 2 2 0 1 1678 1915 1006
5506 2 2 0 1 1043 2682 1356
5507 2 2 0 1 1487 2768 1890
5508 2 2 0 1 113 308 114
5509 2 2 0 1 1406 1581 1397
5510 2 2 0 1 1632 1806 1805
5511 2 2 0 1 1239 1397 1238
5512 2 2 0 1 1040 1391 1041
5513 2 2 0 1 1063 1238 1062
5514 2 2 0 1 3001 3003 2527
5515 2 2 0 1 1652 2535 1961
5516 2 2 0 1 702 723 703
5517 2 2 0 1 728 730 729
5518 2 2 0 1 2822 3102 1892
5519 2 2 0 1 723 724 703
5520 2 2 0 1 2147 2302 2146
5521 2 2 0 1 1039 2100 955
5522 2 2 0 1 1678 1916 1915
5523 2 2 0 1 1344 1655 1345
5524 2 2 0 1 1814 1815 1655
5525 2 2 0 1 1484 1486 1485
5526 2 2 0 1 726 728 727
5527 2 2 0 1 728 729 727
5528 2 2 0 1 1725 1855 1854
5529 2 2 0 1 77 286 78
5530 2 2 0 1 1486 3403 1487
5531 2 2 0 1 1658 1706 1660
5532 2 2 0 1 723 726 724
5533 2 2 0 1 726 727 724
5534 2 2 0 1 1620 3319 2068
5535 2 2 0 1 1195 1484 1483
5536 2 2 0 1 2531 2532 2050
5537 2 2 0 1 2672 2674 2670
5538 2 2 0 1 719 2568 717
5539 2 2 0 1 2948 3319 1461
5540 2 2 0 1 1512 1632 1631
5541 2 2 0 1 2313 2315 2314
5542 2 2 0 1 1706 2297 2296
5543 2 2 0 1 329 823 327
5544 2 2 0 1 1632 2142 1806
5545 2 2 0 1 2667 2668 2665
5546 2 2 0 1 22 2355 21
5547 2 2 0 1 58 311 57
5548 2 2 0 1 3295 3296 1105
5549 2 2 0 1 718 725 719
5550 2 2 0 1 2049 2050 1427
5551 2 2 0 1 1493 3403 1489
5552 2 2 0 1 650 3218 482
5553 2 2 0 1 763 825 778
5554 2 2 0 1 1916 1917 1915
5555 2 2 0 1 1491 1557 1493
5556 2 2 0 1 1918 2005 2003
5557 2 2 0 1 1094 3301 1095
5558 2 2 0 1 725 763 736
5559 2 2 0 1 1916 1918 1917
5560 2 2 0 1 778 787 779
5561 2 2 0 1 528 3262 526
5562 2 2 0 1 75 252 76
5563 2 2 0 1 1491 1493 1489
5564 2 2 0 1 1486 1487 1485
5565 2 2 0 1 115 260 116
5566 2 2 0 1 2317 2320 2319
5567 2 2 0 1 23 2360 250
5568 2 2 0 1 2608 2609 2063
5569 2 2 0 1 21 284 20
5570 2 2 0 1 1429 2066 1652
5571 2 2 0 1 1469 1470 1468
5572 2 2 0 1 820 1005 819
5573 2 2 0 1 1484 1485 1483
5574 2 2 0 1 2125 3104 3103
5575 2 2 0 1 1918 2003 1917
5576 2 2 0 1 2660 2662 2661
5577 2 2 0 1 1557 2146 1558
5578 2 2 0 1 1557 1558 1493
5579 2 2 0 1 717 1014 715
5580 2 2 0 1 717 2568 1014
5581 2 2 0 1 1925 3427 1468
5582 2 2 0 1 2316 2318 2317
5583 2 2 0 1 2146 2166 1558
5584 2 2 0 1 1195 1483 870
5585 2 2 0 1 763 778 736
5586 2 2 0 1 716 717 715
5587 2 2 0 1 60 253 59
5588 2 2 0 1 1560 2612 1470
5589 2 2 0 1 1189 3320 1190
5590 2 2 0 1 1706 2296 1769
5591 2 2 0 1 3103 3408 2125
5592 2 2 0 1 72 264 73
5593 2 2 0 1 1707 1931 1501
5594 2 2 0 1 2660 2661 2318
5595 2 2 0 1 1033 1348 1223
5596 2 2 0 1 1771 2248 2194
5597 2 2 0 1 2313 2316 2315
5598 2 2 0 1 2662 2663 2661
5599 2 2 0 1 1348 1536 1512
5600 2 2 0 1 264 2378 73
5601 2 2 0 1 1968 2237 2034
5602 2 2 0 1 725 736 719
5603 2 2 0 1 19 251 18
5604 2 2 0 1 325 1343 323
5605 2 2 0 1 252 2383 76
5606 2 2 0 1 1931 3405 1501
5607 2 2 0 1 1906 3220 3073
5608 2 2 0 1 2379 2381 2380
5609 2 2 0 1 2320 2324 2321
5610 2 2 0 1 1470 1925 1468
5611 2 2 0 1 618 3070 655
5612 2 2 0 1 2237 2402 2034
5613 2 2 0 1 2316 2317 2315
5614 2 2 0 1 820 1006 1005
5615 2 2 0 1 2320 2325 2324
5616 2 2 0 1 1968 2034 1536
5617 2 2 0 1 718 719 717
5618 2 2 0 1 795 820 819
5619 2 2 0 1 1725 1854 1564
5620 2 2 0 1 3256 3257 898
5621 2 2 0 1 1390 3298 1584
5622 2 2 0 1 1348 1512 1223
5623 2 2 0 1 1033 1223 932
5624 2 2 0 1 649 3251 1543
5625 2 2 0 1 405 2875 408
5626 2 2 0 1 19 2354 251
5627 2 2 0 1 1232 2851 2850
5628 2 2 0 1 2143 2239 2163
5629 2 2 0 1 1869 2883 1867
5630 2 2 0 1 3090 3091 2103
5631 2 2 0 1 264 2379 2378
5632 2 2 0 1 2325 2327 2324
5633 2 2 0 1 1855 1857 1856
5634 2 2 0 1 2244 2245 2230
5635 2 2 0 1 69 282 70
5636 2 2 0 1 1854 2851 1564
5637 2 2 0 1 657 2953 2883
5638 2 2 0 1 16 263 15
5639 2 2 0 1 2422 3367 2421
5640 2 2 0 1 833 2819 983
5641 2 2 0 1 456 3144 546
5642 2 2 0 1 3179 3180 1979
5643 2 2 0 1 2125 3271 3104
5644 2 2 0 1 1137 3193 1587
5645 2 2 0 1 817 3138 961
5646 2 2 0 1 62 309 61
5647 2 2 0 1 14 290 13
5648 2 2 0 1 118 269 119
5649 2 2 0 1 1120 1405 1404
5650 2 2 0 1 2451 2453 2452
5651 2 2 0 1 2111 3043 2942
5652 2 2 0 1 321 2022 319
5653 2 2 0 1 1807 2770 1805
5654 2 2 0 1 2799 3009 3008
5655 2 2 0 1 2143 2163 1931
5656 2 2 0 1 3133 3290 2117
5657 2 2 0 1 2993 2995 518
5658 2 2 0 1 3307 3309 3308
5659 2 2 0 1 2909 3386 543
5660 2 2 0 1 561 3290 3133
5661 2 2 0 1 2120 3151 2281
5662 2 2 0 1 2035 3146 1741
5663 2 2 0 1 1857 2230 1967
5664 2 2 0 1 3065 3083 1862
5665 2 2 0 1 620 3386 670
5666 2 2 0 1 223 3412 289
5667 2 2 0 1 1771 2945 2248
5668 2 2 0 1 1992 2451 1774
5669 2 2 0 1 2093 2799 2710
5670 2 2 0 1 414 3015 1237
5671 2 2 0 1 3175 3301 1231
5672 2 2 0 1 2699 3091 1340
5673 2 2 0 1 3298 3299 1926
5674 2 2 0 1 2431 3457 2881
5675 2 2 0 1 721 3194 688
5676 2 2 0 1 263 2369 15
5677 2 2 0 1 2882 3114 2349
5678 2 2 0 1 674 3060 702
5679 2 2 0 1 421 3363 425
5680 2 2 0 1 1578 3040 2138
5681 2 2 0 1 584 3271 663
5682 2 2 0 1 1757 3272 1505
5683 2 2 0 1 685 3048 708
5684 2 2 0 1 2093 2710 2094
5685 2 2 0 1 1461 3319 1620
5686 2 2 0 1 64 265 63
5687 2 2 0 1 1190 3320 1272
5688 2 2 0 1 1967 2700 1856
5689 2 2 0 1 2107 2839 2108
5690 2 2 0 1 2066 2649 2536
5691 2 2 0 1 1649 1992 1774
5692 2 2 0 1 1535 2868 1788
5693 2 2 0 1 1443 3040 1294
5694 2 2 0 1 2998 3306 2115
5695 2 2 0 1 2348 2882 2349
5696 2 2 0 1 663 3271 1502
5697 2 2 0 1 406 2875 405
5698 2 2 0 1 120 306 121
5699 2 2 0 1 3251 3279 3247
5700 2 2 0 1 762 2962 2199
5701 2 2 0 1 1232 2850 2849
5702 2 2 0 1 1855 1856 1854
5703 2 2 0 1 1079 3297 1106
5704 2 2 0 1 69 2389 282
5705 2 2 0 1 1948 3616 2276
5706 2 2 0 1 2835 2896 1838
5707 2 2 0 1 263 2439 2369
5708 2 2 0 1 67 313 68
5709 2 2 0 1 1152 3229 1154
5710 2 2 0 1 841 3126 2918
5711 2 2 0 1 2619 2819 2792
5712 2 2 0 1 1451 3143 461
5713 2 2 0 1 1155 3432 1153
5714 2 2 0 1 1584 3298 1926
5715 2 2 0 1 1472 3218 650
5716 2 2 0 1 1857 1967 1856
5717 2 2 0 1 1690 2817 2085
5718 2 2 0 1 1524 3117 1022
5719 2 2 0 1 794 3443 2720
5720 2 2 0 1 2092 2883 1869
5721 2 2 0 1 1431 3003 997
5722 2 2 0 1 1543 3251 3247
5723 2 2 0 1 2770 2806 2114
5724 2 2 0 1 813 3416 1150
5725 2 2 0 1 1906 3221 3220
5726 2 2 0 1 1428 2454 2049
5727 2 2 0 1 2530 2531 2050
5728 2 2 0 1 543 3386 620
5729 2 2 0 1 2419 3211 3209
5730 2 2 0 1 583 3278 580
5731 2 2 0 1 1330 3196 1904
5732 2 2 0 1 2465 3367 2422
5733 2 2 0 1 2619 2792 2791
5734 2 2 0 1 938 3028 2832
5735 2 2 0 1 1025 2831 992
5736 2 2 0 1 1527 2843 2842
5737 2 2 0 1 832 2900 830
5738 2 2 0 1 3358 3407 2980
5739 2 2 0 1 766 3443 758
5740 2 2 0 1 2773 2860 2101
5741 2 2 0 1 1456 3009 2093
5742 2 2 0 1 3041 3381 1892
5743 2 2 0 1 66 297 65
5744 2 2 0 1 2631 2642 1825
5745 2 2 0 1 2506 3069 3068
5746 2 2 0 1 352 3106 354
5747 2 2 0 1 657 2974 515
5748 2 2 0 1 2626 2711 1388
5749 2 2 0 1 1458 3081 1253
5750 2 2 0 1 1587 3193 2546
5751 2 2 0 1 2076 2825 1829
5752 2 2 0 1 1296 3072 2793
5753 2 2 0 1 1473 3157 2508
5754 2 2 0 1 3231 3232 1182
5755 2 2 0 1 2214 3409 3116
5756 2 2 0 1 3187 3369 634
5757 2 2 0 1 1247 3156 1300
5758 2 2 0 1 1296 3156 1245
5759 2 2 0 1 818 3024 980
5760 2 2 0 1 2420 3211 2414
5761 2 2 0 1 1963 3341 3333
5762 2 2 0 1 1747 3235 1744
5763 2 2 0 1 1813 2874 1657
5764 2 2 0 1 12 314 11
5765 2 2 0 1 2049 2530 2050
5766 2 2 0 1 2527 3002 3001
5767 2 2 0 1 604 3242 1341
5768 2 2 0 1 1383 2733 1612
5769 2 2 0 1 2895 3240 646
5770 2 2 0 1 420 3363 421
5771 2 2 0 1 1776 3160 1438
5772 2 2 0 1 1149 3043 492
5773 2 2 0 1 568 3196 571
5774 2 2 0 1 608 3242 602
5775 2 2 0 1 1743 3235 2036
5776 2 2 0 1 846 3126 843
5777 2 2 0 1 2089 2852 1898
5778 2 2 0 1 696 3047 745
5779 2 2 0 1 2102 2774 2773
5780 2 2 0 1 1519 2901 1301
5781 2 2 0 1 3048 3049 1449
5782 2 2 0 1 3015 3016 2113
5783 2 2 0 1 1767 3066 2039
5784 2 2 0 1 2449 3272 1757
5785 2 2 0 1 1126 3038 960
5786 2 2 0 1 1266 3395 990
5787 2 2 0 1 627 3070 618
5788 2 2 0 1 2700 2701 2086
5789 2 2 0 1 2992 3157 585
5790 2 2 0 1 2454 3466 2049
5791 2 2 0 1 1805 2770 2114
5792 2 2 0 1 2729 3313 1816
5793 2 2 0 1 1432 3004 1666
5794 2 2 0 1 2638 2912 2004
5795 2 2 0 1 2108 2839 2154
5796 2 2 0 1 2486 3146 2035
5797 2 2 0 1 729 3120 749
5798 2 2 0 1 943 3028 940
5799 2 2 0 1 368 3343 371
5800 2 2 0 1 2898 2979 1544
5801 2 2 0 1 1368 3332 1084
5802 2 2 0 1 648 3060 674
5803 2 2 0 1 2980 2981 2979
5804 2 2 0 1 1766 3056 1601
5805 2 2 0 1 89 2748 90
5806 2 2 0 1 757 3194 721
5807 2 2 0 1 1081 3297 1079
5808 2 2 0 1 2070 3292 1790
5809 2 2 0 1 2871 3257 3256
5810 2 2 0 1 3260 3430 525
5811 2 2 0 1 632 3187 634
5812 2 2 0 1 2027 3173 2029
5813 2 2 0 1 2914 3216 2864
5814 2 2 0 1 1298 3358 1639
5815 2 2 0 1 1101 2982 1099
5816 2 2 0 1 2969 2970 2968
5817 2 2 0 1 1202 2995 2994
5818 2 2 0 1 1668 2978 1422
5819 2 2 0 1 2102 2773 2101
5820 2 2 0 1 1861 2934 844
5821 2 2 0 1 1243 2819 1633
5822 2 2 0 1 1154 3229 1158
5823 2 2 0 1 646 3240 503
5824 2 2 0 1 1242 3072 1296
5825 2 2 0 1 1940 2863 2131
5826 2 2 0 1 2977 2978 2603
5827 2 2 0 1 1088 3341 1089
5828 2 2 0 1 1045 2999 1042
5829 2 2 0 1 2510 3073 2042
5830 2 2 0 1 1250 3007 966
5831 2 2 0 1 3143 3144 456
5832 2 2 0 1 1183 3169 3168
5833 2 2 0 1 1787 2999 1351
5834 2 2 0 1 2115 3175 1231
5835 2 2 0 1 750 3082 705
5836 2 2 0 1 1377 3076 1378
5837 2 2 0 1 708 3048 1449
5838 2 2 0 1 2807 2907 2808
5839 2 2 0 1 3088 3090 2103
5840 2 2 0 1 3159 3441 827
5841 2 2 0 1 1065 3010 1068
5842 2 2 0 1 1985 2652 1947
5843 2 2 0 1 2042 3220 1598
5844 2 2 0 1 2894 3418 3222
5845 2 2 0 1 760 2987 732
5846 2 2 0 1 3047 3191 2936
5847 2 2 0 1 2508 3157 2992
5848 2 2 0 1 521 3421 519
5849 2 2 0 1 2334 3333 3332
5850 2 2 0 1 1150 3416 1339
5851 2 2 0 1 1006 2911 1005
5852 2 2 0 1 611 3190 615
5853 2 2 0 1 738 2739 771
5854 2 2 0 1 2843 2846 2844
5855 2 2 0 1 2173 3424 1815
5856 2 2 0 1 1294 3040 1578
5857 2 2 0 1 2936 3191 3061
5858 2 2 0 1 2751 2756 2753
5859 2 2 0 1 2930 3057 834
5860 2 2 0 1 1553 3291 1551
5861 2 2 0 1 370 3373 436
5862 2 2 0 1 1277 2851 1036
5863 2 2 0 1 1358 3278 583
5864 2 2 0 1 222 3439 221
5865 2 2 0 1 1930 3169 1928
5866 2 2 0 1 2156 2998 2115
5867 2 2 0 1 1334 2758 1623
5868 2 2 0 1 2187 2603 1668
5869 2 2 0 1 2779 3038 1126
5870 2 2 0 1 843 3126 841
5871 2 2 0 1 808 2991 810
5872 2 2 0 1 3205 3370 3206
5873 2 2 0 1 916 3396 1321
5874 2 2 0 1 1066 3221 1906
5875 2 2 0 1 2810 2961 2960
5876 2 2 0 1 2093 3009 2799
5877 2 2 0 1 1183 3168 3167
5878 2 2 0 1 953 2791 922
5879 2 2 0 1 774 2985 1061
5880 2 2 0 1 594 3381 592
5881 2 2 0 1 2935 2936 1627
5882 2 2 0 1 1225 3081 2960
5883 2 2 0 1 2948 3230 1874
5884 2 2 0 1 2523 3561 2503
5885 2 2 0 1 646 2944 2895
5886 2 2 0 1 1994 3135 2263
5887 2 2 0 1 758 3443 794
5888 2 2 0 1 2886 3145 2934
5889 2 2 0 1 2861 3037 1749
5890 2 2 0 1 1602 3155 1827
5891 2 2 0 1 2603 2978 1668
5892 2 2 0 1 401 3167 3114
5893 2 2 0 1 571 3196 1330
5894 2 2 0 1 1644 3373 3372
5895 2 2 0 1 498 3195 500
5896 2 2 0 1 2918 3126 3125
5897 2 2 0 1 1802 2567 1801
5898 2 2 0 1 921 3441 1384
5899 2 2 0 1 2589 3428 558
5900 2 2 0 1 1825 2642 1838
5901 2 2 0 1 2619 2789 2618
5902 2 2 0 1 356 3270 358
5903 2 2 0 1 785 3057 746
5904 2 2 0 1 1834 2879 2849
5905 2 2 0 1 1612 2733 1786
5906 2 2 0 1 1874 3113 2947
5907 2 2 0 1 2793 3072 1819
5908 2 2 0 1 3302 3303 3172
5909 2 2 0 1 2614 3070 2616
5910 2 2 0 1 1564 2851 1277
5911 2 2 0 1 2414 3211 2419
5912 2 2 0 1 830 2900 1224
5913 2 2 0 1 1737 2899 2528
5914 2 2 0 1 1063 2965 1239
5915 2 2 0 1 601 3071 666
5916 2 2 0 1 1964 2862 2861
5917 2 2 0 1 2859 2957 2956
5918 2 2 0 1 3162 3429 1453
5919 2 2 0 1 1406 2990 1581
5920 2 2 0 1 2696 3091 2699
5921 2 2 0 1 3097 3101 1794
5922 2 2 0 1 990 3395 1028
5923 2 2 0 1 2223 2688 2015
5924 2 2 0 1 1098 3407 1213
5925 2 2 0 1 1339 3476 3229
5926 2 2 0 1 2045 2990 1605
5927 2 2 0 1 2567 2689 1801
5928 2 2 0 1 992 2831 1269
5929 2 2 0 1 2908 3414 2808
5930 2 2 0 1 1153 3432 1634
5931 2 2 0 1 1097 3382 1100
5932 2 2 0 1 2656 2916 2825
5933 2 2 0 1 836 2988 788
5934 2 2 0 1 2806 2857 2114
5935 2 2 0 1 1840 2870 2869
5936 2 2 0 1 980 3024 3023
5937 2 2 0 1 2886 2934 1861
5938 2 2 0 1 1615 3216 1385
5939 2 2 0 1 978 3003 3001
5940 2 2 0 1 602 3242 604
5941 2 2 0 1 1484 3414 1488
5942 2 2 0 1 1558 2867 2606
5943 2 2 0 1 690 3411 691
5944 2 2 0 1 1583 3362 1965
5945 2 2 0 1 2740 3083 2532
5946 2 2 0 1 1688 3362 1585
5947 2 2 0 1 2533 3160 1776
5948 2 2 0 1 2776 2777 2775
5949 2 2 0 1 2028 2917 2026
5950 2 2 0 1 1867 2953 1865
5951 2 2 0 1 1788 2868 2573
5952 2 2 0 1 2748 2778 90
5953 2 2 0 1 1178 3387 1180
5954 2 2 0 1 2098 2818 2817
5955 2 2 0 1 1744 3235 1743
5956 2 2 0 1 686 3047 696
5957 2 2 0 1 2334 3332 1368
5958 2 2 0 1 1173 3231 1171
5959 2 2 0 1 1691 3137 1480
5960 2 2 0 1 1187 3387 1694
5961 2 2 0 1 367 3343 368
5962 2 2 0 1 928 2730 996
5963 2 2 0 1 867 3284 865
5964 2 2 0 1 1327 3197 1012
5965 2 2 0 1 1634 3435 2943
5966 2 2 0 1 1673 2903 1672
5967 2 2 0 1 2743 3011 2745
5968 2 2 0 1 983 2819 1243
5969 2 2 0 1 944 3185 2855
5970 2 2 0 1 1136 3016 422
5971 2 2 0 1 3301 3382 1095
5972 2 2 0 1 569 3338 566
5973 2 2 0 1 2092 2974 2883
5974 2 2 0 1 1132 3113 440
5975 2 2 0 1 2430 3434 2020
5976 2 2 0 1 889 3161 3085
5977 2 2 0 1 2789 2791 953
5978 2 2 0 1 2970 2983 1435
5979 2 2 0 1 1183 3167 399
5980 2 2 0 1 2942 3043 1149
5981 2 2 0 1 1645 3402 2159
5982 2 2 0 1 3105 3106 352
5983 2 2 0 1 1798 3124 1800
5984 2 2 0 1 2622 3292 2070
5985 2 2 0 1 878 3204 892
5986 2 2 0 1 1748 3123 2032
5987 2 2 0 1 1213 3358 1298
5988 2 2 0 1 1752 3123 1746
5989 2 2 0 1 976 3059 3055
5990 2 2 0 1 1116 3436 1606
5991 2 2 0 1 1049 3201 2586
5992 2 2 0 1 1496 2907 1820
5993 2 2 0 1 895 3161 891
5994 2 2 0 1 2002 3436 1402
5995 2 2 0 1 1012 3197 950
5996 2 2 0 1 1245 3156 1247
5997 2 2 0 1 3128 3129 536
5998 2 2 0 1 1614 3096 1794
5999 2 2 0 1 2703 3423 1327
6000 2 2 0 1 424 3230 1459
6001 2 2 0 1 731 3148 770
6002 2 2 0 1 1693 3255 3254
6003 2 2 0 1 1939 3066 1767
6004 2 2 0 1 1453 3148 692
6005 2 2 0 1 1904 3196 3086
6006 2 2 0 1 2066 3023 2649
6007 2 2 0 1 809 3002 775
6008 2 2 0 1 500 3195 646
6009 2 2 0 1 2634 3225 2635
6010 2 2 0 1 3355 3356 2954
6011 2 2 0 1 733 3034 735
6012 2 2 0 1 2029 3173 2171
6013 2 2 0 1 2110 3125 1514
6014 2 2 0 1 1599 3393 1948
6015 2 2 0 1 2642 2835 1838
6016 2 2 0 1 1893 2979 2898
6017 2 2 0 1 940 3028 938
6018 2 2 0 1 467 3285 484
6019 2 2 0 1 1893 2980 2979
6020 2 2 0 1 1389 3376 1508
6021 2 2 0 1 1803 3200 2584
6022 2 2 0 1 1966 3376 1582
6023 2 2 0 1 1144 3285 469
6024 2 2 0 1 1699 3228 3226
6025 2 2 0 1 1618 2704 1611
6026 2 2 0 1 947 2855 1019
6027 2 2 0 1 3261 3263 3260
6028 2 2 0 1 1809 2964 2963
6029 2 2 0 1 1666 3004 2190
6030 2 2 0 1 1873 2625 2615
6031 2 2 0 1 3275 3278 1358
6032 2 2 0 1 1964 2861 1749
6033 2 2 0 1 1878 2957 1880
6034 2 2 0 1 3283 3360 3359
6035 2 2 0 1 497 3269 495
6036 2 2 0 1 397 3385 1183
6037 2 2 0 1 683 3191 686
6038 2 2 0 1 395 3385 394
6039 2 2 0 1 2473 3056 1766
6040 2 2 0 1 1920 3188 1193
6041 2 2 0 1 2121 3260 3259
6042 2 2 0 1 434 3219 1134
6043 2 2 0 1 730 3120 729
6044 2 2 0 1 449 3215 455
6045 2 2 0 1 506 3304 504
6046 2 2 0 1 2473 3200 3056
6047 2 2 0 1 1232 2879 1034
6048 2 2 0 1 1029 2781 968
6049 2 2 0 1 2976 3430 1900
6050 2 2 0 1 438 3219 433
6051 2 2 0 1 1350 2902 1349
6052 2 2 0 1 1301 2901 1352
6053 2 2 0 1 1534 2902 1705
6054 2 2 0 1 2720 3567 2721
6055 2 2 0 1 380 3392 448
6056 2 2 0 1 1597 3329 2051
6057 2 2 0 1 1055 3158 1375
6058 2 2 0 1 2059 3447 2466
6059 2 2 0 1 1204 3304 509
6060 2 2 0 1 413 3379 415
6061 2 2 0 1 2126 3377 1509
6062 2 2 0 1 1068 3010 1454
6063 2 2 0 1 2896 3291 1838
6064 2 2 0 1 377 3377 378
6065 2 2 0 1 1838 3291 1553
6066 2 2 0 1 3098 3441 3159
6067 2 2 0 1 1646 3226 1768
6068 2 2 0 1 781 3419 784
6069 2 2 0 1 525 3421 521
6070 2 2 0 1 1862 3082 750
6071 2 2 0 1 3051 3059 1449
6072 2 2 0 1 3069 3455 2479
6073 2 2 0 1 1548 3389 1550
6074 2 2 0 1 3333 3341 1088
6075 2 2 0 1 732 2987 733
6076 2 2 0 1 579 3425 3331
6077 2 2 0 1 1908 3128 3035
6078 2 2 0 1 632 3188 3187
6079 2 2 0 1 2713 3432 2714
6080 2 2 0 1 837 2991 2967
6081 2 2 0 1 3428 3429 3163
6082 2 2 0 1 436 3373 1644
6083 2 2 0 1 2883 2974 657
6084 2 2 0 1 2988 2989 2099
6085 2 2 0 1 1931 3406 3405
6086 2 2 0 1 615 3190 2552
6087 2 2 0 1 914 3396 916
6088 2 2 0 1 1674 3311 1995
6089 2 2 0 1 789 3176 698
6090 2 2 0 1 1731 3360 1542
6091 2 2 0 1 2526 2739 2527
6092 2 2 0 1 1772 2758 1334
6093 2 2 0 1 2725 2854 2095
6094 2 2 0 1 884 3213 882
6095 2 2 0 1 592 3381 3041
6096 2 2 0 1 1693 3253 3252
6097 2 2 0 1 1197 3427 3213
6098 2 2 0 1 761 2946 804
6099 2 2 0 1 1687 3076 1377
6100 2 2 0 1 2936 3061 1627
6101 2 2 0 1 292 3459 218
6102 2 2 0 1 2684 3006 1562
6103 2 2 0 1 1658 2866 1706
6104 2 2 0 1 2568 2690 2689
6105 2 2 0 1 1889 3399 1909
6106 2 2 0 1 257 3450 220
6107 2 2 0 1 2984 2991 808
6108 2 2 0 1 2085 2818 2707
6109 2 2 0 1 2506 3068 1590
6110 2 2 0 1 1177 3276 1181
6111 2 2 0 1 1203 3276 1179
6112 2 2 0 1 1288 2840 2839
6113 2 2 0 1 1207 3303 3302
6114 2 2 0 1 3073 3220 2042
6115 2 2 0 1 997 3003 978
6116 2 2 0 1 2905 3349 1895
6117 2 2 0 1 3056 3200 1803
6118 2 2 0 1 2167 3675 2309
6119 2 2 0 1 559 3162 658
6120 2 2 0 1 3182 3183 662
6121 2 2 0 1 1812 2929 2928
6122 2 2 0 1 1937 3029 1325
6123 2 2 0 1 1318 3390 1537
6124 2 2 0 1 1540 3390 1316
6125 2 2 0 1 2950 3406 2940
6126 2 2 0 1 1049 3454 1050
6127 2 2 0 1 2289 3737 268
6128 2 2 0 1 2783 3006 2684
6129 2 2 0 1 1400 3322 1696
6130 2 2 0 1 939 3398 941
6131 2 2 0 1 1235 3454 1401
6132 2 2 0 1 771 2739 2526
6133 2 2 0 1 2712 3435 2713
6134 2 2 0 1 3141 3456 2423
6135 2 2 0 1 2783 3007 3006
6136 2 2 0 1 2440 3590 1929
6137 2 2 0 1 2531 2741 2740
6138 2 2 0 1 2910 3119 2178
6139 2 2 0 1 1351 2999 1045
6140 2 2 0 1 752 2985 774
6141 2 2 0 1 3098 3159 3100
6142 2 2 0 1 1827 3155 2779
6143 2 2 0 1 829 2960 783
6144 2 2 0 1 1095 3382 1097
6145 2 2 0 1 441 3270 356
6146 2 2 0 1 2714 3432 1155
6147 2 2 0 1 1038 3017 946
6148 2 2 0 1 1002 3361 1004
6149 2 2 0 1 1570 3337 1317
6150 2 2 0 1 2947 3113 1132
6151 2 2 0 1 558 3428 3163
6152 2 2 0 1 2566 2567 1802
6153 2 2 0 1 1832 3042 2329
6154 2 2 0 1 1762 3042 1663
6155 2 2 0 1 1915 2911 1006
6156 2 2 0 1 834 3057 785
6157 2 2 0 1 1123 3384 1260
6158 2 2 0 1 1585 3362 1583
6159 2 2 0 1 691 3411 711
6160 2 2 0 1 2423 3456 2417
6161 2 2 0 1 2415 3456 2420
6162 2 2 0 1 666 3071 1864
6163 2 2 0 1 2884 3400 2152
6164 2 2 0 1 242 3488 2549
6165 2 2 0 1 825 2858 2857
6166 2 2 0 1 2619 2791 2789
6167 2 2 0 1 1118 3349 589
6168 2 2 0 1 1764 3346 2197
6169 2 2 0 1 827 3441 921
6170 2 2 0 1 1278 3466 1761
6171 2 2 0 1 2704 3423 2703
6172 2 2 0 1 2779 3155 3038
6173 2 2 0 1 2944 3435 2712
6174 2 2 0 1 788 2988 2099
6175 2 2 0 1 1180 3387 1187
6176 2 2 0 1 1013 3237 1059
6177 2 2 0 1 1628 2965 1063
6178 2 2 0 1 1605 2990 1406
6179 2 2 0 1 2746 2747 2557
6180 2 2 0 1 2571 3000 2999
6181 2 2 0 1 2426 3445 2411
6182 2 2 0 1 2199 2962 2810
6183 2 2 0 1 2413 3445 2416
6184 2 2 0 1 752 3034 2985
6185 2 2 0 1 971 2625 1873
6186 2 2 0 1 1385 3216 2914
6187 2 2 0 1 2277 3136 1482
6188 2 2 0 1 34 2557 33
6189 2 2 0 1 1363 2964 1531
6190 2 2 0 1 2751 2753 2750
6191 2 2 0 1 2524 3231 1173
6192 2 2 0 1 2870 2871 2112
6193 2 2 0 1 2201 2917 2028
6194 2 2 0 1 2849 2879 1232
6195 2 2 0 1 2943 3435 2944
6196 2 2 0 1 630 3283 621
6197 2 2 0 1 1912 3338 569
6198 2 2 0 1 736 2690 719
6199 2 2 0 1 399 3167 401
6200 2 2 0 1 2113 3016 1136
6201 2 2 0 1 287 2749 2748
6202 2 2 0 1 3187 3188 1920
6203 2 2 0 1 1342 3402 1645
6204 2 2 0 1 1488 3414 2908
6205 2 2 0 1 1257 3375 1522
6206 2 2 0 1 2020 3434 2444
6207 2 2 0 1 1938 3375 1258
6208 2 2 0 1 3064 3065 1862
6209 2 2 0 1 2918 3125 2110
6210 2 2 0 1 2321 2931 2323
6211 2 2 0 1 1820 2907 2807
6212 2 2 0 1 3055 3059 3051
6213 2 2 0 1 1402 3436 1116
6214 2 2 0 1 2057 2771 1807
6215 2 2 0 1 2637 3481 2445
6216 2 2 0 1 262 3473 134
6217 2 2 0 1 2584 3463 2064
6218 2 2 0 1 3178 3347 1890
6219 2 2 0 1 2960 2961 783
6220 2 2 0 1 1994 3136 3135
6221 2 2 0 1 2785 3429 3428
6222 2 2 0 1 3108 3109 1985
6223 2 2 0 1 1459 3230 2948
6224 2 2 0 1 2883 2953 1867
6225 2 2 0 1 1644 3393 1599
6226 2 2 0 1 646 3195 2944
6227 2 2 0 1 1028 3395 3384
6228 2 2 0 1 891 3161 889
6229 2 2 0 1 2810 2962 2961
6230 2 2 0 1 1042 3000 995
6231 2 2 0 1 3023 3024 2649
6232 2 2 0 1 2016 3124 1798
6233 2 2 0 1 928 2731 2730
6234 2 2 0 1 2782 3180 3074
6235 2 2 0 1 1582 3376 1389
6236 2 2 0 1 2616 3426 3058
6237 2 2 0 1 1213 3407 3358
6238 2 2 0 1 692 3148 731
6239 2 2 0 1 1499 3186 1500
6240 2 2 0 1 863 3177 887
6241 2 2 0 1 335 3446 707
6242 2 2 0 1 1981 2780 1982
6243 2 2 0 1 469 3285 467
6244 2 2 0 1 347 3198 345
6245 2 2 0 1 3326 3515 699
6246 2 2 0 1 220 3450 219
6247 2 2 0 1 3070 3426 2616
6248 2 2 0 1 3297 3461 1106
6249 2 2 0 1 996 2730 1441
6250 2 2 0 1 1746 3123 1748
6251 2 2 0 1 667 3203 1891
6252 2 2 0 1 713 3203 677
6253 2 2 0 1 394 3385 397
6254 2 2 0 1 1341 3451 606
6255 2 2 0 1 2956 2957 1878
6256 2 2 0 1 1727 3509 3458
6257 2 2 0 1 1525 3365 1261
6258 2 2 0 1 1263 3365 1395
6259 2 2 0 1 609 3451 614
6260 2 2 0 1 1384 3096 1614
6261 2 2 0 1 3086 3088 2103
6262 2 2 0 1 502 3269 497
6263 2 2 0 1 1011 3357 1057
6264 2 2 0 1 944 2855 947
6265 2 2 0 1 1186 3267 3266
6266 2 2 0 1 221 3439 257
6267 2 2 0 1 735 3034 752
6268 2 2 0 1 1882 3350 1881
6269 2 2 0 1 1672 2903 2030
6270 2 2 0 1 1720 3452 2346
6271 2 2 0 1 433 3219 434
6272 2 2 0 1 444 3215 449
6273 2 2 0 1 509 3304 506
6274 2 2 0 1 1662 3342 709
6275 2 2 0 1 2869 2870 2112
6276 2 2 0 1 2828 2852 2089
6277 2 2 0 1 448 3392 1510
6278 2 2 0 1 3206 3370 1268
6279 2 2 0 1 892 3204 3153
6280 2 2 0 1 1509 3377 377
6281 2 2 0 1 2906 3472 2119
6282 2 2 0 1 2800 3379 413
6283 2 2 0 1 2074 3329 1597
6284 2 2 0 1 1934 3423 2704
6285 2 2 0 1 1255 2781 1029
6286 2 2 0 1 1335 3165 3065
6287 2 2 0 1 1716 3389 1548
6288 2 2 0 1 3035 3128 536
6289 2 2 0 1 3151 3152 892
6290 2 2 0 1 2871 3316 3257
6291 2 2 0 1 2651 3418 961
6292 2 2 0 1 306 3502 121
6293 2 2 0 1 1530 2929 1810
6294 2 2 0 1 1546 3364 1716
6295 2 2 0 1 1555 3189 1941
6296 2 2 0 1 228 3619 2453
6297 2 2 0 1 391 3652 3397
6298 2 2 0 1 1207 3345 3303
6299 2 2 0 1 2477 3447 2059
6300 2 2 0 1 287 2748 89
6301 2 2 0 1 1836 3075 1588
6302 2 2 0 1 3068 3237 1590
6303 2 2 0 1 743 3351 782
6304 2 2 0 1 3259 3260 525
6305 2 2 0 1 1818 3442 2443
6306 2 2 0 1 3278 3425 579
6307 2 2 0 1 2588 3509 1419
6308 2 2 0 1 1699 3226 1646
6309 2 2 0 1 784 3419 831
6310 2 2 0 1 2843 2844 2841
6311 2 2 0 1 1044 3433 1040
6312 2 2 0 1 3100 3159 695
6313 2 2 0 1 3405 3406 1498
6314 2 2 0 1 1375 3158 1835
6315 2 2 0 1 1542 3360 1206
6316 2 2 0 1 2120 3318 3152
6317 2 2 0 1 1762 3471 3042
6318 2 2 0 1 1339 3492 3476
6319 2 2 0 1 3148 3437 1872
6320 2 2 0 1 1989 3311 1674
6321 2 2 0 1 2479 3455 2480
6322 2 2 0 1 1453 3437 3148
6323 2 2 0 1 3001 3002 809
6324 2 2 0 1 1884 3108 1985
6325 2 2 0 1 3484 3522 71
6326 2 2 0 1 1197 3213 884
6327 2 2 0 1 2152 3399 1889
6328 2 2 0 1 1340 3176 789
6329 2 2 0 1 2522 3457 1758
6330 2 2 0 1 686 3191 3047
6331 2 2 0 1 3351 3352 782
6332 2 2 0 1 2539 3223 868
6333 2 2 0 1 1221 3179 1364
6334 2 2 0 1 128 3462 129
6335 2 2 0 1 2150 2804 1976
6336 2 2 0 1 1698 3179 1979
6337 2 2 0 1 2660 2683 2664
6338 2 2 0 1 2088 2946 761
6339 2 2 0 1 1349 2902 1534
6340 2 2 0 1 2394 3788 1293
6341 2 2 0 1 1492 3394 1491
6342 2 2 0 1 965 3170 1251
6343 2 2 0 1 1557 3394 2147
6344 2 2 0 1 1179 3276 1177
6345 2 2 0 1 2154 2840 2162
6346 2 2 0 1 2658 3474 1636
6347 2 2 0 1 1316 3390 1318
6348 2 2 0 1 1904 3086 2103
6349 2 2 0 1 3304 3440 1910
6350 2 2 0 1 2693 3017 1808
6351 2 2 0 1 218 3459 217
6352 2 2 0 1 1325 3029 2472
6353 2 2 0 1 658 3162 1453
6354 2 2 0 1 2040 3469 2041
6355 2 2 0 1 2112 3256 904
6356 2 2 0 1 900 3256 898
6357 2 2 0 1 3317 3445 3234
6358 2 2 0 1 3135 3136 2277
6359 2 2 0 1 3252 3253 1989
6360 2 2 0 1 2940 3406 2163
6361 2 2 0 1 3479 3488 242
6362 2 2 0 1 3213 3214 886
6363 2 2 0 1 1337 3398 939
6364 2 2 0 1 1134 3465 442
6365 2 2 0 1 1204 3440 3304
6366 2 2 0 1 1529 3293 1122
6367 2 2 0 1 1808 3017 1038
6368 2 2 0 1 1717 3116 1664
6369 2 2 0 1 1206 3360 3283
6370 2 2 0 1 1412 3322 1400
6371 2 2 0 1 3181 3342 2206
6372 2 2 0 1 2355 3513 284
6373 2 2 0 1 1050 3454 1235
6374 2 2 0 1 2734 2951 1821
6375 2 2 0 1 1656 2866 1658
6376 2 2 0 1 1401 3454 2585
6377 2 2 0 1 525 3430 3421
6378 2 2 0 1 1774 2878 1773
6379 2 2 0 1 34 2746 2557
6380 2 2 0 1 1643 3361 1002
6381 2 2 0 1 1932 3337 1570
6382 2 2 0 1 1028 3384 1123
6383 2 2 0 1 1225 2960 829
6384 2 2 0 1 711 3411 3351
6385 2 2 0 1 1401 2585 2523
6386 2 2 0 1 2492 3588 2300
6387 2 2 0 1 2774 2776 2775
6388 2 2 0 1 453 3199 3198
6389 2 2 0 1 1895 3349 1118
6390 2 2 0 1 2417 3456 2415
6391 2 2 0 1 1934 2704 1618
6392 2 2 0 1 1763 3346 1764
6393 2 2 0 1 2141 3499 2632
6394 2 2 0 1 2147 3394 2950
6395 2 2 0 1 3213 3427 3214
6396 2 2 0 1 1663 3042 1832
6397 2 2 0 1 3074 3180 1220
6398 2 2 0 1 994 2967 1044
6399 2 2 0 1 2181 3490 2180
6400 2 2 0 1 2225 3444 2903
6401 2 2 0 1 1223 2858 932
6402 2 2 0 1 2058 3540 2593
6403 2 2 0 1 1590 3237 1013
6404 2 2 0 1 1884 3350 3108
6405 2 2 0 1 2411 3445 2413
6406 2 2 0 1 1848 3286 1845
6407 2 2 0 1 2856 2910 2178
6408 2 2 0 1 2963 2964 1363
6409 2 2 0 1 3596 3631 2158
6410 2 2 0 1 1320 3480 3348
6411 2 2 0 1 1206 3283 630
6412 2 2 0 1 2730 2731 2571
6413 2 2 0 1 719 2690 2568
6414 2 2 0 1 956 3111 959
6415 2 2 0 1 483 3474 488
6416 2 2 0 1 1636 3474 478
6417 2 2 0 1 1436 3466 1278
6418 2 2 0 1 2741 3012 2743
6419 2 2 0 1 1258 3375 1257
6420 2 2 0 1 3275 3425 3278
6421 2 2 0 1 2100 3111 955
6422 2 2 0 1 2141 3486 3150
6423 2 2 0 1 219 3450 292
6424 2 2 0 1 2549 3488 2134
6425 2 2 0 1 2383 3600 286
6426 2 2 0 1 3193 3475 2546
6427 2 2 0 1 3421 3430 2976
6428 2 2 0 1 243 3770 3730
6429 2 2 0 1 865 3284 3177
6430 2 2 0 1 831 3419 3170
6431 2 2 0 1 1191 3267 1188
6432 2 2 0 1 3112 3181 2206
6433 2 2 0 1 2064 3463 3413
6434 2 2 0 1 3630 3640 3309
6435 2 2 0 1 1373 3150 1135
6436 2 2 0 1 668 3467 1366
6437 2 2 0 1 664 3467 626
6438 2 2 0 1 2303 2950 2940
6439 2 2 0 1 865 3177 863
6440 2 2 0 1 36 3438 270
6441 2 2 0 1 444 3465 3215
6442 2 2 0 1 2119 3472 3277
6443 2 2 0 1 3416 3492 1339
6444 2 2 0 1 2663 2764 2661
6445 2 2 0 1 1806 3202 1946
6446 2 2 0 1 677 3203 667
6447 2 2 0 1 1261 3365 1263
6448 2 2 0 1 2141 3150 1610
6449 2 2 0 1 1821 3186 1499
6450 2 2 0 1 2324 2931 2321
6451 2 2 0 1 606 3451 609
6452 2 2 0 1 2650 2827 2089
6453 2 2 0 1 3322 3323 1696
6454 2 2 0 1 130 3477 271
6455 2 2 0 1 2774 2775 2773
6456 2 2 0 1 1871 3481 2637
6457 2 2 0 1 453 3198 347
6458 2 2 0 1 1010 3357 1011
6459 2 2 0 1 2804 3293 1976
6460 2 2 0 1 1419 3512 2588
6461 2 2 0 1 2206 3342 1662
6462 2 2 0 1 1881 3350 1884
6463 2 2 0 1 824 3568 2458
6464 2 2 0 1 2246 3112 2206
6465 2 2 0 1 1807 2771 2770
6466 2 2 0 1 337 3446 335
6467 2 2 0 1 1721 3452 1720
6468 2 2 0 1 1335 3065 3064
6469 2 2 0 1 2318 2941 2317
6470 2 2 0 1 2399 3498 2388
6471 2 2 0 1 2320 2941 2325
6472 2 2 0 1 2928 2929 1530
6473 2 2 0 1 3150 3486 2490
6474 2 2 0 1 1545 3364 1546
6475 2 2 0 1 1106 3461 2469
6476 2 2 0 1 711 3351 743
6477 2 2 0 1 1941 3189 2289
6478 2 2 0 1 212 2497 211
6479 2 2 0 1 134 3473 135
6480 2 2 0 1 1872 3437 2786
6481 2 2 0 1 291 3438 37
6482 2 2 0 1 1799 2949 1796
6483 2 2 0 1 2024 3483 2025
6484 2 2 0 1 245 3470 215
6485 2 2 0 1 2827 2828 2089
6486 2 2 0 1 2393 3541 2155
6487 2 2 0 1 2301 3075 1836
6488 2 2 0 1 2120 3152 3151
6489 2 2 0 1 2817 2818 2085
6490 2 2 0 1 1651 3417 1653
6491 2 2 0 1 1758 3457 2431
6492 2 2 0 1 1040 3433 1391
6493 2 2 0 1 180 3482 179
6494 2 2 0 1 129 3477 130
6495 2 2 0 1 1959 3287 3286
6496 2 2 0 1 1815 3130 1655
6497 2 2 0 1 171 3485 172
6498 2 2 0 1 962 3418 1010
6499 2 2 0 1 2842 2843 2841
6500 2 2 0 1 2275 3468 1958
6501 2 2 0 1 392 3500 391
6502 2 2 0 1 1795 2949 2738
6503 2 2 0 1 2462 3742 1222
6504 2 2 0 1 2967 2991 2969
6505 2 2 0 1 1364 3179 1698
6506 2 2 0 1 2335 3513 2834
6507 2 2 0 1 1491 3394 1557
6508 2 2 0 1 247 3494 144
6509 2 2 0 1 831 3170 965
6510 2 2 0 1 3402 3536 3327
6511 2 2 0 1 740 3107 624
6512 2 2 0 1 823 2891 327
6513 2 2 0 1 2743 3012 3011
6514 2 2 0 1 325 2891 1343
6515 2 2 0 1 2839 2840 2154
6516 2 2 0 1 238 3110 187
6517 2 2 0 1 2659 2683 2660
6518 2 2 0 1 904 3256 900
6519 2 2 0 1 2041 3469 2511
6520 2 2 0 1 215 3470 214
6521 2 2 0 1 166 3491 167
6522 2 2 0 1 3217 3467 3067
6523 2 2 0 1 2336 3493 2031
6524 2 2 0 1 2038 3499 2141
6525 2 2 0 1 3527 3775 3417
6526 2 2 0 1 1976 3293 1529
6527 2 2 0 1 442 3465 444
6528 2 2 0 1 158 3503 159
6529 2 2 0 1 3317 3464 2424
6530 2 2 0 1 1664 3116 2102
6531 2 2 0 1 1188 3267 1186
6532 2 2 0 1 2611 3577 2143
6533 2 2 0 1 3468 3480 1958
6534 2 2 0 1 952 3560 3173
6535 2 2 0 1 2999 3000 1042
6536 2 2 0 1 190 2272 189
6537 2 2 0 1 2490 3486 2387
6538 2 2 0 1 2211 3735 2186
6539 2 2 0 1 1967 2701 2700
6540 2 2 0 1 81 3563 82
6541 2 2 0 1 37 3438 36
6542 2 2 0 1 1656 3130 2866
6543 2 2 0 1 2396 3517 2376
6544 2 2 0 1 932 2858 825
6545 2 2 0 1 1773 2878 2161
6546 2 2 0 1 2147 2950 2303
6547 2 2 0 1 648 3107 3060
6548 2 2 0 1 2588 3512 1953
6549 2 2 0 1 2212 3490 2181
6550 2 2 0 1 119 3506 120
6551 2 2 0 1 3361 3536 1342
6552 2 2 0 1 1959 3286 1848
6553 2 2 0 1 1511 3578 2470
6554 2 2 0 1 837 2967 994
6555 2 2 0 1 2010 3507 3475
6556 2 2 0 1 121 3502 122
6557 2 2 0 1 179 3482 259
6558 2 2 0 1 1958 3480 1320
6559 2 2 0 1 294 3478 213
6560 2 2 0 1 299 3482 180
6561 2 2 0 1 2451 3615 288
6562 2 2 0 1 172 3485 300
6563 2 2 0 1 2836 3547 1621
6564 2 2 0 1 955 3111 956
6565 2 2 0 1 1419 3509 1418
6566 2 2 0 1 478 3474 483
6567 2 2 0 1 2010 3475 3193
6568 2 2 0 1 1981 2782 2780
6569 2 2 0 1 273 3485 171
6570 2 2 0 1 3464 3476 2424
6571 2 2 0 1 213 3478 212
6572 2 2 0 1 214 3470 294
6573 2 2 0 1 2134 3488 2648
6574 2 2 0 1 2380 3639 2382
6575 2 2 0 1 1687 3519 3076
6576 2 2 0 1 2434 3639 2380
6577 2 2 0 1 1306 3533 1264
6578 2 2 0 1 2658 3416 3166
6579 2 2 0 1 1007 3524 332
6580 2 2 0 1 626 3467 668
6581 2 2 0 1 1610 3150 1373
6582 2 2 0 1 2142 3202 1806
6583 2 2 0 1 3166 3474 2658
6584 2 2 0 1 2124 3534 3022
6585 2 2 0 1 2148 3479 2265
6586 2 2 0 1 2254 3765 3685
6587 2 2 0 1 2376 3517 1751
6588 2 2 0 1 167 3491 261
6589 2 2 0 1 184 3487 183
6590 2 2 0 1 303 3491 166
6591 2 2 0 1 654 3525 398
6592 2 2 0 1 1933 3516 3372
6593 2 2 0 1 699 3515 659
6594 2 2 0 1 2053 3481 1871
6595 2 2 0 1 144 3494 145
6596 2 2 0 1 3234 3464 3317
6597 2 2 0 1 3277 3472 1635
6598 2 2 0 1 3235 3517 2036
6599 2 2 0 1 2894 3222 1897
6600 2 2 0 1 2157 3471 1762
6601 2 2 0 1 2424 3476 2425
6602 2 2 0 1 3202 3540 1946
6603 2 2 0 1 2639 2691 2638
6604 2 2 0 1 1398 3511 3127
6605 2 2 0 1 183 3487 244
6606 2 2 0 1 2555 3530 2551
6607 2 2 0 1 2317 2941 2320
6608 2 2 0 1 961 3418 962
6609 2 2 0 1 2189 3742 2462
6610 2 2 0 1 302 3487 184
6611 2 2 0 1 3411 3496 3353
6612 2 2 0 1 1768 3542 2520
6613 2 2 0 1 159 3503 276
6614 2 2 0 1 1735 3532 1736
6615 2 2 0 1 1739 3532 1754
6616 2 2 0 1 70 3484 71
6617 2 2 0 1 1644 3516 3393
6618 2 2 0 1 186 3489 185
6619 2 2 0 1 1723 3534 3268
6620 2 2 0 1 2123 3534 2124
6621 2 2 0 1 2969 2991 2984
6622 2 2 0 1 117 3514 118
6623 2 2 0 1 2025 3483 2375
6624 2 2 0 1 1725 3520 1855
6625 2 2 0 1 185 3489 302
6626 2 2 0 1 120 3506 306
6627 2 2 0 1 538 3528 740
6628 2 2 0 1 3110 3489 186
6629 2 2 0 1 3476 3492 2425
6630 2 2 0 1 1974 3544 2149
6631 2 2 0 1 135 3473 295
6632 2 2 0 1 1796 2949 1795
6633 2 2 0 1 396 3500 392
6634 2 2 0 1 3537 3778 3770
6635 2 2 0 1 2725 3786 2385
6636 2 2 0 1 1655 3130 1656
6637 2 2 0 1 269 3506 119
6638 2 2 0 1 1960 3417 1651
6639 2 2 0 1 253 3648 3550
6640 2 2 0 1 1716 3504 3389
6641 2 2 0 1 2334 3548 3333
6642 2 2 0 1 3462 3477 129
6643 2 2 0 1 1984 3579 2304
6644 2 2 0 1 327 2891 325
6645 2 2 0 1 194 3505 235
6646 2 2 0 1 2139 3558 3063
6647 2 2 0 1 1538 3549 1539
6648 2 2 0 1 3541 3705 2155
6649 2 2 0 1 3368 3562 720
6650 2 2 0 1 3067 3431 3217
6651 2 2 0 1 203 3495 202
6652 2 2 0 1 2036 3518 2485
6653 2 2 0 1 2425 3492 2560
6654 2 2 0 1 1211 3556 3354
6655 2 2 0 1 3602 3735 293
6656 2 2 0 1 2457 3499 2038
6657 2 2 0 1 2173 3645 3424
6658 2 2 0 1 2215 3564 1811
6659 2 2 0 1 2388 3498 2816
6660 2 2 0 1 2190 3697 3199
6661 2 2 0 1 1965 3553 2285
6662 2 2 0 1 191 3501 275
6663 2 2 0 1 192 3501 191
6664 2 2 0 1 624 3107 648
6665 2 2 0 1 202 3495 279
6666 2 2 0 1 3529 3800 2610
6667 2 2 0 1 1398 3533 3511
6668 2 2 0 1 312 3551 126
6669 2 2 0 1 720 3562 2582
6670 2 2 0 1 2513 3565 2514
6671 2 2 0 1 2032 3568 2337
6672 2 2 0 1 542 3554 339
6673 2 2 0 1 118 3514 269
6674 2 2 0 1 1696 3552 1695
6675 2 2 0 1 2278 3553 3362
6676 2 2 0 1 127 3551 283
6677 2 2 0 1 824 3555 465
6678 2 2 0 1 2653 3564 2654
6679 2 2 0 1 3402 3575 2159
6680 2 2 0 1 199 3508 233
6681 2 2 0 1 200 3508 199
6682 2 2 0 1 2458 3568 3123
6683 2 2 0 1 2364 3748 3646
6684 2 2 0 1 281 3521 104
6685 2 2 0 1 748 3565 2513
6686 2 2 0 1 317 3551 312
6687 2 2 0 1 690 3496 3411
6688 2 2 0 1 1710 3567 2925
6689 2 2 0 1 1859 3547 1860
6690 2 2 0 1 3671 3684 671
6691 2 2 0 1 979 3565 768
6692 2 2 0 1 1219 3588 2492
6693 2 2 0 1 114 3526 115
6694 2 2 0 1 1953 3512 2430
6695 2 2 0 1 396 3525 3500
6696 2 2 0 1 2337 3584 3215
6697 2 2 0 1 3184 3592 661
6698 2 2 0 1 2171 3560 2997
6699 2 2 0 1 1626 3570 1567
6700 2 2 0 1 1621 3569 1462
6701 2 2 0 1 195 3505 194
6702 2 2 0 1 3389 3504 2543
6703 2 2 0 1 2866 3611 2297
6704 2 2 0 1 2187 3579 2603
6705 2 2 0 1 1962 3571 2156
6706 2 2 0 1 44 3510 241
6707 2 2 0 1 1229 3573 402
6708 2 2 0 1 2261 3519 1687
6709 2 2 0 1 400 3573 654
6710 2 2 0 1 1418 3509 1727
6711 2 2 0 1 3348 3575 1571
6712 2 2 0 1 690 3515 3496
6713 2 2 0 1 2834 3513 1954
6714 2 2 0 1 1303 3581 1306
6715 2 2 0 1 45 3510 44
6716 2 2 0 1 2259 3654 2257
6717 2 2 0 1 31 3779 2309
6718 2 2 0 1 2891 3680 1343
6719 2 2 0 1 1929 3590 2290
6720 2 2 0 1 2203 3558 2140
6721 2 2 0 1 2548 3624 1237
6722 2 2 0 1 337 3554 3446
6723 2 2 0 1 3537 3770 243
6724 2 2 0 1 336 3580 764
6725 2 2 0 1 275 3657 2272
6726 2 2 0 1 104 3521 105
6727 2 2 0 1 304 3505 195
6728 2 2 0 1 2470 3578 1964
6729 2 2 0 1 18 3654 17
6730 2 2 0 1 162 3545 256
6731 2 2 0 1 3698 3757 294
6732 2 2 0 1 2438 3764 2439
6733 2 2 0 1 2662 3566 2663
6734 2 2 0 1 2470 3122 1511
6735 2 2 0 1 2668 3566 2665
6736 2 2 0 1 2243 3763 3755
6737 2 2 0 1 2173 3660 3645
6738 2 2 0 1 1961 3621 2158
6739 2 2 0 1 1264 3533 1398
6740 2 2 0 1 2329 3598 2328
6741 2 2 0 1 276 3582 3409
6742 2 2 0 1 2557 3605 229
6743 2 2 0 1 3215 3584 455
6744 2 2 0 1 115 3526 260
6745 2 2 0 1 332 3524 334
6746 2 2 0 1 3335 3641 1008
6747 2 2 0 1 308 3526 114
6748 2 2 0 1 1428 3664 2434
6749 2 2 0 1 3309 3640 1216
6750 2 2 0 1 1515 3588 1219
6751 2 2 0 1 2197 3763 2243
6752 2 2 0 1 3274 3557 3275
6753 2 2 0 1 1751 3517 3235
6754 2 2 0 1 398 3525 396
6755 2 2 0 1 3253 3587 1989
6756 2 2 0 1 71 3522 72
6757 2 2 0 1 659 3515 690
6758 2 2 0 1 3173 3560 2171
6759 2 2 0 1 3424 3611 3130
6760 2 2 0 1 3372 3516 1644
6761 2 2 0 1 268 3610 84
6762 2 2 0 1 3471 3497 277
6763 2 2 0 1 3656 3796 2402
6764 2 2 0 1 462 3584 824
6765 2 2 0 1 3353 3539 1643
6766 2 2 0 1 431 3597 3164
6767 2 2 0 1 2102 3582 2774
6768 2 2 0 1 2503 3523 2332
6769 2 2 0 1 2003 3594 2202
6770 2 2 0 1 1392 3591 1661
6771 2 2 0 1 3485 3733 3614
6772 2 2 0 1 1991 3597 2368
6773 2 2 0 1 2721 3567 1710
6774 2 2 0 1 212 3478 2497
6775 2 2 0 1 2276 3616 2565
6776 2 2 0 1 2485 3518 2813
6777 2 2 0 1 3078 3595 3079
6778 2 2 0 1 51 3537 50
6779 2 2 0 1 2232 3612 2868
6780 2 2 0 1 243 3730 3662
6781 2 2 0 1 839 3583 2450
6782 2 2 0 1 64 3529 265
6783 2 2 0 1 2575 3668 2574
6784 2 2 0 1 3031 3634 2211
6785 2 2 0 1 2285 3595 1966
6786 2 2 0 1 1074 3618 2436
6787 2 2 0 1 1970 3603 2342
6788 2 2 0 1 2393 3701 248
6789 2 2 0 1 1216 3644 3309
6790 2 2 0 1 1754 3599 2470
6791 2 2 0 1 235 3559 193
6792 2 2 0 1 108 3531 307
6793 2 2 0 1 3526 3527 260
6794 2 2 0 1 2215 3741 3531
6795 2 2 0 1 2933 3649 1343
6796 2 2 0 1 3327 3536 3328
6797 2 2 0 1 318 3604 2196
6798 2 2 0 1 3448 3688 2251
6799 2 2 0 1 139 3572 140
6800 2 2 0 1 3246 3607 3249
6801 2 2 0 1 3280 3607 3247
6802 2 2 0 1 161 3545 162
6803 2 2 0 1 2056 3606 2496
6804 2 2 0 1 107 3531 108
6805 2 2 0 1 1992 3615 2451
6806 2 2 0 1 2288 3637 2287
6807 2 2 0 1 2191 3725 3033
6808 2 2 0 1 1736 3532 1739
6809 2 2 0 1 2503 3561 3523
6810 2 2 0 1 3268 3534 2123
6811 2 2 0 1 238 3729 2602
6812 2 2 0 1 410 3608 407
6813 2 2 0 1 404 3608 1229
6814 2 2 0 1 50 3537 243
6815 2 2 0 1 311 3541 57
6816 2 2 0 1 305 3723 2307
6817 2 2 0 1 132 3766 2327
6818 2 2 0 1 671 3684 3044
6819 2 2 0 1 2033 3635 2227
6820 2 2 0 1 2158 3621 3514
6821 2 2 0 1 2573 3612 2575
6822 2 2 0 1 2019 3520 1725
6823 2 2 0 1 310 3537 51
6824 2 2 0 1 249 3531 107
6825 2 2 0 1 2514 3019 2235
6826 2 2 0 1 3470 3698 294
6827 2 2 0 1 480 3528 538
6828 2 2 0 1 57 3541 56
6829 2 2 0 1 216 3589 245
6830 2 2 0 1 65 3529 64
6831 2 2 0 1 2239 3577 3576
6832 2 2 0 1 2268 3620 2136
6833 2 2 0 1 2137 3620 2167
6834 2 2 0 1 254 3602 92
6835 2 2 0 1 62 3535 309
6836 2 2 0 1 2891 3708 3680
6837 2 2 0 1 1455 3609 1198
6838 2 2 0 1 1975 3544 1974
6839 2 2 0 1 2192 3804 2187
6840 2 2 0 1 1540 3603 3390
6841 2 2 0 1 2197 3769 3763
6842 2 2 0 1 2301 3606 3075
6843 2 2 0 1 1643 3539 3361
6844 2 2 0 1 2180 3710 2749
6845 2 2 0 1 2565 3616 1367
6846 2 2 0 1 2436 3609 2564
6847 2 2 0 1 93 3602 293
6848 2 2 0 1 3227 3542 1768
6849 2 2 0 1 126 3551 127
6850 2 2 0 1 2774 3772 2776
6851 2 2 0 1 63 3535 62
6852 2 2 0 1 2514 3565 3019
6853 2 2 0 1 3346 3769 2197
6854 2 2 0 1 3409 3582 3116
6855 2 2 0 1 3570 3703 1567
6856 2 2 0 1 1237 3624 412
6857 2 2 0 1 409 3624 410
6858 2 2 0 1 1198 3618 1069
6859 2 2 0 1 1071 3618 1074
6860 2 2 0 1 382 3640 3392
6861 2 2 0 1 309 3546 61
6862 2 2 0 1 2146 3586 2166
6863 2 2 0 1 3587 3751 3311
6864 2 2 0 1 1971 3627 2218
6865 2 2 0 1 2143 3577 2239
6866 2 2 0 1 61 3546 60
6867 2 2 0 1 253 3550 59
6868 2 2 0 1 297 3529 65
6869 2 2 0 1 2129 3617 2130
6870 2 2 0 1 265 3535 63
6871 2 2 0 1 764 3611 3424
6872 2 2 0 1 3333 3548 1963
6873 2 2 0 1 1860 3547 2836
6874 2 2 0 1 2156 3623 2998
6875 2 2 0 1 2462 3774 2358
6876 2 2 0 1 236 3585 204
6877 2 2 0 1 2442 3677 230
6878 2 2 0 1 3079 3625 2001
6879 2 2 0 1 1266 3617 3395
6880 2 2 0 1 59 3550 58
6881 2 2 0 1 2290 3590 2295
6882 2 2 0 1 480 3555 3528
6883 2 2 0 1 2874 3646 1430
6884 2 2 0 1 314 3793 2267
6885 2 2 0 1 60 3546 253
6886 2 2 0 1 2230 3614 1967
6887 2 2 0 1 3524 3580 334
6888 2 2 0 1 3027 3648 2217
6889 2 2 0 1 1539 3549 1713
6890 2 2 0 1 3459 3589 217
6891 2 2 0 1 3383 3653 2397
6892 2 2 0 1 17 3699 16
6893 2 2 0 1 1008 3641 912
6894 2 2 0 1 3033 3725 301
6895 2 2 0 1 3354 3556 2008
6896 2 2 0 1 1216 3640 384
6897 2 2 0 1 2564 3609 1686
6898 2 2 0 1 8 3619 228
6899 2 2 0 1 2022 3633 319
6900 2 2 0 1 2433 3562 3368
6901 2 2 0 1 2547 3643 2545
6902 2 2 0 1 150 3598 151
6903 2 2 0 1 2397 3653 3453
6904 2 2 0 1 914 3641 3396
6905 2 2 0 1 192 3559 3501
6906 2 2 0 1 3309 3644 3308
6907 2 2 0 1 3273 3557 3274
6908 2 2 0 1 296 3811 2357
6909 2 2 0 1 58 3550 311
6910 2 2 0 1 333 3642 331
6911 2 2 0 1 3032 3744 3031
6912 2 2 0 1 3124 3561 1800
6913 2 2 0 1 2494 3735 3602
6914 2 2 0 1 764 3645 338
6915 2 2 0 1 3015 3643 1237
6916 2 2 0 1 2195 3646 1813
6917 2 2 0 1 2545 3643 2113
6918 2 2 0 1 193 3559 192
6919 2 2 0 1 2255 3628 274
6920 2 2 0 1 260 3596 116
6921 2 2 0 1 3548 3571 1963
6922 2 2 0 1 3311 3651 1995
6923 2 2 0 1 256 3752 2592
6924 2 2 0 1 465 3555 480
6925 2 2 0 1 2159 3575 3348
6926 2 2 0 1 1695 3552 2280
6927 2 2 0 1 3362 3553 1965
6928 2 2 0 1 339 3554 337
6929 2 2 0 1 295 3638 136
6930 2 2 0 1 2007 3657 3255
6931 2 2 0 1 42 3613 298
6932 2 2 0 1 1946 3540 2058
6933 2 2 0 1 137 3638 258
6934 2 2 0 1 3122 3599 796
6935 2 2 0 1 3424 3645 764
6936 2 2 0 1 94 3634 95
6937 2 2 0 1 2164 3808 3648
6938 2 2 0 1 1811 3564 2653
6939 2 2 0 1 1343 3680 2933
6940 2 2 0 1 2603 3579 1984
6941 2 2 0 1 1997 3651 3448
6942 2 2 0 1 3556 3574 2008
6943 2 2 0 1 241 3613 43
6944 2 2 0 1 2439 3661 2196
6945 2 2 0 1 82 3669 83
6946 2 2 0 1 2340 3797 3494
6947 2 2 0 1 246 3622 157
6948 2 2 0 1 1343 3649 323
6949 2 2 0 1 321 3649 2022
6950 2 2 0 1 341 3650 542
6951 2 2 0 1 1256 3650 343
6952 2 2 0 1 2010 3569 3507
6953 2 2 0 1 234 3563 81
6954 2 2 0 1 143 3636 247
6955 2 2 0 1 3123 3568 2032
6956 2 2 0 1 1211 3769 3556
6957 2 2 0 1 2080 3658 2795
6958 2 2 0 1 768 3565 748
6959 2 2 0 1 267 3681 29
6960 2 2 0 1 3361 3539 3536
6961 2 2 0 1 250 3665 2355
6962 2 2 0 1 1956 3570 1626
6963 2 2 0 1 12 3793 314
6964 2 2 0 1 1462 3569 2010
6965 2 2 0 1 31 3675 30
6966 2 2 0 1 3495 3585 3227
6967 2 2 0 1 322 3661 1708
6968 2 2 0 1 3449 3636 142
6969 2 2 0 1 2196 3661 320
6970 2 2 0 1 1960 3631 3417
6971 2 2 0 1 278 3637 147
6972 2 2 0 1 140 3572 272
6973 2 2 0 1 342 3660 671
6974 2 2 0 1 2018 3671 2173
6975 2 2 0 1 1963 3571 1962
6976 2 2 0 1 203 3585 3495
6977 2 2 0 1 311 3705 3541
6978 2 2 0 1 207 3628 206
6979 2 2 0 1 2394 3774 435
6980 2 2 0 1 2450 3583 2299
6981 2 2 0 1 3417 3631 3527
6982 2 2 0 1 402 3573 400
6983 2 2 0 1 3110 3803 3109
6984 2 2 0 1 2299 3583 3095
6985 2 2 0 1 1571 3575 1715
6986 2 2 0 1 1650 3581 1303
6987 2 2 0 1 2008 3574 2210
6988 2 2 0 1 435 3788 2394
6989 2 2 0 1 117 3596 3514
6990 2 2 0 1 2702 3733 273
6991 2 2 0 1 3563 3804 2192
6992 2 2 0 1 3527 3631 260
6993 2 2 0 1 2270 3767 2385
6994 2 2 0 1 2229 3664 1697
6995 2 2 0 1 1365 3664 1428
6996 2 2 0 1 2140 3558 2139
6997 2 2 0 1 3448 3651 304
6998 2 2 0 1 3536 3539 3328
6999 2 2 0 1 3507 3569 2283
7000 2 2 0 1 2681 3704 2680
7001 2 2 0 1 2402 3796 261
7002 2 2 0 1 158 3622 3503
7003 2 2 0 1 2302 3586 2146
7004 2 2 0 1 1222 3761 2462
7005 2 2 0 1 2030 3666 2208
7006 2 2 0 1 2933 3680 2323
7007 2 2 0 1 255 3666 3444
7008 2 2 0 1 3598 3678 151
7009 2 2 0 1 334 3580 336
7010 2 2 0 1 27 3726 237
7011 2 2 0 1 3501 3559 3254
7012 2 2 0 1 1964 3578 2862
7013 2 2 0 1 292 3758 2797
7014 2 2 0 1 2901 3629 1352
7015 2 2 0 1 301 3806 3033
7016 2 2 0 1 246 3686 3324
7017 2 2 0 1 3033 3806 232
7018 2 2 0 1 2665 3566 2662
7019 2 2 0 1 170 3656 273
7020 2 2 0 1 1352 3629 2367
7021 2 2 0 1 80 3722 234
7022 2 2 0 1 2674 3670 2670
7023 2 2 0 1 2667 3670 2668
7024 2 2 0 1 1975 3716 2747
7025 2 2 0 1 2598 3725 2191
7026 2 2 0 1 109 3626 110
7027 2 2 0 1 2169 3677 2442
7028 2 2 0 1 2174 3677 2170
7029 2 2 0 1 2225 3667 3444
7030 2 2 0 1 1989 3587 3311
7031 2 2 0 1 2208 3691 2151
7032 2 2 0 1 661 3592 3280
7033 2 2 0 1 2239 3718 2163
7034 2 2 0 1 2592 3717 256
7035 2 2 0 1 66 3576 297
7036 2 2 0 1 2364 3632 2361
7037 2 2 0 1 453 3728 2489
7038 2 2 0 1 3444 3666 2903
7039 2 2 0 1 3514 3596 2158
7040 2 2 0 1 290 3793 13
7041 2 2 0 1 1760 3588 1515
7042 2 2 0 1 116 3596 117
7043 2 2 0 1 2144 3690 2132
7044 2 2 0 1 204 3585 203
7045 2 2 0 1 2725 3767 1443
7046 2 2 0 1 2162 3701 2393
7047 2 2 0 1 1708 3807 2853
7048 2 2 0 1 796 3599 2556
7049 2 2 0 1 3502 3619 122
7050 2 2 0 1 279 3663 201
7051 2 2 0 1 2644 3600 1978
7052 2 2 0 1 455 3584 462
7053 2 2 0 1 2455 3621 1961
7054 2 2 0 1 3046 3703 3570
7055 2 2 0 1 3626 3682 110
7056 2 2 0 1 279 3707 3228
7057 2 2 0 1 248 3601 54
7058 2 2 0 1 3613 3690 298
7059 2 2 0 1 1510 3591 1392
7060 2 2 0 1 2257 3694 2194
7061 2 2 0 1 3164 3597 1991
7062 2 2 0 1 3471 3760 3042
7063 2 2 0 1 270 3798 2746
7064 2 2 0 1 2357 3718 296
7065 2 2 0 1 2577 3697 1654
7066 2 2 0 1 3004 3697 2190
7067 2 2 0 1 2005 3594 2003
7068 2 2 0 1 217 3589 216
7069 2 2 0 1 2153 3705 2164
7070 2 2 0 1 286 3600 2644
7071 2 2 0 1 3075 3606 2056
7072 2 2 0 1 254 3791 3602
7073 2 2 0 1 1561 3703 1945
7074 2 2 0 1 2168 3700 2204
7075 2 2 0 1 316 3604 318
7076 2 2 0 1 3183 3812 3184
7077 2 2 0 1 1966 3595 3078
7078 2 2 0 1 139 3714 3572
7079 2 2 0 1 239 3598 150
7080 2 2 0 1 232 3744 3032
7081 2 2 0 1 3046 3712 463
7082 2 2 0 1 113 3659 308
7083 2 2 0 1 2639 3615 1992
7084 2 2 0 1 255 3659 112
7085 2 2 0 1 277 3760 3471
7086 2 2 0 1 3513 3665 1954
7087 2 2 0 1 3116 3582 2102
7088 2 2 0 1 2355 3665 3513
7089 2 2 0 1 2324 3692 2931
7090 2 2 0 1 2917 3737 2289
7091 2 2 0 1 3556 3769 3346
7092 2 2 0 1 2357 3811 259
7093 2 2 0 1 176 3674 4
7094 2 2 0 1 2253 3790 1938
7095 2 2 0 1 3551 3633 283
7096 2 2 0 1 1978 3600 1977
7097 2 2 0 1 152 3678 277
7098 2 2 0 1 3247 3607 3246
7099 2 2 0 1 3127 3716 1975
7100 2 2 0 1 3109 3803 1985
7101 2 2 0 1 3226 3707 3227
7102 2 2 0 1 240 3685 210
7103 2 2 0 1 3444 3659 255
7104 2 2 0 1 49 3662 48
7105 2 2 0 1 3390 3603 1970
7106 2 2 0 1 3780 3782 2246
7107 2 2 0 1 349 3728 453
7108 2 2 0 1 103 3673 281
7109 2 2 0 1 1222 3728 351
7110 2 2 0 1 3591 3623 2156
7111 2 2 0 1 2932 3593 2933
7112 2 2 0 1 2205 3780 2246
7113 2 2 0 1 1522 3773 1763
7114 2 2 0 1 2747 3605 2557
7115 2 2 0 1 2142 3689 3202
7116 2 2 0 1 1532 3802 1533
7117 2 2 0 1 53 3601 2847
7118 2 2 0 1 156 3686 246
7119 2 2 0 1 2314 3745 2326
7120 2 2 0 1 305 3686 155
7121 2 2 0 1 1293 3788 359
7122 2 2 0 1 288 3615 2820
7123 2 2 0 1 92 3602 93
7124 2 2 0 1 407 3608 404
7125 2 2 0 1 2345 3734 2160
7126 2 2 0 1 1935 3782 3365
7127 2 2 0 1 309 3635 3546
7128 2 2 0 1 2253 3802 3790
7129 2 2 0 1 1955 3805 1665
7130 2 2 0 1 2672 3750 2674
7131 2 2 0 1 233 3688 198
7132 2 2 0 1 2489 3742 2188
7133 2 2 0 1 362 3755 364
7134 2 2 0 1 54 3601 53
7135 2 2 0 1 3198 3706 1256
7136 2 2 0 1 331 3777 329
7137 2 2 0 1 2654 3762 2009
7138 2 2 0 1 353 3761 1222
7139 2 2 0 1 435 3761 355
7140 2 2 0 1 2222 3774 2394
7141 2 2 0 1 2217 3635 2033
7142 2 2 0 1 2198 3771 2205
7143 2 2 0 1 278 3797 2340
7144 2 2 0 1 122 3619 8
7145 2 2 0 1 823 3708 2891
7146 2 2 0 1 1944 3809 2901
7147 2 2 0 1 258 3714 138
7148 2 2 0 1 3112 3795 3182
7149 2 2 0 1 1015 3747 360
7150 2 2 0 1 2361 3632 2360
7151 2 2 0 1 301 3702 99
7152 2 2 0 1 357 3788 435
7153 2 2 0 1 2868 3612 2573
7154 2 2 0 1 2592 3752 2213
7155 2 2 0 1 3292 3724 1956
7156 2 2 0 1 200 3663 3508
7157 2 2 0 1 173 3720 174
7158 2 2 0 1 2844 3701 2841
7159 2 2 0 1 1679 3810 1955
7160 2 2 0 1 3063 3759 2811
7161 2 2 0 1 106 3683 249
7162 2 2 0 1 100 3702 242
7163 2 2 0 1 177 3811 296
7164 2 2 0 1 1956 3724 3712
7165 2 2 0 1 175 3719 5
7166 2 2 0 1 2610 3800 2611
7167 2 2 0 1 111 3682 255
7168 2 2 0 1 2136 3620 2137
7169 2 2 0 1 1686 3609 1455
7170 2 2 0 1 1650 3771 3759
7171 2 2 0 1 43 3613 42
7172 2 2 0 1 3040 3767 2270
7173 2 2 0 1 164 3721 165
7174 2 2 0 1 163 3717 164
7175 2 2 0 1 3130 3611 2866
7176 2 2 0 1 3045 3696 3046
7177 2 2 0 1 3771 3780 2205
7178 2 2 0 1 3795 3805 3182
7179 2 2 0 1 132 3746 133
7180 2 2 0 1 206 3715 205
7181 2 2 0 1 157 3622 158
7182 2 2 0 1 5 3719 67
7183 2 2 0 1 95 3744 96
7184 2 2 0 1 263 3699 2438
7185 2 2 0 1 1367 3616 2017
7186 2 2 0 1 2157 3723 3471
7187 2 2 0 1 146 3797 278
7188 2 2 0 1 98 3806 301
7189 2 2 0 1 84 3610 85
7190 2 2 0 1 261 3689 2563
7191 2 2 0 1 3292 3732 3724
7192 2 2 0 1 3494 3753 2340
7193 2 2 0 1 188 3729 238
7194 2 2 0 1 3227 3707 3495
7195 2 2 0 1 1955 3812 3805
7196 2 2 0 1 149 3731 239
7197 2 2 0 1 412 3624 409
7198 2 2 0 1 2022 3676 3633
7199 2 2 0 1 2304 3722 2305
7200 2 2 0 1 2212 3791 3490
7201 2 2 0 1 2329 3678 3598
7202 2 2 0 1 2288 3731 3637
7203 2 2 0 1 1069 3618 1071
7204 2 2 0 1 271 3766 131
7205 2 2 0 1 1935 3795 3782
7206 2 2 0 1 232 3806 97
7207 2 2 0 1 3453 3653 291
7208 2 2 0 1 259 3811 178
7209 2 2 0 1 2998 3623 3307
7210 2 2 0 1 261 3796 168
7211 2 2 0 1 2243 3627 1971
7212 2 2 0 1 3409 3776 276
7213 2 2 0 1 3471 3723 3497
7214 2 2 0 1 2608 3672 2610
7215 2 2 0 1 3773 3790 2210
7216 2 2 0 1 3623 3630 3307
7217 2 2 0 1 242 3702 3479
7218 2 2 0 1 3307 3630 3309
7219 2 2 0 1 136 3638 137
7220 2 2 0 1 208 3765 274
7221 2 2 0 1 3395 3617 2129
7222 2 2 0 1 3544 3798 270
7223 2 2 0 1 2518 3628 2255
7224 2 2 0 1 142 3636 143
7225 2 2 0 1 276 3776 160
7226 2 2 0 1 2610 3672 265
7227 2 2 0 1 274 3628 207
7228 2 2 0 1 147 3637 148
7229 2 2 0 1 2001 3625 2000
7230 2 2 0 1 289 3801 3439
7231 2 2 0 1 2158 3631 1960
7232 2 2 0 1 1510 3630 3623
7233 2 2 0 1 2622 3732 3292
7234 2 2 0 1 307 3626 109
7235 2 2 0 1 2383 3711 3600
7236 2 2 0 1 441 3739 3270
7237 2 2 0 1 2593 3717 2592
7238 2 2 0 1 2356 3690 3613
7239 2 2 0 1 823 3745 3708
7240 2 2 0 1 2940 3718 2357
7241 2 2 0 1 2208 3682 3626
7242 2 2 0 1 48 3781 47
7243 2 2 0 1 319 3633 317
7244 2 2 0 1 2218 3743 2220
7245 2 2 0 1 912 3641 914
7246 2 2 0 1 3572 3714 2674
7247 2 2 0 1 3602 3791 2494
7248 2 2 0 1 2227 3672 2608
7249 2 2 0 1 2164 3648 3027
7250 2 2 0 1 384 3640 382
7251 2 2 0 1 3491 3689 261
7252 2 2 0 1 2470 3599 3122
7253 2 2 0 1 3514 3621 269
7254 2 2 0 1 293 3634 94
7255 2 2 0 1 317 3633 3551
7256 2 2 0 1 1967 3614 2701
7257 2 2 0 1 3570 3712 3046
7258 2 2 0 1 1956 3712 3570
7259 2 2 0 1 4 3576 66
7260 2 2 0 1 2973 3753 3704
7261 2 2 0 1 2749 3710 2748
7262 2 2 0 1 287 3655 2749
7263 2 2 0 1 2574 3668 2577
7264 2 2 0 1 3109 3489 3110
7265 2 2 0 1 1763 3773 3574
7266 2 2 0 1 3521 3762 2654
7267 2 2 0 1 3400 3709 3399
7268 2 2 0 1 3521 3683 105
7269 2 2 0 1 3626 3691 2208
7270 2 2 0 1 707 3642 333
7271 2 2 0 1 2674 3750 3572
7272 2 2 0 1 3308 3644 2006
7273 2 2 0 1 2113 3643 3015
7274 2 2 0 1 3540 3721 2593
7275 2 2 0 1 3574 3773 2210
7276 2 2 0 1 338 3645 340
7277 2 2 0 1 3392 3630 1510
7278 2 2 0 1 3615 3687 2820
7279 2 2 0 1 1813 3646 2874
7280 2 2 0 1 2369 3794 290
7281 2 2 0 1 3255 3792 3254
7282 2 2 0 1 1650 3759 3581
7283 2 2 0 1 1955 3810 3592
7284 2 2 0 1 3644 3652 2006
7285 2 2 0 1 3745 3777 2326
7286 2 2 0 1 1995 3651 1997
7287 2 2 0 1 3635 3787 3546
7288 2 2 0 1 2272 3729 189
7289 2 2 0 1 3645 3660 340
7290 2 2 0 1 2150 3653 3383
7291 2 2 0 1 161 3776 3545
7292 2 2 0 1 3581 3759 3063
7293 2 2 0 1 3653 3695 291
7294 2 2 0 1 169 3656 170
7295 2 2 0 1 3439 3647 257
7296 2 2 0 1 3482 3586 2302
7297 2 2 0 1 323 3649 321
7298 2 2 0 1 2175 3655 2174
7299 2 2 0 1 2639 3687 3615
7300 2 2 0 1 3494 3797 145
7301 2 2 0 1 2006 3652 2047
7302 2 2 0 1 343 3650 341
7303 2 2 0 1 2654 3683 3521
7304 2 2 0 1 252 3711 2383
7305 2 2 0 1 2438 3699 2259
7306 2 2 0 1 3600 3711 1977
7307 2 2 0 1 2079 3658 2080
7308 2 2 0 1 233 3734 2345
7309 2 2 0 1 3592 3810 3280
7310 2 2 0 1 1510 3623 3591
7311 2 2 0 1 112 3659 113
7312 2 2 0 1 3401 3709 302
7313 2 2 0 1 251 3654 18
7314 2 2 0 1 320 3661 322
7315 2 2 0 1 294 3757 3478
7316 2 2 0 1 340 3660 342
7317 2 2 0 1 3627 3747 1015
7318 2 2 0 1 2083 3657 2007
7319 2 2 0 1 3594 3801 289
7320 2 2 0 1 201 3663 200
7321 2 2 0 1 3621 3679 269
7322 2 2 0 1 243 3662 49
7323 2 2 0 1 310 3778 3537
7324 2 2 0 1 1697 3664 1365
7325 2 2 0 1 3254 3792 3501
7326 2 2 0 1 283 3676 3462
7327 2 2 0 1 1954 3665 2195
7328 2 2 0 1 3633 3676 283
7329 2 2 0 1 2583 3671 2018
7330 2 2 0 1 2161 3679 2455
7331 2 2 0 1 2207 3713 3647
7332 2 2 0 1 2455 3679 3621
7333 2 2 0 1 32 3779 31
7334 2 2 0 1 2903 3666 2030
7335 2 2 0 1 303 3721 3540
7336 2 2 0 1 273 3733 3485
7337 2 2 0 1 2562 3655 287
7338 2 2 0 1 2226 3667 2225
7339 2 2 0 1 3647 3713 257
7340 2 2 0 1 83 3669 268
7341 2 2 0 1 2079 3698 3658
7342 2 2 0 1 2747 3798 1975
7343 2 2 0 1 2583 3684 3671
7344 2 2 0 1 102 3673 103
7345 2 2 0 1 4 3674 3576
7346 2 2 0 1 2150 3695 3653
7347 2 2 0 1 2670 3670 2667
7348 2 2 0 1 2499 3698 2079
7349 2 2 0 1 268 3737 3610
7350 2 2 0 1 3254 3756 3253
7351 2 2 0 1 2170 3677 2169
7352 2 2 0 1 151 3678 152
7353 2 2 0 1 2323 3680 2322
7354 2 2 0 1 3412 3749 2202
7355 2 2 0 1 3637 3731 148
7356 2 2 0 1 2499 3757 3698
7357 2 2 0 1 30 3675 267
7358 2 2 0 1 2747 3716 3605
7359 2 2 0 1 2217 3787 3635
7360 2 2 0 1 110 3682 111
7361 2 2 0 1 2363 3748 2364
7362 2 2 0 1 232 3814 3033
7363 2 2 0 1 2165 3713 2207
7364 2 2 0 1 3033 3814 2191
7365 2 2 0 1 3614 3733 2701
7366 2 2 0 1 1256 3706 3668
7367 2 2 0 1 105 3683 106
7368 2 2 0 1 3044 3696 3045
7369 2 2 0 1 3692 3766 271
7370 2 2 0 1 29 3681 28
7371 2 2 0 1 3487 3709 3400
7372 2 2 0 1 155 3686 156
7373 2 2 0 1 1945 3684 2583
7374 2 2 0 1 3253 3756 3587
7375 2 2 0 1 3681 3726 28
7376 2 2 0 1 2955 3762 281
7377 2 2 0 1 2132 3690 2356
7378 2 2 0 1 2151 3691 2641
7379 2 2 0 1 210 3685 209
7380 2 2 0 1 174 3693 175
7381 2 2 0 1 2820 3687 266
7382 2 2 0 1 308 3727 3526
7383 2 2 0 1 3680 3708 2322
7384 2 2 0 1 244 3487 3400
7385 2 2 0 1 198 3688 197
7386 2 2 0 1 2363 3768 3748
7387 2 2 0 1 3676 3740 3462
7388 2 2 0 1 2228 3687 2639
7389 2 2 0 1 296 3674 176
7390 2 2 0 1 269 3679 3506
7391 2 2 0 1 3497 3723 305
7392 2 2 0 1 2563 3689 2142
7393 2 2 0 1 2149 3695 2150
7394 2 2 0 1 3289 3730 1846
7395 2 2 0 1 16 3699 263
7396 2 2 0 1 2797 3758 2165
7397 2 2 0 1 2327 3692 2324
7398 2 2 0 1 299 3586 3482
7399 2 2 0 1 3576 3577 297
7400 2 2 0 1 1654 3697 3004
7401 2 2 0 1 2365 3768 2363
7402 2 2 0 1 2194 3694 2193
7403 2 2 0 1 3572 3750 272
7404 2 2 0 1 2748 3710 2778
7405 2 2 0 1 169 3796 3656
7406 2 2 0 1 3657 3792 3255
7407 2 2 0 1 2973 3704 2681
7408 2 2 0 1 2365 3786 3768
7409 2 2 0 1 2243 3747 3627
7410 2 2 0 1 238 3803 3110
7411 2 2 0 1 2155 3705 2153
7412 2 2 0 1 3576 3674 2239
7413 2 2 0 1 2878 3736 2161
7414 2 2 0 1 3502 3799 2452
7415 2 2 0 1 3199 3706 3198
7416 2 2 0 1 2163 3718 2940
7417 2 2 0 1 67 3719 313
7418 2 2 0 1 3687 3749 266
7419 2 2 0 1 2322 3708 2897
7420 2 2 0 1 3490 3710 2180
7421 2 2 0 1 99 3702 100
7422 2 2 0 1 1567 3703 1561
7423 2 2 0 1 2309 3700 2168
7424 2 2 0 1 2841 3701 2162
7425 2 2 0 1 3228 3707 3226
7426 2 2 0 1 2228 3749 3687
7427 2 2 0 1 3593 3740 3676
7428 2 2 0 1 1977 3711 2229
7429 2 2 0 1 291 3695 3438
7430 2 2 0 1 2385 3786 2365
7431 2 2 0 1 3604 3794 2196
7432 2 2 0 1 3559 3756 3254
7433 2 2 0 1 2265 3725 2598
7434 2 2 0 1 138 3714 139
7435 2 2 0 1 463 3712 3105
7436 2 2 0 1 265 3672 3535
7437 2 2 0 1 3545 3752 256
7438 2 2 0 1 2778 3710 3490
7439 2 2 0 1 2931 3754 2932
7440 2 2 0 1 2340 3753 3543
7441 2 2 0 1 256 3717 163
7442 2 2 0 1 257 3713 3450
7443 2 2 0 1 2452 3799 2878
7444 2 2 0 1 3503 3772 276
7445 2 2 0 1 300 3720 173
7446 2 2 0 1 205 3715 236
7447 2 2 0 1 165 3721 303
7448 2 2 0 1 2165 3758 3713
7449 2 2 0 1 307 3741 3691
7450 2 2 0 1 3661 3764 1708
7451 2 2 0 1 2878 3799 3736
7452 2 2 0 1 1975 3798 3544
7453 2 2 0 1 3495 3707 279
7454 2 2 0 1 3708 3745 2897
7455 2 2 0 1 3712 3724 3105
7456 2 2 0 1 3508 3734 233
7457 2 2 0 1 3691 3741 2641
7458 2 2 0 1 2220 3739 2622
7459 2 2 0 1 79 3722 80
7460 2 2 0 1 3648 3787 2217
7461 2 2 0 1 3705 3808 2164
7462 2 2 0 1 302 3709 3487
7463 2 2 0 1 281 3762 3521
7464 2 2 0 1 3105 3724 3106
7465 2 2 0 1 2307 3723 2157
7466 2 2 0 1 3685 3765 209
7467 2 2 0 1 351 3728 349
7468 2 2 0 1 148 3731 149
7469 2 2 0 1 3724 3732 3106
7470 2 2 0 1 28 3726 27
7471 2 2 0 1 3106 3732 441
7472 2 2 0 1 189 3729 188
7473 2 2 0 1 1846 3730 3258
7474 2 2 0 1 3511 3716 3127
7475 2 2 0 1 3593 3676 2022
7476 2 2 0 1 3311 3751 3651
7477 2 2 0 1 2161 3736 3679
7478 2 2 0 1 229 3779 32
7479 2 2 0 1 2149 3789 3695
7480 2 2 0 1 3399 3709 3401
7481 2 2 0 1 2144 3784 3690
7482 2 2 0 1 2701 3733 2702
7483 2 2 0 1 298 3784 2467
7484 2 2 0 1 3695 3789 3438
7485 2 2 0 1 2652 3803 238
7486 2 2 0 1 2201 3737 2917
7487 2 2 0 1 2641 3741 2215
7488 2 2 0 1 3270 3743 1015
7489 2 2 0 1 3526 3727 3527
7490 2 2 0 1 2005 3801 3594
7491 2 2 0 1 2897 3745 2314
7492 2 2 0 1 2214 3752 3545
7493 2 2 0 1 2188 3742 2189
7494 2 2 0 1 3730 3770 3258
7495 2 2 0 1 133 3746 262
7496 2 2 0 1 3587 3756 235
7497 2 2 0 1 1430 3748 2913
7498 2 2 0 1 96 3744 232
7499 2 2 0 1 2498 3757 2499
7500 2 2 0 1 2932 3754 3740
7501 2 2 0 1 3610 3737 2201
7502 2 2 0 1 360 3747 362
7503 2 2 0 1 266 3749 3412
7504 2 2 0 1 364 3755 367
7505 2 2 0 1 3678 3760 277
7506 2 2 0 1 3759 3771 2200
7507 2 2 0 1 2675 3750 2672
7508 2 2 0 1 276 3772 3582
7509 2 2 0 1 2213 3752 2214
7510 2 2 0 1 2202 3749 2228
7511 2 2 0 1 2611 3800 3577
7512 2 2 0 1 3755 3763 367
7513 2 2 0 1 2811 3759 2200
7514 2 2 0 1 3679 3736 3506
7515 2 2 0 1 3544 3789 2149
7516 2 2 0 1 2009 3762 2955
7517 2 2 0 1 355 3761 353
7518 2 2 0 1 1443 3767 3040
7519 2 2 0 1 2913 3768 2096
7520 2 2 0 1 3343 3769 1211
7521 2 2 0 1 3713 3758 3450
7522 2 2 0 1 209 3765 208
7523 2 2 0 1 3477 3754 271
7524 2 2 0 1 3042 3760 2329
7525 2 2 0 1 3748 3768 2913
7526 2 2 0 1 131 3766 132
7527 2 2 0 1 367 3763 3343
7528 2 2 0 1 1395 3782 3780
7529 2 2 0 1 3768 3786 2096
7530 2 2 0 1 3763 3769 3343
7531 2 2 0 1 3582 3772 2774
7532 2 2 0 1 2187 3804 3579
7533 2 2 0 1 3258 3770 2209
7534 2 2 0 1 3506 3736 306
7535 2 2 0 1 3417 3775 1653
7536 2 2 0 1 2200 3771 2198
7537 2 2 0 1 2358 3774 2222
7538 2 2 0 1 3375 3773 1522
7539 2 2 0 1 160 3776 161
7540 2 2 0 1 329 3777 823
7541 2 2 0 1 2209 3778 2264
7542 2 2 0 1 3667 3727 308
7543 2 2 0 1 3450 3758 292
7544 2 2 0 1 1395 3780 1650
7545 2 2 0 1 3736 3799 306
7546 2 2 0 1 2216 3785 2005
7547 2 2 0 1 3365 3782 1395
7548 2 2 0 1 2096 3786 2725
7549 2 2 0 1 2776 3783 2777
7550 2 2 0 1 2494 3791 2212
7551 2 2 0 1 47 3781 280
7552 2 2 0 1 3462 3740 3477
7553 2 2 0 1 359 3788 357
7554 2 2 0 1 13 3793 12
7555 2 2 0 1 1938 3790 3375
7556 2 2 0 1 145 3797 146
7557 2 2 0 1 2191 3814 3032
7558 2 2 0 1 168 3796 169
7559 2 2 0 1 3770 3778 2209
7560 2 2 0 1 2210 3802 1532
7561 2 2 0 1 2207 3809 1944
7562 2 2 0 1 97 3806 98
7563 2 2 0 1 1665 3805 1935
7564 2 2 0 1 178 3811 177
7565 2 2 0 1 2746 3798 2747
7566 2 2 0 1 2244 3813 2245
7567 2 2 0 1 2258 3807 2438
7568 2 2 0 1 2130 3810 1679
7569 2 2 0 1 1985 3803 2652
7570 2 2 0 1 307 3691 3626
7571 2 2 0 1 1935 3805 3795
7572 2 2 0 1 3438 3789 270
7573 2 2 0 1 3790 3802 2210
7574 2 2 0 1 1650 3780 3771
7575 2 2 0 1 306 3799 3502
7576 2 2 0 1 3182 3812 3183
7577 2 2 0 1 3740 3754 3477
7578 2 2 0 1 246 3783 3622
7579 2 2 0 1 2246 3795 3112
7580 2 2 0 1 3375 3790 3773
7581 2 2 0 1 235 3756 3559
7582 2 2 0 1 3782 3795 2246
7583 2 2 0 1 3531 3741 307
7584 2 2 0 1 2245 3813 3693
7585 2 2 0 1 3647 3785 2207
7586 2 2 0 1 2932 3740 3593
7587 2 2 0 1 304 3751 3505
7588 2 2 0 1 290 3794 3604
7589 2 2 0 1 3805 3812 3182
7590 2 2 0 1 234 3804 3563
7591 2 2 0 1 3501 3792 275
7592 2 2 0 1 3543 3753 2973
7593 2 2 0 1 3579 3804 234
7594 2 2 0 1 2226 3727 3667
7595 2 2 0 1 270 3789 3544
7596 2 2 0 1 3684 3696 3044
7597 2 2 0 1 823 3777 3745
7598 2 2 0 1 3546 3787 253
7599 2 2 0 1 3662 3730 3289
7600 2 2 0 1 275 3792 3657
7601 2 2 0 1 297 3800 3529
7602 2 2 0 1 3668 3706 2577
7603 2 2 0 1 1945 3696 3684
7604 2 2 0 1 3550 3808 311
7605 2 2 0 1 3032 3814 232
7606 2 2 0 1 253 3787 3648
7607 2 2 0 1 3622 3783 2776
7608 2 2 0 1 3693 3719 175
7609 2 2 0 1 2439 3764 3661
7610 2 2 0 1 3651 3751 304
7611 2 2 0 1 3700 3779 229
7612 2 2 0 1 2327 3766 3692
7613 2 2 0 1 2329 3760 3678
7614 2 2 0 1 3439 3801 3647
7615 2 2 0 1 2220 3743 3739
7616 2 2 0 1 3739 3743 3270
7617 2 2 0 1 3690 3784 298
7618 2 2 0 1 2309 3779 3700
7619 2 2 0 1 311 3808 3705
7620 2 2 0 1 3764 3807 1708
7621 2 2 0 1 2438 3807 3764
7622 2 2 0 1 3577 3800 297
7623 2 2 0 1 3785 3809 2207
7624 2 2 0 1 2216 3809 3785
$EndElements
