$MeshFormat
2.2 0 8
$EndMeshFormat
$Nodes
4123
1 0 0 0
2 1 0 0
3 1 1 0
4 0 1 0
5 0.08711432317216777 0 0
6 0.1616188706773921 0 0
7 0.2250902585570353 0 0
8 0.2824199324800703 0 0
9 0.3374700391717865 0 0
10 0.3870676703955414 0 0
11 0.4326622254648259 0 0
12 0.4781281581869505 0 0
13 0.5230154906797158 0 0
14 0.5648990448517776 0 0
15 0.6099160778471818 0 0
16 0.6632260207259387 0 0
17 0.7149366575007448 0 0
18 0.7701882281739943 0 0
19 0.8366928575765759 0 0
20 0.9125537629512666 0 0
21 1 0.08266551236710834 0
22 1 0.1547023878708083 0
23 1 0.2178627809543423 0
24 1 0.2740921327340666 0
25 1 0.3249980238550776 0
26 1 0.3719315402037263 0
27 1 0.4160435019712422 0
28 1 0.4583470034386059 0
29 1 0.4997659158653299 0
30 1 0.5411798305788428 0
31 1 0.5834681448265001 0
32 1 0.6275540349598996 0
33 1 0.6744494330032493 0
34 1 0.725303084139551 0
35 1 0.7814636488432514 0
36 1 0.8445351381304101 0
37 1 0.9164593704105536 0
38 0.911507323726819 1 0
39 0.8347427926208791 1 0
40 0.7692492074760033 1 0
41 0.7121458781655323 1 0
42 0.6591516688275705 1 0
43 0.6114997479694588 1 0
44 0.5669416930212556 1 0
45 0.5219916795278963 1 0
46 0.478612877756915 1 0
47 0.4342858259208959 1 0
48 0.3878873525989763 1 0
49 0.340044727393384 1 0
50 0.2867082364158009 1 0
51 0.228180228347047 1 0
52 0.1581020907178757 1 0
53 0.08314537719813686 1 0
54 0 0.920083970148224 0
55 0 0.8489534259753275 0
56 0 0.7868766285793313 0
57 0 0.7324848994730142 0
58 0 0.6815850546965412 0
59 0 0.6326525693201003 0
60 0 0.586775609496451 0
61 0 0.5429580338910477 0
62 0 0.4995286074853511 0
63 0 0.4561028713070687 0
64 0 0.4116784706546756 0
65 0 0.3654699525585778 0
66 0 0.317094177794341 0
67 0 0.2671266066243344 0
68 0 0.2127154272165651 0
69 0 0.1518251379593242 0
70 0 0.08130382281976833 0
71 0.5011744997388576 0.9615622721429862 0
72 0.4987000910141377 0.04029596711670919 0
73 0.9670301909469365 0.4765498948525266 0
74 0.03867985912323257 0.4764929374426083 0
75 0.9626905480484617 0.6566372995909031 0
76 0.04153007407532244 0.6575320945358506 0
77 0.692606901482208 0.04533874210168165 0
78 0.3075754165424632 0.04121211335473374 0
79 0.6898118070512732 0.9565727455643049 0
80 0.03842590433527898 0.3450211433591605 0
81 0.9626387722817309 0.3507528757854969 0
82 0.3611992208866644 0.9587632039117422 0
83 0.1945656850519385 0.9482500796435381 0
84 0.04861731689105209 0.1830626960858244 0
85 0.9522820396061444 0.8221232314447254 0
86 0.9502125302892925 0.1883967892622088 0
87 0.4098649479301836 0.03943034785418148 0
88 0.05094798053688904 0.7591158485960503 0
89 0.5865891514424723 0.9593268126255057 0
90 0.9660917424202365 0.565263690752966 0
91 0.03040933902497889 0.5653835520900724 0
92 0.5839253039520247 0.03697410666930606 0
93 0.8053816870807835 0.953518241766208 0
94 0.8104211356763471 0.05120991858774526 0
95 0.192816945653251 0.04745888322587521 0
96 0.05591596835197576 0.8743587582717112 0
97 0.2485003986041072 0.9480757963333831 0
98 0.2250455606754867 0.9057182258942693 0
99 0.2657543048963119 0.8988589065257149 0
100 0.2440400464445729 0.8704920503699773 0
101 0.2872155044153497 0.8730398102015157 0
102 0.2696743587031783 0.8440302435286945 0
103 0.2094348127366862 0.8682475173004042 0
104 0.2994722312303679 0.8979808418239551 0
105 0.3137430159017228 0.869443209898813 0
106 0.3267001337677731 0.8919228346657553 0
107 0.3332247798935059 0.8749403407104295 0
108 0.3230706586063544 0.8535525167070322 0
109 0.3492579703825985 0.8835889831991457 0
110 0.3559017798181872 0.8692445664971502 0
111 0.3665666484045845 0.8840520893949788 0
112 0.3714950542627393 0.8713586451687899 0
113 0.3633810139146528 0.8553109516846322 0
114 0.3807476848538669 0.8791015421798474 0
115 0.3865096385213281 0.8696689854744679 0
116 0.3936341974203523 0.8763485496769925 0
117 0.4001357188437629 0.8670674812410208 0
118 0.3921637739948316 0.8592677668556596 0
119 0.405412240792298 0.8757776265091769 0
120 0.4081559892130742 0.8661206494580369 0
121 0.4019431012719333 0.8873763602182188 0
122 0.4149496849877519 0.884510791623365 0
123 0.4107271359817861 0.8990436741541702 0
124 0.4256914141817394 0.8956069550533067 0
125 0.4270243982606867 0.8832661647176427 0
126 0.4381686038401904 0.8891464064842729 0
127 0.4434783900506759 0.8781000558604179 0
128 0.4507109244638793 0.8863057009146945 0
129 0.4528693365006732 0.8749599245848404 0
130 0.4453177702368049 0.8694159965096746 0
131 0.4605148368263652 0.8824665535716693 0
132 0.4614146588590515 0.8733013921086767 0
133 0.4367396277962308 0.9054273284854037 0
134 0.4592065482142195 0.8935575855195435 0
135 0.4704150483119254 0.8889855012552732 0
136 0.3787898698755414 0.8951511765908403 0
137 0.4676278156289002 0.9039408830251232 0
138 0.4810021995962369 0.8971459596547211 0
139 0.4808107223824782 0.8859423857899613 0
140 0.4913358068141389 0.8896877040163891 0
141 0.4947301991854152 0.8791630981584923 0
142 0.5021092081335783 0.8856699993160373 0
143 0.5020968522552656 0.8760707980507443 0
144 0.4845728711846151 0.8737366711219117 0
145 0.5024222378704895 0.8968090537306525 0
146 0.5132153679686081 0.8903304185842302 0
147 0.5133388299339589 0.904012634619394 0
148 0.5250387219306438 0.8965769584253744 0
149 0.5233415752069925 0.8857649930382054 0
150 0.5343510993579541 0.8880457236168009 0
151 0.5354294509902633 0.8792078855435168 0
152 0.5427552626247717 0.8813150621899193 0
153 0.5258101221961672 0.8735818262586905 0
154 0.5385314377226332 0.9035001210302473 0
155 0.5003375696820553 0.9118417511937285 0
156 0.3184513756358194 0.9175047022957442 0
157 0.5160098791139863 0.919715638790368 0
158 0.3433244671903891 0.8553883784096976 0
159 0.3794635479705738 0.8575074977396651 0
160 0.4038810170615557 0.8597741882305472 0
161 0.4107030517389285 0.8592002402726495 0
162 0.4065917453505514 0.8539395448752358 0
163 0.4153380601078153 0.8642661049254552 0
164 0.4171261232331748 0.8578348092673461 0
165 0.4217855701515425 0.8624030756439349 0
166 0.4238903029666791 0.856147792147678 0
167 0.4187473541365006 0.851496238040881 0
168 0.425854689323501 0.8496390650108976 0
169 0.4202088674035528 0.8445189953341457 0
170 0.4271188674552711 0.8437236017604295 0
171 0.4243114673778568 0.8361794171041577 0
172 0.4329774741186204 0.8479588323302851 0
173 0.4342983614752908 0.8398337412803629 0
174 0.4416217979306113 0.845355256704035 0
175 0.4438503009000412 0.8357843273033516 0
176 0.4518343826433342 0.8443036232525036 0
177 0.4543258294124068 0.8330393693907047 0
178 0.4456980726842504 0.8233019325339498 0
179 0.4610208897033452 0.8192945698610146 0
180 0.4475325362772175 0.8069560226218625 0
181 0.4668301693896548 0.8004313857340226 0
182 0.4490961268331246 0.7852255844022421 0
183 0.4721925622383288 0.7790828033481301 0
184 0.4537825247738702 0.7615691605240965 0
185 0.4802878336118231 0.7533023524968212 0
186 0.4590936496231729 0.7319176556860367 0
187 0.4893863400848789 0.7219578479444936 0
188 0.4659218877075815 0.6975039225023398 0
189 0.5024585647489744 0.6854463824291454 0
190 0.4741595558330919 0.6594661473343271 0
191 0.5098399079203479 0.6474097779395178 0
192 0.4818218156304163 0.6202786302728797 0
193 0.5139165672414402 0.6036101521521803 0
194 0.4859612213813657 0.5886847819673309 0
195 0.5226193850486426 0.5787014248528999 0
196 0.5020426529099583 0.5565064269297209 0
197 0.5436995976144141 0.5917133073749351 0
198 0.5551220094026752 0.5670017521115488 0
199 0.4593344335241576 0.59770556928548 0
200 0.5761465445826063 0.583575144089336 0
201 0.5748229473787383 0.5472190898630318 0
202 0.5269825269173795 0.7152733781898499 0
203 0.6071879361447766 0.572285710245299 0
204 0.6092614911074329 0.5365440433691557 0
205 0.5860722681920274 0.5176987720712327 0
206 0.6159989745875925 0.5040220344509675 0
207 0.5881800569480286 0.4924413772759496 0
208 0.6133988749725029 0.4718503449036767 0
209 0.5919667847645802 0.4480673494922667 0
210 0.6196626702624459 0.4351095807443483 0
211 0.5840415468845219 0.4187005039232372 0
212 0.4301091722065282 0.7098769584140492 0
213 0.6215528571004012 0.3974594305632644 0
214 0.5889730653048507 0.3789941917367102 0
215 0.5491042880813376 0.4000800277463206 0
216 0.6490448754438177 0.523035894954706 0
217 0.5592996378999735 0.3537230417404579 0
218 0.5189047663905816 0.3750617178667789 0
219 0.5200081636969551 0.3346083003589036 0
220 0.4838377408706839 0.3539516613986992 0
221 0.6268936617217338 0.3607816945686262 0
222 0.6586998605403633 0.3802230359446526 0
223 0.4855170089238624 0.3130894394443732 0
224 0.4494306164300311 0.3328242715712725 0
225 0.4490965486931578 0.3736408677419074 0
226 0.4140886431771559 0.3527383332035871 0
227 0.6620941828508129 0.3425439152050062 0
228 0.6916239972109497 0.3610586871436472 0
229 0.6938803497202982 0.3280599515393166 0
230 0.6661385373397731 0.3067374558898638 0
231 0.4145405628101627 0.3106058385868954 0
232 0.3783170972161245 0.3333066971181592 0
233 0.3787169526023479 0.3722485456672747 0
234 0.3397820755880117 0.3528027688458987 0
235 0.3426211469162193 0.3921736690878845 0
236 0.3447739138914645 0.3146194436233412 0
237 0.3135685960938332 0.3275230191936009 0
238 0.7199902614429508 0.3451769109524911 0
239 0.7212410663013671 0.3129986171862947 0
240 0.7214541502908554 0.3744515945893954 0
241 0.7478841704767702 0.3301267202942458 0
242 0.7462676586694905 0.3055332851802431 0
243 0.7643863865032061 0.3223734356534361 0
244 0.7638970615138538 0.2997818399867473 0
245 0.7541657909250001 0.2878246505959013 0
246 0.7799908129806494 0.3093173781992619 0
247 0.7793020831416069 0.3221782680480988 0
248 0.7661439808540218 0.2832706727349786 0
249 0.7539942220301799 0.2722901715597714 0
250 0.7689013404868135 0.2695418316953055 0
251 0.7911241410981005 0.3184437235483337 0
252 0.7930258251888792 0.3283401522979145 0
253 0.8036856377600365 0.324323753652368 0
254 0.8021726912052384 0.3120457335149038 0
255 0.8031791107334834 0.3344911164890445 0
256 0.8111501868633604 0.3294711662394086 0
257 0.8114855690186644 0.3382180652347114 0
258 0.8181378463333995 0.3329513461786274 0
259 0.8043830313264824 0.3445524764456251 0
260 0.8142491273995585 0.347392961829351 0
261 0.8055106346415025 0.3550865328692031 0
262 0.8172651044995531 0.3591741775072405 0
263 0.8086304954032305 0.3654657128955421 0
264 0.8180529217109277 0.3714931535950141 0
265 0.8264513961750799 0.3641964049666411 0
266 0.8075944066128833 0.3787320311968491 0
267 0.8215974371077699 0.384131688043698 0
268 0.8077338304998809 0.3925343193703022 0
269 0.821448885022906 0.398118999402982 0
270 0.8088456410249336 0.4088385872433404 0
271 0.8267422172539614 0.4126826139924341 0
272 0.8124442256582124 0.4234571153767441 0
273 0.8296973230040112 0.4310889989911111 0
274 0.8141951284341997 0.4395797642075895 0
275 0.8278255597520525 0.4469379734563002 0
276 0.8161199875359767 0.4560353084633804 0
277 0.8335441138101413 0.4616034585792757 0
278 0.8178678931453303 0.4721455781411709 0
279 0.8355365411219897 0.4767336843321175 0
280 0.8219538465100027 0.4879905042129408 0
281 0.8353706115610458 0.4979722480483942 0
282 0.8222838400283555 0.5053524706446403 0
283 0.8388125007926013 0.5096110432933091 0
284 0.8274430776213717 0.5200923060641837 0
285 0.8370133178545531 0.5262161524101936 0
286 0.8289071124959599 0.535228919021344 0
287 0.8400283719281734 0.5414761488601253 0
288 0.8307034384222181 0.5495705120865909 0
289 0.8147127923089105 0.5453061621395867 0
290 0.8166349216475556 0.5604706375535128 0
291 0.8028852096266401 0.502118731767037 0
292 0.841126934705133 0.5550021058356748 0
293 0.3156713225383435 0.2974325730765597 0
294 0.289561101058174 0.3102650532959 0
295 0.2884789513133804 0.2839078463158894 0
296 0.3132750278833789 0.2715880138067224 0
297 0.268127707392835 0.2986699735659016 0
298 0.2656338841886314 0.3211991926591248 0
299 0.2458114820075556 0.3089570290172838 0
300 0.2465588447642536 0.3312266424015111 0
301 0.2485432467068501 0.2877456811556967 0
302 0.2322178560688936 0.2969629973048266 0
303 0.2355068482165578 0.2785006732309405 0
304 0.8311700622544538 0.3916321200890279 0
305 0.8409300231227801 0.4354211637551724 0
306 0.8427167036307451 0.4693290272656347 0
307 0.8473848306974392 0.501353215918257 0
308 0.8495868987469102 0.5332744027641021 0
309 0.5188743298062786 0.2941865655357185 0
310 0.2904004282611012 0.257935680856642 0
311 0.3081188331835463 0.2461359467437865 0
312 0.2912038988389138 0.238642833435966 0
313 0.309432993671336 0.2290396980115411 0
314 0.2958477727309426 0.2223766940494652 0
315 0.2816446711667229 0.2321096011323385 0
316 0.307957842265601 0.2160182725650453 0
317 0.3195970321588515 0.2213466314838058 0
318 0.3167011817814705 0.2072353535622869 0
319 0.2955587421845487 0.2111300263889205 0
320 0.3294285148292416 0.2130390634541214 0
321 0.3274424842308079 0.2001644781691624 0
322 0.3393433437166724 0.2051914623253248 0
323 0.3369591068308819 0.1922026279921131 0
324 0.3276234070961201 0.1906422674395984 0
325 0.3484516521422141 0.1971884728307038 0
326 0.3462575369523381 0.1849949006985288 0
327 0.3571919646624817 0.1898034340036981 0
328 0.354965589291562 0.1783280123680037 0
329 0.3655239332679325 0.1826534677516057 0
330 0.3629411197205617 0.1729455662284699 0
331 0.3555759897413828 0.1696244530714348 0
332 0.7991008176038382 0.5556638438510049 0
333 0.8048318220588767 0.5765356123449684 0
334 0.3682252550145635 0.1947315087956196 0
335 0.3771064419405107 0.1867112676136419 0
336 0.3423663719946058 0.2202993033014128 0
337 0.7976275108518467 0.4458619646034104 0
338 0.4891135382830262 0.7975286836714472 0
339 0.7818194435274095 0.5686413538988939 0
340 0.7870000442133187 0.5902315757882055 0
341 0.8070361190844861 0.5962277439659964 0
342 0.7951804766421546 0.609605948073235 0
343 0.8120252901753797 0.6204612630345953 0
344 0.7988928671703639 0.631540185208071 0
345 0.7790005732101584 0.6247424185298559 0
346 0.785824760634968 0.6461600113229337 0
347 0.7640658986700692 0.6393927675400709 0
348 0.7724860998305232 0.6615641359034425 0
349 0.7487568289630968 0.6547913084378485 0
350 0.7553049524224649 0.6745071785569723 0
351 0.7327406929441839 0.6708599849348799 0
352 0.7419541696804967 0.6922339352654802 0
353 0.8118015137313976 0.6324702469962776 0
354 0.8245971235691195 0.6216714344233002 0
355 0.8260039784236055 0.633776795649225 0
356 0.7750733508654023 0.6800815160842274 0
357 0.7164503077390045 0.6875094168677843 0
358 0.7241951959540222 0.7113647202204969 0
359 0.6995602182566264 0.7052037405974454 0
360 0.7104017879103239 0.7291953907560748 0
361 0.7287257607917093 0.7317271880894023 0
362 0.7108360247984833 0.7465756106490342 0
363 0.6951346004314138 0.7432472444760034 0
364 0.7312523392066206 0.75121062568692 0
365 0.7038068950441505 0.7602200416858819 0
366 0.6850016634324447 0.7583501672820192 0
367 0.6928537401375195 0.7719087065962725 0
368 0.677291454404902 0.7734826935124803 0
369 0.6800528220888895 0.7860654222917252 0
370 0.6945597361248322 0.7887939647398229 0
371 0.6682712407801943 0.7863911280856053 0
372 0.5441780824981653 0.8722215433641158 0
373 0.5506791937545836 0.876455260328994 0
374 0.5502630421078216 0.8686178567074938 0
375 0.5571006653628697 0.8717687605574147 0
376 0.5557540072394138 0.8644704861763166 0
377 0.5496402439061069 0.8618397568838881 0
378 0.5547269585373916 0.8580289277033215 0
379 0.5607714247483843 0.8603352434695859 0
380 0.5595250882153711 0.8537429146373109 0
381 0.5660951387018669 0.8558931525399733 0
382 0.5644635709249868 0.8490343065820183 0
383 0.5717317686368386 0.8511487459033684 0
384 0.5700077417124522 0.8436604293996387 0
385 0.5772144286539617 0.8459611001790768 0
386 0.5786601461347423 0.8528075740016909 0
387 0.6719147960668835 0.7985494862688371 0
388 0.5758410677562766 0.8378094799755544 0
389 0.5845772141972159 0.8401684669823581 0
390 0.581175243419637 0.8301616494255747 0
391 0.5921188915562784 0.8345199488816055 0
392 0.589765756931122 0.82191913469477 0
393 0.5491183195913355 0.8556004269532562 0
394 0.5621767574457814 0.8410990773254839 0
395 0.5770714360558689 0.8178077466376215 0
396 0.5874362551246842 0.8071238133699085 0
397 0.6586148480872519 0.7706658375756028 0
398 0.5584023286350203 0.8798349599984827 0
399 0.6008384218607419 0.8259441556825186 0
400 0.6026482972040619 0.8373289695399599 0
401 0.6127108688320334 0.829926021846858 0
402 0.6118461309721452 0.8394246007890639 0
403 0.3808814923986958 0.1998308125533892 0
404 0.3924864081256358 0.1897824130693602 0
405 0.5156469309730227 0.4086648788113435 0
406 0.6605063046548008 0.7979526743115462 0
407 0.6620056089926418 0.8093891996895174 0
408 0.6745004627940008 0.8091997071360451 0
409 0.4620585008342518 0.8409697920527661 0
410 0.5711799833148062 0.802473460654234 0
411 0.5848039078222639 0.7883758622566249 0
412 0.7408223408329507 0.6321611151171709 0
413 0.5544175535445629 0.4971370141690686 0
414 0.3963647397264758 0.206589207694684 0
415 0.4093705987472745 0.1946863418521955 0
416 0.4044548680437295 0.1808908254956423 0
417 0.4189249223649485 0.1808921816016617 0
418 0.4183407769973575 0.1689545976252134 0
419 0.4287018434689311 0.1700831263816818 0
420 0.4280556092937179 0.1581747996605122 0
421 0.4154996107573262 0.1562025904097435 0
422 0.4385273233012773 0.1627439540827047 0
423 0.4429481226450594 0.1740967950225133 0
424 0.451645221429826 0.1621351286498139 0
425 0.4358392655614679 0.1528340297118429 0
426 0.4560255376204959 0.1793039385599809 0
427 0.4652092504947413 0.1671410342398135 0
428 0.4715051362901687 0.1825966519317107 0
429 0.4813626148448694 0.1662643439364708 0
430 0.4612624049467223 0.1939031533560081 0
431 0.4615006882070509 0.1559738619231353 0
432 0.4879918802311849 0.1867714838682185 0
433 0.4981449917546513 0.171739589673863 0
434 0.494564780889297 0.1586570930605805 0
435 0.5070337507764702 0.1594353293116907 0
436 0.5135355137504438 0.1727170617510643 0
437 0.5207727164085038 0.1617454543759093 0
438 0.5278068766471619 0.1737749246724304 0
439 0.5351554807391713 0.1598166930896603 0
440 0.5418824225211782 0.1746170080392518 0
441 0.5483794881776999 0.1605819132937907 0
442 0.5556467066487155 0.1737333127597884 0
443 0.5659745684641094 0.1639215160431745 0
444 0.5703839026654556 0.1757301321008617 0
445 0.578717225549365 0.164505736904868 0
446 0.5836546141588763 0.1763202790517812 0
447 0.5908723141988548 0.1671002914247786 0
448 0.5960127359925272 0.1771830889796579 0
449 0.6032661171839357 0.166986210640815 0
450 0.6077866640125995 0.1773206869719193 0
451 0.6019161727475613 0.1886641790028102 0
452 0.6141369331931158 0.1888876321383686 0
453 0.6130321285886073 0.1699213493054079 0
454 0.6077547399663082 0.2027998270733568 0
455 0.6240608200074806 0.2002359612570401 0
456 0.5964301219483903 0.1586278493769245 0
457 0.571963526880314 0.1545586917058149 0
458 0.5431319942043855 0.1530513270338659 0
459 0.5148230530583493 0.1507319439487996 0
460 0.5632994993258276 0.1928005504329773 0
461 0.615730224960604 0.2188826711988299 0
462 0.631881223044894 0.1899137767490829 0
463 0.6401086182097827 0.1987619515211918 0
464 0.6470837402686331 0.1902162578674011 0
465 0.653773880616568 0.197590119596274 0
466 0.6613178746351052 0.1887469277220034 0
467 0.6529660027720698 0.1789868598693369 0
468 0.7409808934994271 0.2779278895383949 0
469 0.7462410577706283 0.2658702718996816 0
470 0.732961443519084 0.266567654441819 0
471 0.7352556533529397 0.251392255894062 0
472 0.7212486487554297 0.2572791219369065 0
473 0.725377154152144 0.2429751385609304 0
474 0.7372498316362903 0.2409949908463186 0
475 0.711013468988141 0.2475861778207174 0
476 0.7167277155183267 0.2335695165474023 0
477 0.665870052654145 0.1983337817138462 0
478 0.6695692942818314 0.1882647418353974 0
479 0.6614801206069145 0.2097090418519114 0
480 0.4292269014372992 0.7951042861238704 0
481 0.690994284073403 0.6802216740682681 0
482 0.3776510718342966 0.4127563248573868 0
483 0.340742498358547 0.4311100793883739 0
484 0.652121703132438 0.8068382414824653 0
485 0.6566875168304124 0.8169490905363703 0
486 0.6099182568599848 0.8189976658615474 0
487 0.3813740752624606 0.4534843606171296 0
488 0.3402072398041861 0.4721154075065951 0
489 0.3053811543434081 0.4511565155273984 0
490 0.3037752384664815 0.4899762051394557 0
491 0.2713244095574865 0.4683763634076509 0
492 0.2641866553611467 0.5052982869470813 0
493 0.2996771412106666 0.5268442198221622 0
494 0.2658390371760731 0.5417985736807529 0
495 0.236760748538382 0.5256590215704012 0
496 0.2330103589238632 0.5578926711290106 0
497 0.2615496770030514 0.5750307054129149 0
498 0.2338985468811831 0.5887847029674429 0
499 0.2570079091990538 0.6052366476993659 0
500 0.2291213221077462 0.6173681536906881 0
501 0.2520516917746692 0.632393921631376 0
502 0.2294199369822367 0.6434364551976115 0
503 0.2483333281371102 0.6574829398902188 0
504 0.2265211134403504 0.666200980457951 0
505 0.244284463233678 0.6789985268675844 0
506 0.2263475890216993 0.6857050871084341 0
507 0.2376969307259519 0.6970592846051049 0
508 0.2248367695958959 0.7066284340080782 0
509 0.2359948990263224 0.7119683084401232 0
510 0.2266717759834119 0.7178540645622254 0
511 0.234845080530619 0.7237558242985078 0
512 0.2458878360796338 0.7199227835961123 0
513 0.2425496082644429 0.7309545440012184 0
514 0.232081186970115 0.7340915810992824 0
515 0.2536461682764317 0.7281010678731054 0
516 0.2653331890361905 0.671820779498102 0
517 0.2389976476498395 0.7401187272095044 0
518 0.2312147842879578 0.7425408695646555 0
519 0.2141753908386143 0.693168745662369 0
520 0.2114114907536593 0.6556021002779524 0
521 0.2089506214205856 0.5998415240274396 0
522 0.2084357596665737 0.538557823402201 0
523 0.211211195700123 0.5118826429826318 0
524 0.1865837066440659 0.521316852243824 0
525 0.1902316022135299 0.4995360317260142 0
526 0.1742525323821457 0.5057737693112423 0
527 0.1761830378949277 0.4898529607014224 0
528 0.1687540294400874 0.5318686039246451 0
529 0.1568187878597938 0.518382237220002 0
530 0.1894397374110616 0.4799129503609394 0
531 0.1723394408367085 0.472846277636945 0
532 0.1874205089444897 0.461372935258531 0
533 0.1689352715201635 0.4531687284082302 0
534 0.1855685092115987 0.4438539286810999 0
535 0.1698286831474878 0.4354832581484344 0
536 0.1841436740347173 0.4272431483610861 0
537 0.1712193515290744 0.4182434042762319 0
538 0.1585226844341471 0.4286290487581435 0
539 0.1595422318474716 0.4657201552749353 0
540 0.1607828298699791 0.4161825242271516 0
541 0.1840494307005131 0.4105021582713448 0
542 0.1989852722299554 0.4179224340537464 0
543 0.1963509073295299 0.4005485294693967 0
544 0.1826157767797577 0.3974325282866223 0
545 0.1902815832342782 0.3856856348905657 0
546 0.1803469339475404 0.3799552036873791 0
547 0.1867772776277087 0.3717559441401572 0
548 0.1781808525028244 0.3667460615102511 0
549 0.1687333380221818 0.3742600581911119 0
550 0.184547258352127 0.3600151550583612 0
551 0.1765445386348817 0.355575792337295 0
552 0.2108306513134655 0.3868763052792048 0
553 0.2835418713939353 0.6200115670999137 0
554 0.5437751655921502 0.8589917164507188 0
555 0.5434285425099996 0.852381771422417 0
556 0.5376321571708392 0.8559896407400317 0
557 0.5373232669795864 0.8487591719028822 0
558 0.5314595019518518 0.852690511542295 0
559 0.5306328185489471 0.845074165571027 0
560 0.5236668374560062 0.850441792085612 0
561 0.4147374548364554 0.2139952291595002 0
562 0.5202565968809565 0.1872656476057221 0
563 0.6723052195221846 0.7001938278198399 0
564 0.6750322443027962 0.20726147001791 0
565 0.6677235426473851 0.2222212883887519 0
566 0.793891631023842 0.3639801115722478 0
567 0.5721800476989327 0.6163832822421049 0
568 0.6213916062892216 0.8228625161559604 0
569 0.6190339510543575 0.8104704187729471 0
570 0.2635608075406788 0.3447458744811936 0
571 0.5383812751923914 0.8399688652007435 0
572 0.1978208361259303 0.3626902888185133 0
573 0.1935467293688466 0.349193840776799 0
574 0.7913613436701564 0.4028226011733327 0
575 0.5229987898619631 0.8407731335005997 0
576 0.5142615159425454 0.8453363861894868 0
577 0.567748673490244 0.8623461095934621 0
578 0.3810732812662967 0.4927624176746577 0
579 0.4053818125137361 0.474643965461054 0
580 0.7788268527588966 0.5473935467188391 0
581 0.7571803849861308 0.5609991832507597 0
582 0.7573001439391607 0.5304640242763425 0
583 0.3980466008869455 0.2279277675645289 0
584 0.6456848061533598 0.7953617281019465 0
585 0.2588007640434013 0.714649539983792 0
586 0.2676287804120133 0.7272767703869969 0
587 0.2659994719254066 0.7425190104262464 0
588 0.2799710069426504 0.7381695050558412 0
589 0.2741349837694136 0.7539823857800463 0
590 0.2907443356088058 0.7497363355609418 0
591 0.297036522428798 0.7335835511564186 0
592 0.3094295231484656 0.7470324741304412 0
593 0.2999377848609439 0.7659121238933944 0
594 0.3179638383610285 0.7634122406878584 0
595 0.312628076000917 0.7796012492645688 0
596 0.3281641508666168 0.7770736689183531 0
597 0.3176434540343696 0.7278256840319423 0
598 0.2933176794412021 0.778729197127126 0
599 0.3060619112146122 0.7894744155906122 0
600 0.336062234677726 0.7640101757141904 0
601 0.3452351221257327 0.7778496237870595 0
602 0.3346032681435237 0.7916284087013943 0
603 0.3503623136482518 0.7939728139500142 0
604 0.3627049313238681 0.7787338822065346 0
605 0.3677247696691407 0.7956471051681517 0
606 0.3463398113238576 0.8062854633110844 0
607 0.3302187372955396 0.8039303939502607 0
608 0.261409933841335 0.7520486906262134 0
609 0.2690351391931137 0.7630775019744886 0
610 0.2589176711461868 0.7648481367475166 0
611 0.6620854876790124 0.6721634309611114 0
612 0.6419664804360871 0.6954560218548493 0
613 0.5935079429931206 0.2155301358882581 0
614 0.6047526513489728 0.2390245715480259 0
615 0.419531505836755 0.2366591639832686 0
616 0.4135226465823349 0.8405266059743395 0
617 0.4149296891675592 0.8319858527398643 0
618 0.4052505926745306 0.8335752168107755 0
619 0.4077327729178682 0.8235246325366838 0
620 0.3969722723314183 0.8271081280640747 0
621 0.5636413600516939 0.7831790182262599 0
622 0.5797045042640687 0.7659036517391133 0
623 0.5160271459849362 0.8545086276917533 0
624 0.5068469924707537 0.8516870347902114 0
625 0.5053476793100535 0.8409763293912877 0
626 0.4983985553507 0.8480027569885756 0
627 0.4953574435602204 0.8372037928883137 0
628 0.4027378673100771 0.5113470428056712 0
629 0.4352285722482384 0.4942972008379202 0
630 0.3780167107963771 0.5294535043596781 0
631 0.7305578881496619 0.5505488782953516 0
632 0.7262121700494721 0.5182792428355117 0
633 0.4289044668397141 0.8608006149621704 0
634 0.3853848377818633 0.7834379962744682 0
635 0.3735029467804444 0.7599002420026338 0
636 0.6535880828079568 0.4537842279989894 0
637 0.2720335243323658 0.4257375346816159 0
638 0.5507398751522288 0.8023558649300859 0
639 0.2031141706368593 0.4524712056542241 0
640 0.5800579529817453 0.2378732636547977 0
641 0.5920999402426773 0.2628235422159066 0
642 0.3304194341291362 0.2561853394458444 0
643 0.7161079792353291 0.2727974180809848 0
644 0.3958931844581076 0.8370679303923363 0
645 0.387248578034172 0.8326087930835548 0
646 0.6465449580377922 0.8152126692369572 0
647 0.6502237144649896 0.8233068529218397 0
648 0.6581193491808564 0.8248900031048828 0
649 0.2080684571289595 0.3528610869151647 0
650 0.2021456484837378 0.3383508866783254 0
651 0.1924227399912863 0.3381035379253716 0
652 0.4602009030429602 0.8504884796314847 0
653 0.4686203003463318 0.8482922311142419 0
654 0.6845241547739869 0.2173537878862109 0
655 0.6864987789705552 0.2074962893507258 0
656 0.6779466856013139 0.2324052542255519 0
657 0.6614848953082757 0.23685340212906 0
658 0.3980663964513758 0.8144111566030039 0
659 0.3877832427870919 0.8407129533633739 0
660 0.3790566138260734 0.8348286107381497 0
661 0.3803074033675075 0.827106126089575 0
662 0.3729576244409804 0.8312259455701689 0
663 0.50479477518919 0.828376560884277 0
664 0.3730465899906457 0.8393837831574845 0
665 0.3669518984772103 0.8354845130144721 0
666 0.3664386697719046 0.8279552210968137 0
667 0.3601840649969063 0.8323751562140768 0
668 0.3594164750809635 0.8250283806950727 0
669 0.3532214880873984 0.8294055690899034 0
670 0.3610182593780037 0.8395099758424329 0
671 0.5407257362980628 0.7789929124628237 0
672 0.6022143679699723 0.7733795264218927 0
673 0.4666075858806703 0.855953603369382 0
674 0.4736661255965862 0.8546624367785749 0
675 0.4718088451676033 0.8612156060112052 0
676 0.4782809706548812 0.8601358726385073 0
677 0.4993228329505828 0.8569762934700521 0
678 0.2984047816690713 0.7109869453603205 0
679 0.3264785214712048 0.7053805370724486 0
680 0.4878049796547875 0.2740847595437173 0
681 0.695690548658378 0.2169606646707684 0
682 0.6997782953338082 0.2040158783093924 0
683 0.6039623270962106 0.7444786301316856 0
684 0.6180698912432597 0.2618719666185245 0
685 0.7516967351666891 0.499508769751868 0
686 0.6844523919935189 0.6499328609248649 0
687 0.6516070594604716 0.6402643468933127 0
688 0.675954464559465 0.6168260840615793 0
689 0.4594880046339982 0.8579187025190397 0
690 0.4806099198739983 0.8535887422457435 0
691 0.6415057422254057 0.8225590652014005 0
692 0.64512828138858 0.8298633130032439 0
693 0.3995569906479016 0.7620027908743622 0
694 0.5329546460174355 0.8594431606487609 0
695 0.672862706285587 0.2513278644807933 0
696 0.6372696193247447 0.8293675941444556 0
697 0.6409432704337326 0.8358793679642115 0
698 0.6332133505988538 0.8355796037955328 0
699 0.6367478512794057 0.8418911271457222 0
700 0.7208368872871326 0.4850692938790928 0
701 0.4654790392693325 0.5627429889981895 0
702 0.4069957256438905 0.5501076857122167 0
703 0.3686015498033259 0.5664107999587952 0
704 0.4856420481988493 0.8589269890550528 0
705 0.518236271700493 0.2561425133270901 0
706 0.4732161429451435 0.8393420286054619 0
707 0.3088182242517248 0.6863176485221929 0
708 0.3376175051461979 0.6798147543394467 0
709 0.3563079463045848 0.7046211627207453 0
710 0.370310828191163 0.6747426384087331 0
711 0.3483167584950714 0.6472590636435122 0
712 0.3847999572128339 0.6448734320298074 0
713 0.4762646098083295 0.8663168331244662 0
714 0.3930726011064475 0.8448632730550664 0
715 0.7524581649120103 0.4648180396034954 0
716 0.7179875886389726 0.4509199303313381 0
717 0.7437764703651342 0.4294532145959694 0
718 0.6055577799844881 0.2895516045836911 0
719 0.6659432656138322 0.1815817717698932 0
720 0.3996094290036942 0.2535559742333522 0
721 0.8499503898053058 0.5150683761658326 0
722 0.8568468753815475 0.5088549912804158 0
723 0.5553505318807944 0.1530574636541407 0
724 0.5497667182022093 0.1438336279648292 0
725 0.4399182275350535 0.8532966172673079 0
726 0.4530251831552305 0.8535178151158785 0
727 0.5318835631234951 0.1507729118853665 0
728 0.156649947332466 0.4481211835373837 0
729 0.1473183352792538 0.457336397182255 0
730 0.8429573892964803 0.4560366645570118 0
731 0.8529429767749764 0.4621042666432257 0
732 0.5386004374911731 0.1434255663795858 0
733 0.5815808741756834 0.1547615754944171 0
734 0.5777720882143751 0.1478186924887619 0
735 0.2150028324705351 0.7084846082773499 0
736 0.2141692368517892 0.7197159738861454 0
737 0.3865961033386123 0.8470364604619418 0
738 0.8454269856689611 0.4833397535982878 0
739 0.8544658555282768 0.4746871954534376 0
740 0.4912486273271937 0.2395452633319743 0
741 0.3657770953520341 0.8202227835044441 0
742 0.2833277865109909 0.2183348651026072 0
743 0.4271299486538583 0.149417201861755 0
744 0.7841834730686923 0.3392939346172897 0
745 0.8497035716406067 0.5471880545481577 0
746 0.3786774581719364 0.2423766236132157 0
747 0.6733295025657957 0.7419474407372155 0
748 0.352392282536184 0.8219924161937067 0
749 0.3463854618015683 0.8265479050279625 0
750 0.3472934223412629 0.8337435358140832 0
751 0.3406195093918216 0.8311368541990025 0
752 0.3395277574846334 0.8238861486278356 0
753 0.3338444143804066 0.8284131414979781 0
754 0.3349308641130416 0.8356236670986708 0
755 0.3282482344014122 0.8329409004130699 0
756 0.3271104707556888 0.8258135801123423 0
757 0.3215055081056259 0.8303841630724007 0
758 0.3203075144809787 0.8231787841153878 0
759 0.3146813247118769 0.827846881312552 0
760 0.3133449198151947 0.8205116786612554 0
761 0.3075538801936828 0.8254173913656435 0
762 0.3059258607826169 0.8177952485380886 0
763 0.300294011504668 0.8229404805225362 0
764 0.2988026222975049 0.8151480480293307 0
765 0.3087961601601268 0.8332362299612699 0
766 0.3116119435951805 0.8130383874316781 0
767 0.2926462161190259 0.8205720750076918 0
768 0.290782687268969 0.8124096607483602 0
769 0.2947974918977905 0.8297874293746409 0
770 0.2844434782145352 0.8182028042441207 0
771 0.2827004985684 0.8080551049250733 0
772 0.2756377056812751 0.8154428275205283 0
773 0.2734014619582056 0.8059096871758492 0
774 0.2660300650265612 0.8125768118018244 0
775 0.2637288868422381 0.8032709028013751 0
776 0.2552340748714561 0.8102728346188002 0
777 0.2537316669083972 0.7981749826254017 0
778 0.2432893126592865 0.8070796146607492 0
779 0.2403732104762977 0.7938886312780662 0
780 0.2298847793113588 0.8033894247402515 0
781 0.2262941138164878 0.7910178186336768 0
782 0.2143897420701141 0.8022791483079005 0
783 0.2124310499809303 0.7837200557980062 0
784 0.1959004858130498 0.7956838190136332 0
785 0.1908127857448199 0.7758560186684913 0
786 0.1741297089350665 0.7910358139756832 0
787 0.1698769952904884 0.7670009229028969 0
788 0.2713958747076586 0.7968925812080165 0
789 0.1487859904617747 0.7852945135659063 0
790 0.1562101826785449 0.8131300111697586 0
791 0.1444736966720009 0.7591332852106651 0
792 0.1626504647539184 0.7467664203410381 0
793 0.1440914969636679 0.7345879075783583 0
794 0.1583035256735189 0.719365993031973 0
795 0.1411446747620015 0.7122156285871725 0
796 0.150458611623866 0.7009496359775786 0
797 0.1381216333928662 0.6931355192172364 0
798 0.1467795529092399 0.6824769697218376 0
799 0.1355504953215976 0.6759597345045518 0
800 0.1451443894810573 0.663589801731131 0
801 0.1313817607343984 0.6605046147309994 0
802 0.1425921615517858 0.6535033175289847 0
803 0.1312137616565942 0.6467517088129133 0
804 0.1379875377813306 0.6370246945909863 0
805 0.1274544483963611 0.6336674470301336 0
806 0.1375577192857282 0.6249920584015519 0
807 0.1259164385089356 0.6215945832750275 0
808 0.134651350208559 0.6144896742531912 0
809 0.1500376395083441 0.6423271886264109 0
810 0.1453732961488517 0.6195165163281892 0
811 0.142365141050392 0.6094219863567705 0
812 0.1353214765670782 0.6059073311162279 0
813 0.1419287173494633 0.6018846454753111 0
814 0.1353839476883979 0.5982499696322391 0
815 0.1417089533912084 0.5945221802826721 0
816 0.1354647212865314 0.5908639570258822 0
817 0.1275253448291449 0.5947055022728464 0
818 0.1416045391718825 0.5873447256873238 0
819 0.135577720933631 0.5837372715470561 0
820 0.1415267581941113 0.5802666272578392 0
821 0.135584427160873 0.5765712410833478 0
822 0.1475095945733783 0.5837185025696339 0
823 0.1473413439622937 0.5766470209012684 0
824 0.1533655977932853 0.5801267766902755 0
825 0.1480637914728388 0.6044384370765891 0
826 0.1534464624717746 0.5728959356163279 0
827 0.1606020907447864 0.5762898139151736 0
828 0.1591672765130967 0.5842321406697275 0
829 0.1637446586651282 0.6876089119394058 0
830 0.1296067656516067 0.5801366948620233 0
831 0.1473158233798761 0.5697371384854042 0
832 0.1532474728135535 0.5654468579048556 0
833 0.145853009939435 0.5624508954893035 0
834 0.1680511552650134 0.5819000067029089 0
835 0.1704943169547842 0.5911912526218953 0
836 0.1139704351957114 0.6296399713339625 0
837 0.1163003515931375 0.6542796848472439 0
838 0.1176256346649311 0.6866477872556084 0
839 0.1141325796645711 0.7254291963398313 0
840 0.1682380617024003 0.5694328784106859 0
841 0.1530811266034838 0.5577143974038485 0
842 0.1460551654667226 0.554121250436781 0
843 0.1397921007331877 0.5578559316040667 0
844 0.1395819511138202 0.5507547244225176 0
845 0.1340711558623184 0.5544897338958459 0
846 0.145535969101885 0.5468246563123885 0
847 0.1390417955497252 0.5437442759288438 0
848 0.1804102489357906 0.7273472587216236 0
849 0.1446402007386723 0.5398164902961488 0
850 0.1379684434557977 0.5362157905918878 0
851 0.133428521861517 0.5407662231501535 0
852 0.1123027403529749 0.6150503185394953 0
853 0.1341225428056372 0.5610233362842901 0
854 0.1289148064697476 0.558028358339686 0
855 0.1792942000172165 0.5753043805671315 0
856 0.2227919354461984 0.7723735849851359 0
857 0.23633814138488 0.7478218646032948 0
858 0.2291612568307663 0.749379653928294 0
859 0.2243374116485271 0.7446666511052811 0
860 0.2224874055526645 0.7511950130067346 0
861 0.2175697136562436 0.7462193992003996 0
862 0.2157868213727198 0.752718694633713 0
863 0.2092261400712043 0.7463422038712214 0
864 0.2201816851438685 0.7396064746107341 0
865 0.2340384939178444 0.7545423681258749 0
866 0.1249294712452307 0.8071402425179689 0
867 0.2408568769454016 0.7532008522233773 0
868 0.2386015978564269 0.7597530238449599 0
869 0.2902366880660336 0.8045149883583755 0
870 0.1793655400628534 0.5588385599433928 0
871 0.2510406376102359 0.7873311461802833 0
872 0.098295718112828 0.6242741917180346 0
873 0.09662147310695046 0.6039949088853686 0
874 0.143908042113541 0.5329918897848726 0
875 0.1383252251038831 0.5297083828423678 0
876 0.2453184302033971 0.8236545178229848 0
877 0.152353505414639 0.542427010775193 0
878 0.1293139451036977 0.5727600375567616 0
879 0.1219114736864597 0.5767821155475943 0
880 0.2457857576854433 0.7585830650716685 0
881 0.2431871166214993 0.7648472568869665 0
882 0.1434095277624836 0.5265928853035047 0
883 0.1373686042969459 0.5234008056037006 0
884 0.1336909296566721 0.5269085784131029 0
885 0.1425649229144483 0.5206747769521269 0
886 0.1376397749239079 0.5177766760977252 0
887 0.1421003596779813 0.5150104797814113 0
888 0.1371870353482066 0.5125379295662152 0
889 0.1330857637366081 0.5153860939076165 0
890 0.1415787247034232 0.5095856349019215 0
891 0.1367388063891954 0.5071599158997994 0
892 0.1411254915399764 0.5041746103761912 0
893 0.1361569651999091 0.5019048681594842 0
894 0.1321824141591944 0.5048045856693036 0
895 0.1405239638171825 0.4988271962726201 0
896 0.135777105285946 0.4965822458891665 0
897 0.1400717192745353 0.493587005898612 0
898 0.1353994642949521 0.4913911825548518 0
899 0.1315274607766063 0.4942733539923485 0
900 0.1395600165494855 0.4884969608030058 0
901 0.1350403732846646 0.4863791223767528 0
902 0.1390510046844272 0.4835870601519591 0
903 0.1346490413107136 0.48154891074477 0
904 0.1310424272629513 0.4842319093486571 0
905 0.1385856596522925 0.4788249676113524 0
906 0.134295506565077 0.4768376799230362 0
907 0.1435155304481575 0.4803449881305902 0
908 0.1380923871340238 0.4741166873788302 0
909 0.133794514111558 0.472052627080245 0
910 0.130144670156834 0.4748901955379955 0
911 0.1445847572706442 0.4905157987351429 0
912 0.145889115065016 0.5010626598430119 0
913 0.1378059093854742 0.4691657487679148 0
914 0.1331698041281754 0.4670308284252419 0
915 0.1441354035056402 0.470862906594687 0
916 0.1374056725676981 0.4639299539291135 0
917 0.1324846787355264 0.4616875738320582 0
918 0.1282571616182937 0.4650377224994346 0
919 0.136980319161553 0.4583781310155192 0
920 0.1316890661215817 0.456071575589825 0
921 0.1367557970856829 0.4523194395289081 0
922 0.1311100312793027 0.4496780868800747 0
923 0.1345298621140337 0.8401046956068418 0
924 0.1585786997376052 0.6716283615798124 0
925 0.1938178810754267 0.5691836032241639 0
926 0.1590732032252458 0.5958007950254087 0
927 0.1660285340784041 0.6002612214361014 0
928 0.1768602354849147 0.5970457490385062 0
929 0.1748503352640307 0.6075685250561648 0
930 0.1657426065923595 0.6112833144714409 0
931 0.1724998759973944 0.6173819762670529 0
932 0.1636067714567296 0.6200586112387728 0
933 0.170364698983286 0.625649616559247 0
934 0.1787059911762364 0.6240041772446128 0
935 0.1753102997252614 0.6333704402560939 0
936 0.1861079477456278 0.6307450886417949 0
937 0.1825138005087603 0.6404837782725219 0
938 0.1735802095385743 0.6427434776994607 0
939 0.1790097865392317 0.6490956882670839 0
940 0.1710872693635908 0.650387061139182 0
941 0.1758208137715761 0.6565608635540183 0
942 0.1634161367046881 0.6276002523413818 0
943 0.183950073816415 0.6558220497304482 0
944 0.1795927193123366 0.6636817765225964 0
945 0.1885153992827898 0.6626191106121251 0
946 0.1850806751400537 0.6697590802884914 0
947 0.1932901262698535 0.6690791496071051 0
948 0.1890115948121954 0.6768675712054221 0
949 0.1979370936266925 0.6757609076012961 0
950 0.1943149117627906 0.6828075470359376 0
951 0.1873942941528681 0.6839441798064987 0
952 0.1911726342930834 0.6889498444403779 0
953 0.1851142330415247 0.6893724808078869 0
954 0.1884832837914102 0.6941534016668907 0
955 0.1824616126469086 0.6944423002488297 0
956 0.185783315269092 0.6994563657028181 0
957 0.1919867427785547 0.6989681559994066 0
958 0.1892884627206996 0.7047660175786687 0
959 0.1794172448858928 0.7001465539001077 0
960 0.1959149832161443 0.7041228707045253 0
961 0.1931774038490771 0.7103269327953814 0
962 0.1776695767844174 0.6707316287036931 0
963 0.1815304256610646 0.6848678824896144 0
964 0.1662171450890546 0.644836469142112 0
965 0.1642542981531155 0.651639256379298 0
966 0.1591825194969599 0.6143797527360465 0
967 0.1999567568987994 0.709557493531572 0
968 0.1972328454773276 0.7157839727777306 0
969 0.07790262430053668 0.6171519500914693 0
970 0.1981728773948443 0.6884486054542407 0
971 0.1992168685165289 0.8201822228199316 0
972 0.1860123405908589 0.7106288792407962 0
973 0.2480989920627493 0.7520118604208311 0
974 0.3671052749740607 0.2079478575309562 0
975 0.7775790469754106 0.2915093599566289 0
976 0.2040376415770943 0.7149872446584169 0
977 0.2015507226926382 0.7212565395537338 0
978 0.1947565307952509 0.7219396527482247 0
979 0.1988342102096666 0.7277399942498728 0
980 0.2059014338142249 0.72670343518077 0
981 0.2034084994966051 0.7332890101352938 0
982 0.1957439451715546 0.7352191754759864 0
983 0.1684689311858101 0.3888936702331667 0
984 0.4037931157787601 0.1633586849519609 0
985 0.1596524438894681 0.6072839748399815 0
986 0.8301729001804389 0.3787472746010417 0
987 0.8391368949804767 0.3828705369599379 0
988 0.5494569578424618 0.8472094561485601 0
989 0.210023126086313 0.731685769223684 0
990 0.2864190751898377 0.7706309043534149 0
991 0.2841397106620589 0.7804104472977491 0
992 0.2890188030206978 0.7873965105214699 0
993 0.4779713520001058 0.1549367765711543 0
994 0.4867042175587525 0.1459882891214831 0
995 0.1572017392079096 0.4791273430907364 0
996 0.2813089464158152 0.7877806954148558 0
997 0.2764306202524063 0.7828688002962354 0
998 0.6396866831874736 0.1769174485253453 0
999 0.2110190591086586 0.6354034709318275 0
1000 0.2078030294457992 0.7562167224939987 0
1001 0.2017298592766119 0.7494152281654864 0
1002 0.2485326482732537 0.7381208485038087 0
1003 0.685736405112703 0.8002321562304916 0
1004 0.4381142384178568 0.8705007889411093 0
1005 0.495993100325625 0.8714610058367217 0
1006 0.5020057887258571 0.8688313035895667 0
1007 0.5078142939096706 0.8724740596316343 0
1008 0.5074444938420121 0.8655349739451579 0
1009 0.5136561495977623 0.8675712895908967 0
1010 0.2435328769524457 0.3528625106328409 0
1011 0.2604128486983227 0.3693520366075738 0
1012 0.2379438034240423 0.7778253873053239 0
1013 0.3771973321737457 0.2702144706885932 0
1014 0.4005995668070866 0.8540556002668631 0
1015 0.4031612931819391 0.8487862298996136 0
1016 0.4268217125375611 0.8673019722125097 0
1017 0.7930196268787759 0.3025497156198018 0
1018 0.5294113762444467 0.5492280227328273 0
1019 0.1465017277227773 0.6268220275991456 0
1020 0.4213055777876736 0.8241534369454191 0
1021 0.3174899262254395 0.1972466110138353 0
1022 0.7352211576692911 0.5824329181859491 0
1023 0.7047204961193944 0.7735014002110798 0
1024 0.714666987428948 0.7691244052419117 0
1025 0.7197155982577698 0.7773862843562996 0
1026 0.3863184609682423 0.7385973284766036 0
1027 0.4292691396060003 0.2629232802204328 0
1028 0.8226922005642284 0.6039010572910772 0
1029 0.8217586798987885 0.5898998658871311 0
1030 0.832384117495192 0.5926813624901792 0
1031 0.8347560225469178 0.6068704011791369 0
1032 0.8329664899669451 0.5835256920766564 0
1033 0.8433947178162284 0.5853450376713053 0
1034 0.8411765598262442 0.5763654033104877 0
1035 0.8490990795678661 0.5800631203249845 0
1036 0.8483731693022232 0.5722085491401784 0
1037 0.8548991579047748 0.575401288309457 0
1038 0.8433675479583101 0.5968509944694692 0
1039 0.8514413445581104 0.5873615425308614 0
1040 0.3258018499424646 0.8185919139321616 0
1041 0.7274881338313468 0.2322419958465861 0
1042 0.5143589522560935 0.8754215852406413 0
1043 0.2596926718084347 0.7899299542750955 0
1044 0.2580449592468931 0.7819199320171957 0
1045 0.2508731718793838 0.7783320916559888 0
1046 0.2720202466358385 0.2662766948611449 0
1047 0.2735493668701804 0.2509007540851301 0
1048 0.2577474708382939 0.260152404731526 0
1049 0.2620212956539732 0.2451219178194917 0
1050 0.6059914870992952 0.1584306184627641 0
1051 0.6023179080787689 0.1522072357236938 0
1052 0.6240738837085327 0.7565579665315265 0
1053 0.2649214005058145 0.7843062679681566 0
1054 0.2637495341831085 0.7773948611945619 0
1055 0.1679193220624359 0.63781440063876 0
1056 0.1612692038193901 0.6399093203754977 0
1057 0.1892281817960777 0.620015017782918 0
1058 0.2320822682333981 0.7609368241284007 0
1059 0.2207238697052079 0.7578764004850702 0
1060 0.1221510032459355 0.5687607250032327 0
1061 0.1132892568163659 0.5725796284563253 0
1062 0.1142238161000482 0.5610342312077493 0
1063 0.101735334546283 0.5675946782548322 0
1064 0.1011403146942461 0.5534093999613487 0
1065 0.1136827318808082 0.5840011510207338 0
1066 0.1143479107956177 0.5482094925157416 0
1067 0.1040156479331913 0.5394311884437186 0
1068 0.11247486697234 0.5320339255484139 0
1069 0.1028172280842307 0.5268874238326259 0
1070 0.08860621405203467 0.5317381079038956 0
1071 0.09299460253148911 0.5156339601199544 0
1072 0.06957554817604161 0.5215881533905201 0
1073 0.1047294087280798 0.5096887302290177 0
1074 0.09659043816168245 0.4995812716385329 0
1075 0.1067195873845415 0.4940984976497041 0
1076 0.0999085888054666 0.484871842561219 0
1077 0.1117418862794816 0.4785011370964017 0
1078 0.1015878120794866 0.4691582512291578 0
1079 0.08540777759879969 0.4740406305053589 0
1080 0.09005744570465463 0.4569819690112629 0
1081 0.1076550453653733 0.4540002775989359 0
1082 0.09559349680781148 0.442314828809749 0
1083 0.07765278264176689 0.4429028475365204 0
1084 0.08788595107544367 0.4254509760980116 0
1085 0.1036113205614843 0.4210348749442969 0
1086 0.0968959436605677 0.4064111973790178 0
1087 0.1138094544241152 0.4036341981715716 0
1088 0.1034741406406331 0.3889841167464049 0
1089 0.1196328810549689 0.3928252181624154 0
1090 0.1137596266931812 0.3768602430016239 0
1091 0.1281553249317273 0.3726717896436738 0
1092 0.1196636775425379 0.3614003489657553 0
1093 0.1339394387410093 0.3634166448466521 0
1094 0.1284350732899989 0.3496928824874651 0
1095 0.1393056148016913 0.3458511788969956 0
1096 0.135920150285169 0.3350600731721757 0
1097 0.1221718981139012 0.4195536558827111 0
1098 0.1367648351846693 0.388396700977319 0
1099 0.1173320114674772 0.3349892263963541 0
1100 0.126219470372281 0.3192038469072933 0
1101 0.142818352229893 0.3227401061430443 0
1102 0.1384666733203789 0.3063992885099474 0
1103 0.153087182608003 0.3040316373109488 0
1104 0.1478644499730872 0.2914020533730884 0
1105 0.1625153707687108 0.2921558371974903 0
1106 0.1574580253196227 0.2767202760923114 0
1107 0.1733517379252252 0.2769274008460108 0
1108 0.1670214024003044 0.263534723080287 0
1109 0.1775352390845584 0.2937654098255474 0
1110 0.2018470036489202 0.3278969381356128 0
1111 0.1795515182886041 0.2671996562748764 0
1112 0.1751172365771586 0.2513001073266836 0
1113 0.1917708600092083 0.2493004161599652 0
1114 0.1846304610519522 0.2366439402705375 0
1115 0.2027874571332763 0.2395426320061789 0
1116 0.1965928955258855 0.2229131807571734 0
1117 0.210453465232992 0.2260973820435707 0
1118 0.2054216594778888 0.2094235598194553 0
1119 0.2258339681472064 0.2092963131456084 0
1120 0.2149006937758496 0.1921709261332036 0
1121 0.2329510175831598 0.1939239526022218 0
1122 0.1907345049284584 0.1864119284665916 0
1123 0.189142848489856 0.3263719481728392 0
1124 0.115724154252982 0.3005412898933717 0
1125 0.2252500614349243 0.1757535593841243 0
1126 0.2455438372805297 0.1790953918686563 0
1127 0.2155002137474487 0.2362726324544925 0
1128 0.1662167070281306 0.2312645742355591 0
1129 0.2366124536265186 0.1574944991911904 0
1130 0.261882167934896 0.1631497098370827 0
1131 0.1959513228778344 0.2670449663908248 0
1132 0.2495934757369056 0.1379786624386221 0
1133 0.2729764696966027 0.1405505706265073 0
1134 0.2394345295705237 0.2084804113017165 0
1135 0.2798172029382096 0.1567015700383361 0
1136 0.2927557520454833 0.1462166479609518 0
1137 0.1022193898720283 0.3608457660479898 0
1138 0.1349338035985559 0.2740282775762919 0
1139 0.2136870705700979 0.1544801781025764 0
1140 0.3049266736262765 0.1624731830974238 0
1141 0.3110812158951789 0.1481614235666756 0
1142 0.2910604626249007 0.1749202224203565 0
1143 0.3065794249193541 0.133400908047442 0
1144 0.3242465479834094 0.1362064725171414 0
1145 0.3165867019010578 0.1610039394879264 0
1146 0.1605455079963594 0.3210337864289881 0
1147 0.2626557383879331 0.114923842237224 0
1148 0.1488743846791021 0.3604911866773636 0
1149 0.07537427420916171 0.409224979332115 0
1150 0.3188854677951595 0.1170853051606947 0
1151 0.336341963324215 0.1211750890292322 0
1152 0.3616229757920394 0.1651969975918356 0
1153 0.3686303475790192 0.1671893846036523 0
1154 0.3669312404558606 0.1603795260360277 0
1155 0.3733887732391094 0.1619847052857317 0
1156 0.3717521996304147 0.1558537921418786 0
1157 0.3780231037444228 0.1572165235319826 0
1158 0.3762357880493931 0.1514969525056337 0
1159 0.3797432047449607 0.1634892588632929 0
1160 0.3548464263304347 0.1625759981007595 0
1161 0.3662167825750799 0.1539559536096178 0
1162 0.3490032479416251 0.1662769607625715 0
1163 0.3844458233227377 0.1586018464267355 0
1164 0.3483870858852884 0.1595469408619201 0
1165 0.3424041464130781 0.1635627109012454 0
1166 0.386223004099352 0.16495361090547 0
1167 0.3418170306759152 0.1562255776736778 0
1168 0.3484224756463122 0.151542294296193 0
1169 0.3355503983719578 0.1605572185588424 0
1170 0.336071476658193 0.1678630292184396 0
1171 0.2117113833807966 0.329415892885387 0
1172 0.2059811218966532 0.3187963185913486 0
1173 0.3327998273396358 0.1009925542731176 0
1174 0.3561327209842799 0.1104095016809743 0
1175 0.348555104514254 0.08285629162781738 0
1176 0.3732457916020605 0.08830085816804212 0
1177 0.3783050872699928 0.1111579270494285 0
1178 0.3947349107863131 0.1019452257950219 0
1179 0.4326683926586994 0.1444567115091212 0
1180 0.4255156334052519 0.1422140551665207 0
1181 0.4307922441380488 0.1374658717825472 0
1182 0.4376048098148215 0.1392983056157056 0
1183 0.4358177885504808 0.1326310899061036 0
1184 0.4239628111770675 0.1352786141443273 0
1185 0.4187460964524007 0.1399594777849928 0
1186 0.4173100009965109 0.1333542386107395 0
1187 0.4121133911790169 0.1379702931105676 0
1188 0.422267676406994 0.1277736062477656 0
1189 0.4106788095768662 0.130790929558518 0
1190 0.4054572920620463 0.1358476528265721 0
1191 0.4071146825754488 0.1424614484263343 0
1192 0.400746203877896 0.1406672504652068 0
1193 0.4024046817617137 0.1466529271216225 0
1194 0.396289972781096 0.1450544344590069 0
1195 0.3944018780185603 0.1390467718728265 0
1196 0.4035240943417919 0.1282751937593157 0
1197 0.4100040047655988 0.1217951917259572 0
1198 0.3979548943387657 0.1506815039441979 0
1199 0.3899721878316436 0.143511225032651 0
1200 0.3876644556072974 0.1367611716015038 0
1201 0.3089019433677286 0.172330398677316 0
1202 0.2083049916089725 0.2511532708457861 0
1203 0.2204450017484104 0.2494218404983726 0
1204 0.2188525174684451 0.3198046227614118 0
1205 0.2137196800001834 0.3092711844402316 0
1206 0.2025322032514823 0.3085017651500073 0
1207 0.2086462363381817 0.3004731282287861 0
1208 0.2002523478198735 0.2994953218348161 0
1209 0.1953497058827738 0.3052698474304534 0
1210 0.2046020098131104 0.293275233637745 0
1211 0.1975910237314628 0.2927968474441767 0
1212 0.2013549928700787 0.2870250875524004 0
1213 0.2081060743761509 0.2871409521602567 0
1214 0.194563181706152 0.2867459551422529 0
1215 0.2049326538070038 0.281209185421719 0
1216 0.2115026028384033 0.2813903160100817 0
1217 0.2084450915525899 0.2757248711181468 0
1218 0.2148998166672615 0.2758603431916564 0
1219 0.2117365576933813 0.270305383030087 0
1220 0.2181178569341168 0.2703600355457715 0
1221 0.2149974411153889 0.2647679837119553 0
1222 0.2212962070782201 0.264857844010067 0
1223 0.2181177241614787 0.2815401556529868 0
1224 0.3910690231887967 0.1599275158256239 0
1225 0.269315663822326 0.1768604971277704 0
1226 0.2581720380697565 0.1919153404652181 0
1227 0.2284494796528919 0.2211166496570378 0
1228 0.2427589375046667 0.2227498771044231 0
1229 0.1259878274531432 0.45396338954718 0
1230 0.1246875071951346 0.4471045350084528 0
1231 0.1306350444280516 0.442966694164362 0
1232 0.1239744564780523 0.4398565195509493 0
1233 0.1301555985622525 0.4357325614870657 0
1234 0.1363359558019306 0.4388291309287166 0
1235 0.1361427052756479 0.43209916118671 0
1236 0.1418553226516144 0.435214413951258 0
1237 0.1417087428350423 0.4286065350798797 0
1238 0.1423309718908851 0.4418834978178861 0
1239 0.1360813188549614 0.4252987506969975 0
1240 0.1419706955240362 0.4218426052176209 0
1241 0.1360657290679812 0.4184682644040292 0
1242 0.1419121385778394 0.414934689809115 0
1243 0.135859482927116 0.4116157935970454 0
1244 0.1418182337492778 0.4080714441630453 0
1245 0.1355953967082174 0.4046155999887644 0
1246 0.1417603400142441 0.4010876645010727 0
1247 0.1477849155898194 0.4044492688007503 0
1248 0.1477068543397928 0.3978653688230858 0
1249 0.1532355683371939 0.4012471663403335 0
1250 0.1532276304264441 0.3948678962831593 0
1251 0.1588385542256244 0.3980622917350299 0
1252 0.1480121895964652 0.3916045335715809 0
1253 0.1533812430340558 0.3887481466950088 0
1254 0.1483731543928175 0.3857109266578079 0
1255 0.1535662432851355 0.3827955564542447 0
1256 0.1483905884071721 0.3796207357777481 0
1257 0.1537257744007913 0.3766038365785831 0
1258 0.1483054717817466 0.3732204069703073 0
1259 0.1539223943534318 0.3702705995082083 0
1260 0.1489851249454071 0.4373779300988369 0
1261 0.4037342013660047 0.1524994379339013 0
1262 0.158852817903166 0.379879881765989 0
1263 0.1188609914032671 0.5048828041039274 0
1264 0.1682731374248224 0.3068305582573957 0
1265 0.368387636915685 0.06346409948253151 0
1266 0.2346806169014616 0.1134732151903317 0
1267 0.2490525243753682 0.08367633116068446 0
1268 0.08614624888192235 0.5617488868710222 0
1269 0.3070625049245383 0.09651394138734098 0
1270 0.1294453316369193 0.4084506863883003 0
1271 0.2242685078785246 0.2702606265215094 0
1272 0.2277314218756203 0.2649353331423155 0
1273 0.2245576565709247 0.2594270554912237 0
1274 0.2312247085776615 0.2591185506669263 0
1275 0.2347984282981707 0.2651702311532954 0
1276 0.2385638533692122 0.2589157585245261 0
1277 0.2346018633727215 0.2525851244885012 0
1278 0.2420487372465663 0.2522813810542182 0
1279 0.2381319015255391 0.2460224428629858 0
1280 0.2426652567361924 0.2659836895340478 0
1281 0.2454377205937552 0.245767315123161 0
1282 0.2415454022396064 0.2397837552373563 0
1283 0.2344528383634941 0.2402671751378785 0
1284 0.2485282855044576 0.2393492685333983 0
1285 0.2377550952123736 0.2340760332486032 0
1286 0.1983396630610886 0.3151319441623148 0
1287 0.1199840825792451 0.4885279778022381 0
1288 0.07528133487963518 0.5935482737243549 0
1289 0.8378104491065752 0.4208683760358674 0
1290 0.8369203694712661 0.4064204567588743 0
1291 0.8459009894362192 0.4119905548593017 0
1292 0.1759641239829741 0.6945774023854895 0
1293 0.1721767779510033 0.7007043472679937 0
1294 0.190742409021135 0.2924408604347759 0
1295 0.1876614945399161 0.2861718037749431 0
1296 0.1914247053631687 0.2802732937293959 0
1297 0.1469537132238198 0.5118685952885663 0
1298 0.3931946757096543 0.1669934049252193 0
1299 0.2132837252717814 0.6810135599249376 0
1300 0.4490588389760867 0.1529047852261718 0
1301 0.4550174004055363 0.1455492333711778 0
1302 0.6654944957539785 0.8161979678888127 0
1303 0.05367666152081607 0.6086566591331602 0
1304 0.1591381852654296 0.4046714089042858 0
1305 0.3407109999040307 0.1475067068370883 0
1306 0.3482528200751133 0.1420455410187511 0
1307 0.2857142782424208 0.7941763789511457 0
1308 0.3820517376397513 0.8437110841213141 0
1309 0.5723337780803605 0.7391902875491037 0
1310 0.5937273693354124 0.7148285934858793 0
1311 0.3819775379928231 0.1424211040641365 0
1312 0.3803105035795633 0.1359282034725821 0
1313 0.3733124189339026 0.1401101362550727 0
1314 0.3715709806234524 0.1317726039942486 0
1315 0.5540539809047373 0.5319909607681461 0
1316 0.1495492261763161 0.529221751798525 0
1317 0.1141906203466345 0.4664754113073208 0
1318 0.230098059131221 0.234478227165272 0
1319 0.2027248005108918 0.7031709672060318 0
1320 0.7032985334172519 0.5655916209017409 0
1321 0.202087531893915 0.2756512906362066 0
1322 0.8231570206355524 0.3511737182433566 0
1323 0.1319897404639726 0.5347775032434502 0
1324 0.1274942468004623 0.537919014666054 0
1325 0.1278837931982971 0.5445586398351269 0
1326 0.1273700088201484 0.5327311386485174 0
1327 0.1842158063351412 0.3465545366641143 0
1328 0.1814886313686944 0.3353121832963056 0
1329 0.2275117693156136 0.2410336899106573 0
1330 0.2085867988308368 0.2645702904580907 0
1331 0.679357051455168 0.1973055518841479 0
1332 0.1325094806609345 0.5228853615097756 0
1333 0.1290280846463251 0.5251873032865623 0
1334 0.1292310889872684 0.5194195479890327 0
1335 0.1238267823193397 0.5231045482972073 0
1336 0.1231724529591988 0.5171895678601379 0
1337 0.4561821539146049 0.8682083416167088 0
1338 0.4636262374291243 0.8673918486865118 0
1339 0.1513562572420816 0.6217880956040455 0
1340 0.1529235262256243 0.6285127324044177 0
1341 0.4675917323123144 0.8717161780612642 0
1342 0.2929751652339956 0.7942271327544124 0
1343 0.3243247860236537 0.1519476113337381 0
1344 0.4076682899133096 0.5860119062958432 0
1345 0.5347958936591133 0.8696233448830907 0
1346 0.6368700665477373 0.8136614671228781 0
1347 0.2847615128421887 0.3614101869025442 0
1348 0.2775624861553498 0.7753158465754832 0
1349 0.1652568874804799 0.4010222116086628 0
1350 0.5244309390327112 0.8003698274214113 0
1351 0.3813340622208019 0.1702086178774386 0
1352 0.5760247147030999 0.2865926851255652 0
1353 0.399213384378429 0.1564982871899218 0
1354 0.3885719998795355 0.1538566911526528 0
1355 0.4386227626206634 0.2198168905888171 0
1356 0.5194333948826467 0.2228658141089474 0
1357 0.1589239419794885 0.4923761505585634 0
1358 0.3227892412758401 0.8367451322978994 0
1359 0.329402094011064 0.1651670781409919 0
1360 0.3300301183149116 0.1724228471423584 0
1361 0.3364071229154179 0.1751841621348906 0
1362 0.2971480635718249 0.8529631109333422 0
1363 0.5589353347268577 0.4706176119647468 0
1364 0.5498370723585222 0.4310431291342497 0
1365 0.5207611252807508 0.4448755616111694 0
1366 0.3644956472510336 0.1386746637503939 0
1367 0.6533237145091517 0.8304202078177507 0
1368 0.6605375830280996 0.8313215752139714 0
1369 0.6488180103919464 0.8363746765220058 0
1370 0.7466877621446877 0.7155592430913417 0
1371 0.7614168825003347 0.703432164813322 0
1372 0.7611919377753309 0.7156986808161354 0
1373 0.7506168323815738 0.72864863454874 0
1374 0.7655070655944141 0.729734531489559 0
1375 0.7735687899165141 0.7047364883843725 0
1376 0.7756590035533901 0.7175218982383725 0
1377 0.1427056091362127 0.3765057085022371 0
1378 0.1874139326104457 0.604550004866112 0
1379 0.8409968553508854 0.5681736410785579 0
1380 0.3308249478369139 0.1792732288109202 0
1381 0.3242106875504316 0.176554856385612 0
1382 0.03443723175654778 0.4368766831624243 0
1383 0.5176814040529903 0.7753605364708912 0
1384 0.3809557592053767 0.8500493190578974 0
1385 0.7885071182712827 0.66211207882495 0
1386 0.7999883566800803 0.645266156093985 0
1387 0.8051857000950067 0.6634714027147468 0
1388 0.8225684784197247 0.3429470029678301 0
1389 0.8285181016729792 0.3457617419554921 0
1390 0.1812154725787235 0.6759796088086282 0
1391 0.1744852326081924 0.6765191631787508 0
1392 0.1712603878641559 0.6713322530774328 0
1393 0.07850594675628986 0.6454000273167206 0
1394 0.7024111734297505 0.2376479299553466 0
1395 0.5961140881386922 0.8414194315031129 0
1396 0.6061788173152939 0.8446635772203591 0
1397 0.612886519634639 0.8466880932412982 0
1398 0.6077170679002041 0.8513534545636913 0
1399 0.6146356040928896 0.8534866423142756 0
1400 0.6094400745361461 0.8583297186920511 0
1401 0.6161448297501696 0.8591015514885598 0
1402 0.602280777992239 0.8561821468330839 0
1403 0.6040224073119088 0.8636776127061594 0
1404 0.5953956705746261 0.860460742946652 0
1405 0.5980189615013382 0.8693031374950873 0
1406 0.607807896696941 0.8731865524954975 0
1407 0.5897199145804337 0.8668139987376546 0
1408 0.5919001460230957 0.8758752582199867 0
1409 0.6191119691761265 0.8478003870050079 0
1410 0.5829132119301943 0.8731377896626739 0
1411 0.5845116481494284 0.8833135310491822 0
1412 0.5962194319194289 0.8867667510298938 0
1413 0.5860019723129177 0.8969873583054372 0
1414 0.6028401122744039 0.9013371275707867 0
1415 0.6295806303807966 0.8415203878897475 0
1416 0.6327390320114248 0.8478859453073146 0
1417 0.640136196633297 0.8483180034386378 0
1418 0.6353466788863266 0.8533116494943909 0
1419 0.6416353423396229 0.8569191192967756 0
1420 0.5892635068246599 0.9145922588306228 0
1421 0.6097479528759661 0.9202601403489346 0
1422 0.6223252349446544 0.9050031205658149 0
1423 0.6340973146712763 0.9308136721280109 0
1424 0.6455255486668936 0.9049423466623721 0
1425 0.6439438658761087 0.8817561242683347 0
1426 0.6638064028165301 0.8862605830461727 0
1427 0.5704589434846027 0.9070397812065111 0
1428 0.6737306793499483 0.9079951173621781 0
1429 0.6869969689390174 0.8866599118832751 0
1430 0.6753360228439058 0.8664363954686032 0
1431 0.6978797369472 0.8640424516394918 0
1432 0.7133969415404331 0.8863940284168275 0
1433 0.7211504925599955 0.8642484650786271 0
1434 0.709976988809457 0.8434313648477592 0
1435 0.7294401710794637 0.8446913701888579 0
1436 0.74416256978185 0.8618835437388723 0
1437 0.7494623842440629 0.8348566381188627 0
1438 0.7682755640616581 0.8566691881075806 0
1439 0.7750043797219779 0.8331498994776479 0
1440 0.7950139119138127 0.8523370675226131 0
1441 0.7993348708616816 0.8242662708599755 0
1442 0.7846684400759385 0.8051108263786707 0
1443 0.805277771600176 0.7984895531668261 0
1444 0.7951773099600297 0.7828970252492136 0
1445 0.810710597563149 0.7763324202108977 0
1446 0.774388605745679 0.7907076282711136 0
1447 0.824494026731706 0.8476452034363071 0
1448 0.8031850309166646 0.7602839521687839 0
1449 0.8194146012268766 0.7568582754297898 0
1450 0.834083043003755 0.7711142965665683 0
1451 0.8383533042597322 0.7504084625170813 0
1452 0.8230864486999416 0.7371069447012437 0
1453 0.840176185755491 0.7312395312501588 0
1454 0.8290802037876461 0.7231020287756781 0
1455 0.8394654270041508 0.712316797027026 0
1456 0.8537839018966995 0.7210902120721744 0
1457 0.8575714248921471 0.7038962040925727 0
1458 0.8740223621037034 0.7143779026386388 0
1459 0.8574796553935939 0.7657784136722364 0
1460 0.8273933568307764 0.7037169807209402 0
1461 0.8164997283909552 0.7103629363780778 0
1462 0.8753543495843545 0.6932154078361527 0
1463 0.8541723428387211 0.6866484333878051 0
1464 0.8708034806566813 0.6739837473276532 0
1465 0.8973188699988344 0.7045728716864876 0
1466 0.8596182298227524 0.6649157205388975 0
1467 0.8693612331534839 0.6564456036617905 0
1468 0.8439148384730852 0.675216684281205 0
1469 0.7191111019453355 0.8313429830501664 0
1470 0.8601498798957856 0.6489827372783277 0
1471 0.8682508654734385 0.6419391216544408 0
1472 0.8588023303442933 0.6355294466564264 0
1473 0.8678090915743306 0.629525354609535 0
1474 0.8812967721907139 0.6340539954918136 0
1475 0.8783955226130979 0.6183235337332433 0
1476 0.8885467773634745 0.660872127855529 0
1477 0.860024355937704 0.6238336284435723 0
1478 0.8513412819737607 0.6296839810193134 0
1479 0.7005120279276174 0.8311778758397398 0
1480 0.8952782307233653 0.6254979466533018 0
1481 0.8924127120093538 0.6087419811871423 0
1482 0.8940646516658223 0.7315133611147547 0
1483 0.879231521057677 0.6017269731831058 0
1484 0.8897511733634326 0.5919400037073479 0
1485 0.9064664765579244 0.5975311675063257 0
1486 0.9011626030583624 0.5800841909324116 0
1487 0.8846624536580778 0.5779977120025499 0
1488 0.8930293231445197 0.5660581195567363 0
1489 0.8833024557455136 0.5614675197973639 0
1490 0.8878776707890274 0.5534585093022639 0
1491 0.8779581583747543 0.5484896691658218 0
1492 0.8851060635597636 0.542113886998966 0
1493 0.8969588456269415 0.5430415579719772 0
1494 0.8919348482603284 0.5310479066513638 0
1495 0.9064986884235944 0.532117023756053 0
1496 0.9011218793354239 0.5197496499721019 0
1497 0.879614850442214 0.5325890849684088 0
1498 0.8706034733896657 0.5584314892852876 0
1499 0.8545998034687173 0.568574663917797 0
1500 0.8602321941024542 0.5713271895423004 0
1501 0.8609248966019374 0.5777366855797293 0
1502 0.9118855911350635 0.5476546762948596 0
1503 0.9178785177083029 0.5195572385244078 0
1504 0.9075084395294388 0.5045578466035797 0
1505 0.8941843304893204 0.5011742375958561 0
1506 0.898928031653387 0.4899634688188679 0
1507 0.8879328037288963 0.4873699685268375 0
1508 0.89194074567994 0.4779536433836125 0
1509 0.8806692686362574 0.4753110773386061 0
1510 0.8874013715537762 0.4665685637793818 0
1511 0.8999328204668381 0.465594527334407 0
1512 0.8924851200711226 0.4538740603797716 0
1513 0.9082574460155928 0.4524736072658957 0
1514 0.8989426420642828 0.4397431050382462 0
1515 0.8837776146305385 0.4410182028681918 0
1516 0.8894894601253953 0.4280129791357173 0
1517 0.9056105120503469 0.4248689713051997 0
1518 0.892292998198881 0.4115746594283487 0
1519 0.8746064370525359 0.4302202125942079 0
1520 0.8745885502365127 0.440620458900897 0
1521 0.8752790959368896 0.4865251836250656 0
1522 0.9170016974597491 0.4671209321749534 0
1523 0.9129098958331581 0.405481716129023 0
1524 0.8984861238183206 0.3932262145441289 0
1525 0.8823586574445497 0.3991298744955082 0
1526 0.8838014537437231 0.3843819892253413 0
1527 0.8700877000978201 0.3857213499511514 0
1528 0.874744515133512 0.3742526762218604 0
1529 0.888186688908267 0.3672620976458151 0
1530 0.8725324127843445 0.3581451123495473 0
1531 0.8919528787242261 0.3500339479985147 0
1532 0.8769198451965536 0.3376496589268315 0
1533 0.8969579496860987 0.3298126950692281 0
1534 0.8800216628133404 0.3142629788841911 0
1535 0.9027452245919785 0.3055461641112335 0
1536 0.8823781769215271 0.2908164122160382 0
1537 0.860174830894048 0.3007870955171468 0
1538 0.8625080523803839 0.2783594567557576 0
1539 0.842809588100867 0.2865985635364952 0
1540 0.8444994281887341 0.2668787827196604 0
1541 0.8178756349445755 0.32554007435367 0
1542 0.8242995089996065 0.3289880900049292 0
1543 0.8309905424754269 0.2755910976635758 0
1544 0.8284264691410643 0.2594728568608695 0
1545 0.8459725593555847 0.2473986084135665 0
1546 0.8232058335296055 0.2378476515188147 0
1547 0.8133994350629925 0.2643210547140074 0
1548 0.8837786318814821 0.2658000475777026 0
1549 0.8240447574528351 0.3222337287141823 0
1550 0.8301099928774487 0.3255190673092863 0
1551 0.8480970188152674 0.2243366734193103 0
1552 0.8261089645772138 0.212040831802364 0
1553 0.8107947439637786 0.2216916979226599 0
1554 0.8046221088434387 0.2033190146047458 0
1555 0.8261409419722815 0.1870057282324025 0
1556 0.7878517585493556 0.2108090827976013 0
1557 0.7845760377433879 0.1944775158601873 0
1558 0.7695501534507835 0.200410410485121 0
1559 0.7665267526611262 0.1858851248335824 0
1560 0.7532546602148095 0.1914301797407958 0
1561 0.7505001288549407 0.1770184435614501 0
1562 0.7378710701696481 0.1835660491312688 0
1563 0.7352301388180482 0.1698909798483559 0
1564 0.7210629013604906 0.1746828947556617 0
1565 0.7221521183621147 0.1613890979514567 0
1566 0.7106010718455815 0.1689310508877514 0
1567 0.7089336579696701 0.1530856665066762 0
1568 0.6729208912355578 0.1813270840721098 0
1569 0.6694686767170177 0.1754454834801668 0
1570 0.7227130600827838 0.1435763397469244 0
1571 0.6761474061599037 0.1752835340488935 0
1572 0.6728262415075029 0.1695341258061147 0
1573 0.6656538242523905 0.1698702188723488 0
1574 0.6686353820253882 0.1634079994908277 0
1575 0.7677279253909591 0.1610301801171994 0
1576 0.7018562730248307 0.1360129373802921 0
1577 0.722693783775835 0.1226295612330343 0
1578 0.6797434387246253 0.1808769222854664 0
1579 0.6827409045679246 0.1749339995949608 0
1580 0.6864041000493193 0.1805408688556497 0
1581 0.6786176289725971 0.1635740440600725 0
1582 0.673681700274027 0.1532765220237801 0
1583 0.6637521779803222 0.155930028865971 0
1584 0.665997201791525 0.1477222211554308 0
1585 0.7699243542691465 0.2205085522904481 0
1586 0.8300365100890568 0.3187928167363303 0
1587 0.8238782464754817 0.3153147035089766 0
1588 0.7242880178232783 0.1912004152680769 0
1589 0.8366313562543547 0.3220254897127252 0
1590 0.8364948441102007 0.3301496947479055 0
1591 0.8124462635038254 0.2810068558124853 0
1592 0.8612189221118158 0.3635968727715604 0
1593 0.8440372883511726 0.325866514370391 0
1594 0.8447637951911917 0.3352806823535067 0
1595 0.8768833713321429 0.466981894581754 0
1596 0.9241079441800847 0.4234714509156617 0
1597 0.867370545051797 0.3994106508230124 0
1598 0.8299780427115312 0.3118789352030825 0
1599 0.8236046341512048 0.3081123644375485 0
1600 0.6896863701081499 0.1744188260776031 0
1601 0.6932319336288293 0.1802150751598539 0
1602 0.6900594666565105 0.1860921462964829 0
1603 0.6967014568236054 0.1859245570726417 0
1604 0.8598930577680264 0.5653706191830581 0
1605 0.8547412427598311 0.5626890708980345 0
1606 0.8646016175826428 0.5679604740347024 0
1607 0.859738219327585 0.5598406968425332 0
1608 0.851887730213401 0.790639785118482 0
1609 0.6935364121069483 0.1916397558455192 0
1610 0.7000182057760022 0.1917977351115554 0
1611 0.7005210232725083 0.1130135431858428 0
1612 0.7222640563176221 0.09646673331198824 0
1613 0.7479641650788553 0.1083596475954433 0
1614 0.6836649878936683 0.1536311299577996 0
1615 0.7033079722081897 0.1859307467539961 0
1616 0.706711349458904 0.1916601377914937 0
1617 0.8177520082453786 0.3117976381751061 0
1618 0.817058642781617 0.3048072152792903 0
1619 0.8234229011108172 0.3005395693497401 0
1620 0.8161975732465616 0.2975216756773176 0
1621 0.8471927754752238 0.6558761259551552 0
1622 0.8105599305131701 0.3019818571567144 0
1623 0.8094178114167752 0.2948695769945204 0
1624 0.8720094853078002 0.4738565547664967 0
1625 0.8688027402890004 0.4671313298270272 0
1626 0.8726384948148327 0.4606686505950147 0
1627 0.7825549729361476 0.7668951516294895 0
1628 0.9075446219117558 0.3624110836142314 0
1629 0.938219891871385 0.3996243831175323 0
1630 0.9251927279158709 0.7205371311073892 0
1631 0.8043431499835326 0.2992963623660997 0
1632 0.8029065654642058 0.2923246995144227 0
1633 0.8531654929087789 0.3294726945527222 0
1634 0.8527474150246689 0.3401887274729734 0
1635 0.8435203674346354 0.3450407791325244 0
1636 0.7596653010009826 0.8844698916428076 0
1637 0.7532048429871896 0.2103165278370383 0
1638 0.9214061142603195 0.6891921618271564 0
1639 0.879623526594943 0.4991641316941599 0
1640 0.8093896502654372 0.726877882239635 0
1641 0.8516514396254445 0.3497609689600868 0
1642 0.844088848480794 0.3542495259264484 0
1643 0.8314468463042308 0.3527615794547144 0
1644 0.7389110589453988 0.2012205402485867 0
1645 0.8652477404348172 0.4609827176166268 0
1646 0.8682209153164232 0.4551426024938093 0
1647 0.8619028602788793 0.4555034391407764 0
1648 0.8645319215991069 0.4502083623905999 0
1649 0.8588900206188672 0.4506167398840737 0
1650 0.8612925279509395 0.445577127799779 0
1651 0.8561269179825393 0.4460360166224815 0
1652 0.858122116342972 0.4410417192656582 0
1653 0.8755588191167456 0.4538554231630416 0
1654 0.7883181145540312 0.2355310768772087 0
1655 0.9201766780434598 0.5831754757378851 0
1656 0.926065064540637 0.6055338972085437 0
1657 0.8493487533421651 0.642132311728968 0
1658 0.8828658987806872 0.7811332856002288 0
1659 0.8745862050213993 0.8156369716778505 0
1660 0.9148969185682878 0.7595079709377179 0
1661 0.8521816517860472 0.4417783595666562 0
1662 0.8548873845305985 0.4364948008869812 0
1663 0.8603482130817384 0.4360611934461529 0
1664 0.8574726575570675 0.4315035454598172 0
1665 0.8627670698223808 0.4310614394857446 0
1666 0.8598464105364394 0.4264313972843832 0
1667 0.8540607560245536 0.4268775838549695 0
1668 0.8566526838599621 0.421532783674054 0
1669 0.8626067000868312 0.4213449072750547 0
1670 0.8594773385966555 0.4161104952871074 0
1671 0.8658328602234564 0.4160731882398347 0
1672 0.8548266261029398 0.5569306138607755 0
1673 0.8597614261197938 0.5544790198731098 0
1674 0.8506277362131206 0.4221122633027115 0
1675 0.8282429521627864 0.3400473042242489 0
1676 0.8334947161403599 0.3415756377804418 0
1677 0.862231266597177 0.4669106540865388 0
1678 0.8837757032940952 0.5157893596244533 0
1679 0.8624531781418872 0.4105815388940455 0
1680 0.869399902699974 0.4106382140714173 0
1681 0.8733553689145743 0.4177843292828117 0
1682 0.8562587709089037 0.4108384688092807 0
1683 0.822641255251816 0.2926113152017103 0
1684 0.5749279919386305 0.8790173626616484 0
1685 0.6262966508574971 0.8353812440175639 0
1686 0.5880102227559507 0.8484145493058395 0
1687 0.7101688722727408 0.1854863655254292 0
1688 0.9290279736613318 0.5029625168861065 0
1689 0.9397783995528002 0.5223231197197326 0
1690 0.8588024085103493 0.4048670443393536 0
1691 0.8524060630770476 0.4053964110214382 0
1692 0.8550653785204499 0.3991379093112272 0
1693 0.8484944451496749 0.3997012600910419 0
1694 0.851319520775792 0.3936790104181216 0
1695 0.844779310913591 0.3942065100040082 0
1696 0.8477138961976685 0.3881008438453653 0
1697 0.8541239972456167 0.3876124031811992 0
1698 0.8504727843338779 0.3819388191680314 0
1699 0.8570522506785502 0.3814273516009473 0
1700 0.8530898173778019 0.375882373257774 0
1701 0.8466696535310707 0.3764505412065115 0
1702 0.8490834790038779 0.3706091757024977 0
1703 0.8427912776002384 0.3713158585683318 0
1704 0.8450229023228849 0.3657694204408827 0
1705 0.8390400801466027 0.366369110530021 0
1706 0.9726974730167338 0.4369853011094877 0
1707 0.8432163190296916 0.3154750578729829 0
1708 0.6285156317632616 0.8545394544641038 0
1709 0.6326080902390672 0.861323438896783 0
1710 0.7477224675625495 0.07721481759819282 0
1711 0.6854887169087928 0.1685815868823434 0
1712 0.6935797196333335 0.1679890102930774 0
1713 0.8504021585503867 0.3569440139015037 0
1714 0.6796075238208439 0.1282180221820324 0
1715 0.6780384799423289 0.1050949190756494 0
1716 0.6610322798835979 0.1184294650130222 0
1717 0.6097678695005758 0.1523246632877146 0
1718 0.6061353372440175 0.1463627469652179 0
1719 0.6578794253654947 0.1486536801924196 0
1720 0.6564842526093383 0.09669412080870704 0
1721 0.6434357070186908 0.1105254433669673 0
1722 0.6134416702854085 0.1464052630343757 0
1723 0.6102196985903172 0.1401190439795327 0
1724 0.6024208110756929 0.140190586326901 0
1725 0.6076731709410222 0.1324830197973278 0
1726 0.597256379734377 0.1333129859525616 0
1727 0.6026284124272017 0.1242990025162055 0
1728 0.6167463794979986 0.1524345087075427 0
1729 0.6205632701806589 0.146446041904748 0
1730 0.6240116433121584 0.1526932517649213 0
1731 0.6279588577590678 0.1464759569449672 0
1732 0.6312424995699811 0.1529455616964289 0
1733 0.6243881352696683 0.1395849057078149 0
1734 0.6330859486098894 0.13985138021205 0
1735 0.653730780297632 0.157015765354758 0
1736 0.627385899461965 0.1589207760817035 0
1737 0.6344122323353355 0.1592603391610094 0
1738 0.6383856485595562 0.1538890481757141 0
1739 0.5852086210994977 0.147925283962373 0
1740 0.5818106541198558 0.1419689069813153 0
1741 0.574909912465009 0.1412554429745014 0
1742 0.5788796750395475 0.1362045549017565 0
1743 0.5719811112794476 0.1351233411724885 0
1744 0.577171651242393 0.1297128772722826 0
1745 0.567990018698149 0.1407202961194474 0
1746 0.5649558338641201 0.1344967153373967 0
1747 0.6364319486313932 0.089575585751969 0
1748 0.6306930645566724 0.1651072185064241 0
1749 0.5926033700076752 0.1239373950548647 0
1750 0.5982781710793204 0.1135830050156044 0
1751 0.5853778530695365 0.1135232384977354 0
1752 0.5925115157317757 0.1014048606616962 0
1753 0.5767705257106206 0.09883541863854023 0
1754 0.6415290953764035 0.1598552938989983 0
1755 0.6121512161077386 0.1257802008216805 0
1756 0.6288365132184668 0.1314373666129307 0
1757 0.5607779417914127 0.1398328420139887 0
1758 0.5581771534257756 0.1338498765646602 0
1759 0.5619520273553561 0.1280591099955952 0
1760 0.553943797337626 0.1284542226266314 0
1761 0.5588342031811642 0.1211101827285682 0
1762 0.5503807118888228 0.1204124328114784 0
1763 0.5458003274117365 0.127430764575412 0
1764 0.5420692527858004 0.1205552526421937 0
1765 0.5386041360788341 0.1275130169222009 0
1766 0.555029973062822 0.110648778854336 0
1767 0.6261314721666218 0.03505263224876071 0
1768 0.5886669088992258 0.1422174772676319 0
1769 0.5920355961025741 0.1475507742363118 0
1770 0.5420248317846542 0.1334637171329898 0
1771 0.5355637183396909 0.1334622713595828 0
1772 0.532046684604346 0.1282788244843229 0
1773 0.5295562756481662 0.1340970413013973 0
1774 0.5259114379805413 0.1294447226790242 0
1775 0.5277911678176536 0.1244061654297389 0
1776 0.5236288450391954 0.135040999112029 0
1777 0.5198880714826997 0.1302080150746156 0
1778 0.5175678106233539 0.1359639516062996 0
1779 0.5136506583375446 0.1309551256369488 0
1780 0.5159626055508213 0.1252915422216351 0
1781 0.5113082066672258 0.1368242484691291 0
1782 0.5073548691202409 0.1318233706185523 0
1783 0.5050569849773497 0.1377313447097103 0
1784 0.5010372323737475 0.1326504610999594 0
1785 0.5034515915177831 0.126996766629862 0
1786 0.4987075081241171 0.1386671816994265 0
1787 0.4947225219016869 0.1336755146573345 0
1788 0.5272951786363449 0.1396886249139361 0
1789 0.5023609741701967 0.1448409177908422 0
1790 0.5672751411085115 0.1217195975748293 0
1791 0.5892985269758092 0.08195034613938768 0
1792 0.5682583643739452 0.08145658220245555 0
1793 0.5637230030909537 0.145337740742947 0
1794 0.5489477691791727 0.1336136790924695 0
1795 0.649132216657053 0.1491455526562863 0
1796 0.6505693893031147 0.140045914065582 0
1797 0.6401362834540969 0.1342770478654355 0
1798 0.8592648807299856 0.3756270371322546 0
1799 0.8149265114682014 0.8806381478425549 0
1800 0.8522132549884811 0.8715277253919829 0
1801 0.868767051101843 0.9488450528166856 0
1802 0.4007516924288874 0.1184369202576664 0
1803 0.3846841652444321 0.1274226966208526 0
1804 0.4108575147650651 0.1089167936994484 0
1805 0.4132264591060235 0.09163452261142252 0
1806 0.4267560506114259 0.1035737061762817 0
1807 0.4308528591725964 0.08466629725400054 0
1808 0.4458427108065449 0.100529088683101 0
1809 0.4486232921920125 0.08234496535452313 0
1810 0.4643164556320448 0.09536039244644534 0
1811 0.4583863341593138 0.1073375266041321 0
1812 0.476281325973292 0.1032159305829233 0
1813 0.4725097009174513 0.1190591989947093 0
1814 0.4817751079033115 0.09054669284616351 0
1815 0.4954319674417367 0.1032627710706463 0
1816 0.4993890797727581 0.08515064203056671 0
1817 0.5105385011423971 0.1001087580382054 0
1818 0.5170806913082328 0.08089752533700673 0
1819 0.5294172688380561 0.0954579182137732 0
1820 0.4441042374199329 0.1131895832589909 0
1821 0.455254416087353 0.1223528700824027 0
1822 0.4424605553802983 0.1345302963458572 0
1823 0.444178752847284 0.1409617785191596 0
1824 0.4489052636474522 0.13636982644158 0
1825 0.534812009768988 0.07598618502110133 0
1826 0.4492251153266705 0.1289238528518762 0
1827 0.4539864599530481 0.1330043128960253 0
1828 0.5041684185439146 0.1104881541497656 0
1829 0.489791767418108 0.1147126389619921 0
1830 0.5189507136496136 0.1100927711609108 0
1831 0.5413861368058097 0.03260227086107281 0
1832 0.3767737975303648 0.8453088194116209 0
1833 0.2820294415585515 0.3901905303530787 0
1834 0.458839016035003 0.03701177047639137 0
1835 0.3578265864734752 0.8062737681035954 0
1836 0.1532367810624765 0.6568345713610425 0
1837 0.5816200509199049 0.8643960719521597 0
1838 0.5750660631381173 0.870541987328828 0
1839 0.2746474399793603 0.7094982887369213 0
1840 0.853293303879322 0.4509457286970099 0
1841 0.811665221014149 0.3215107402344645 0
1842 0.8408103741328623 0.692258010015731 0
1843 0.1325665910960825 0.5099284902631173 0
1844 0.1281074611738897 0.5077851513535304 0
1845 0.1276786188497041 0.5024806589059642 0
1846 0.30578771355366 0.2043020906637448 0
1847 0.4095411542475736 0.8478339232077663 0
1848 0.5376725030069518 0.817247131818203 0
1849 0.5545793399825805 0.8209336944450563 0
1850 0.7032368809965224 0.1977446874714107 0
1851 0.7100610811279262 0.1975390692925578 0
1852 0.7039350293354842 0.2119336150834133 0
1853 0.7179354878482692 0.2226054209203771 0
1854 0.7285128234703183 0.2220705004751846 0
1855 0.7075318858126546 0.2262678075754335 0
1856 0.7604382756440949 0.8170060793292995 0
1857 0.7363377930603484 0.8207808357981288 0
1858 0.7437448796997673 0.8031118348732436 0
1859 0.8624868243248294 0.3459619645899896 0
1860 0.2403759515770519 0.4477910785172061 0
1861 0.2375171490369273 0.416179923778039 0
1862 0.2393687753327485 0.4798783756579826 0
1863 0.1913855729151837 0.6552296138197603 0
1864 0.5874456994682551 0.8597723257662142 0
1865 0.1286643081001643 0.5132235477427373 0
1866 0.4905774400648832 0.8252618593616651 0
1867 0.1685529767451125 0.6763313298256257 0
1868 0.4324367502409113 0.5353498467922174 0
1869 0.4292490585874799 0.5580979773110054 0
1870 0.2968354254094486 0.8073624762709132 0
1871 0.3039288443598331 0.8098079904995901 0
1872 0.3099570775689473 0.8055400390734904 0
1873 0.3173207056395111 0.8085094134731909 0
1874 0.3163078916896421 0.800944901930725 0
1875 0.3025773576002422 0.8028567529230416 0
1876 0.1478228643324594 0.4183512318499355 0
1877 0.276250044077342 0.8279041422194293 0
1878 0.8684354043999527 0.6143695903178223 0
1879 0.8638644561697983 0.6014980460347175 0
1880 0.4968830455939369 0.8648706603239262 0
1881 0.4912993303632682 0.8670336417608373 0
1882 0.4679237019045082 0.8787228613011517 0
1883 0.473729171557263 0.8732355946258945 0
1884 0.4531170807412953 0.86141530003502 0
1885 0.6957557319026898 0.3006086033776543 0
1886 0.587455862997794 0.3194410745932009 0
1887 0.1360231609757697 0.5693077067418982 0
1888 0.2262811165889346 0.7273489957047369 0
1889 0.1717839764641365 0.8963931996759567 0
1890 0.7570763433619385 0.2616229209304671 0
1891 0.7447656009284906 0.2493017522181439 0
1892 0.7456455602140339 0.2396271935312878 0
1893 0.4139983526764676 0.8727087529955497 0
1894 0.4403953774621412 0.8641993454507202 0
1895 0.6650018823229052 0.8264589607255822 0
1896 0.6672847076421562 0.8323544381480047 0
1897 0.6630866778204818 0.8378777678898496 0
1898 0.6717004751892542 0.8273130835626137 0
1899 0.6738761172751204 0.833731056278644 0
1900 0.6782890013446051 0.8283248385902225 0
1901 0.6807302572705038 0.8351072246551379 0
1902 0.6755571011530882 0.84111670152409 0
1903 0.6844467419789542 0.8433284335280533 0
1904 0.6759450998286261 0.8221449573434937 0
1905 0.6824285177627174 0.8229487677828815 0
1906 0.6800854071069813 0.8170417475275469 0
1907 0.686416003891644 0.8176569775928541 0
1908 0.6840366294826831 0.8117685053042349 0
1909 0.6903806927473989 0.8123333410974697 0
1910 0.6929102570110486 0.8184073719557132 0
1911 0.6968972089376219 0.8132056241558453 0
1912 0.6943733456596971 0.8071248926877641 0
1913 0.7009402835449751 0.8079699100025898 0
1914 0.7036036569721108 0.8141336609306021 0
1915 0.7075776784985115 0.8088275081807885 0
1916 0.7125706187515831 0.7862275489610058 0
1917 0.7049946248826925 0.8026825447379706 0
1918 0.7116147879887658 0.8034033697640162 0
1919 0.7146008826260741 0.8096497327015377 0
1920 0.7185620495416156 0.8039762751552282 0
1921 0.7156803788561991 0.7977818383541776 0
1922 0.7226138476251629 0.7980199614740029 0
1923 0.7258020921336614 0.8049303466885318 0
1924 0.7299652637161385 0.7984980064925536 0
1925 0.726524339899321 0.7919048751920392 0
1926 0.7337805808865818 0.7920447574198028 0
1927 0.7302431551171 0.7857466892054368 0
1928 0.737392346872268 0.7857155945010537 0
1929 0.7340810570050581 0.7795205379574297 0
1930 0.7410126418754153 0.7794625098054366 0
1931 0.7445100128369613 0.7857835928444739 0
1932 0.7478933413752464 0.7794351894549645 0
1933 0.7445075129605196 0.7734479997105748 0
1934 0.7510283008345973 0.7732794575927717 0
1935 0.7478227845830412 0.7677821930950528 0
1936 0.7539830849449465 0.7675640760702986 0
1937 0.7508818894333035 0.7624305606145663 0
1938 0.7567184457847589 0.7622189892760804 0
1939 0.7537182731564998 0.7574323016380924 0
1940 0.7594417794696895 0.7570356926938693 0
1941 0.7599746340488451 0.7671519652422556 0
1942 0.7562388670346483 0.7521307175139494 0
1943 0.7622525820732989 0.7517368598187972 0
1944 0.7587843063736401 0.7464453927740784 0
1945 0.765155667384724 0.7461345857818431 0
1946 0.7414657683467442 0.7677018290716754 0
1947 0.768547626991313 0.7514988098838891 0
1948 0.7714712596199638 0.7459213871619632 0
1949 0.7523567616062535 0.747908827270373 0
1950 0.7747758640345037 0.751296547304954 0
1951 0.7778586803130421 0.7456613834408663 0
1952 0.7811468858059364 0.7516573200167692 0
1953 0.7845910034167503 0.7456016728373083 0
1954 0.7809358236616734 0.739763249999199 0
1955 0.787789061549151 0.7393783105770614 0
1956 0.7839531527794096 0.7336701665853185 0
1957 0.7907326736425832 0.7331181403726773 0
1958 0.7945646789638627 0.738740478786105 0
1959 0.7870276723095904 0.7276430298356027 0
1960 0.7935110377449496 0.7270964512656206 0
1961 0.78998253697598 0.7219050114399397 0
1962 0.7961214274677886 0.7213798597879674 0
1963 0.7927299405654539 0.7163662352288167 0
1964 0.7988687852892167 0.7159175145136337 0
1965 0.7953537205900422 0.7107122778428338 0
1966 0.8018127886778863 0.7102159232754508 0
1967 0.7979978959513307 0.7047517579327921 0
1968 0.8047231537817821 0.7041355948046032 0
1969 0.8007201753355931 0.6986336729581529 0
1970 0.8073835137834813 0.6979742565427993 0
1971 0.8035272547491865 0.6926477463170084 0
1972 0.8099948072327419 0.6919994506175808 0
1973 0.8064112022336762 0.6866189274574999 0
1974 0.8127506207300917 0.6862199851628887 0
1975 0.7917719222442543 0.6976868416555164 0
1976 0.8162824619438623 0.6915184279206646 0
1977 0.8190478131843426 0.6857306424238319 0
1978 0.8153535037775592 0.68050054048831 0
1979 0.8217628162702353 0.6798947445545946 0
1980 0.8179205352087848 0.6745431224111982 0
1981 0.8244420793908223 0.6737587835649458 0
1982 0.8206089351489319 0.6684791765932483 0
1983 0.827051853061352 0.6677146422404768 0
1984 0.8232486923760316 0.6624481892305398 0
1985 0.8296518554798706 0.6617893242071919 0
1986 0.825873111123529 0.656559924242973 0
1987 0.7991826988849191 0.687163082883043 0
1988 0.8194256691581441 0.6572742780765923 0
1989 0.8322957548993801 0.655868048813363 0
1990 0.8284210047085568 0.6505697902252872 0
1991 0.8350641164726449 0.6498655887882057 0
1992 0.8283760948479648 0.6792084165820875 0
1993 0.7718936775941743 0.756758197013458 0
1994 0.751609123332094 0.7856728090929337 0
1995 0.8227246498119385 0.6911534008663496 0
1996 0.789266859959401 0.7112395331068591 0
1997 0.7478812657628844 0.7564979834581181 0
1998 0.802273605946533 0.6806047141608684 0
1999 0.8361040563195014 0.6611363343887943 0
2000 0.7256651261908768 0.7691973987778078 0
2001 0.7771744125008049 0.7342241854267807 0
2002 0.8051637926814618 0.7155815287952356 0
2003 0.7940713538906237 0.6806706966843884 0
2004 0.7617098346753524 0.7407264831412724 0
2005 0.8313314066453223 0.6444985312247542 0
2006 0.8245185275826865 0.6452601008167187 0
2007 0.8377331340770008 0.6435715644255759 0
2008 0.811468437041873 0.6751937418280476 0
2009 0.8205265501536936 0.697328991184154 0
2010 0.8015956486848346 0.7259596194460949 0
2011 0.7911244640025364 0.6890644371766753 0
2012 0.7882880683966581 0.7522259825844302 0
2013 0.1502974285741804 0.6148707273587773 0
2014 0.1244644870922841 0.6102684236770185 0
2015 0.7067361186283281 0.2037460000212855 0
2016 0.7134701254423252 0.2033999911419323 0
2017 0.8562654281147927 0.5821753948671045 0
2018 0.8625047772257043 0.5838491816737427 0
2019 0.8666188982418966 0.5793873373574548 0
2020 0.8687463704848731 0.5863211589757765 0
2021 0.8586678477420658 0.5888729519842664 0
2022 0.8542406482087255 0.5942986072856931 0
2023 0.6238731819611465 0.1648252095506104 0
2024 0.6270183099747819 0.1710500350708816 0
2025 0.7755663963513117 0.4846408400672234 0
2026 0.3856791581961198 0.853296027228398 0
2027 0.3612101245210006 0.1278684342167287 0
2028 0.4424363244259244 0.6318045987386414 0
2029 0.6034278302590631 0.7958894163626937 0
2030 0.6214414462739589 0.7832430294024897 0
2031 0.1171156832793693 0.5209213833153011 0
2032 0.1159239669934191 0.5127205275015585 0
2033 0.8655840120571944 0.4354700825712342 0
2034 0.4136154974757247 0.1442774226560775 0
2035 0.3736018922227067 0.1752973838238704 0
2036 0.1777588923570245 0.7084641557539338 0
2037 0.1239224644161586 0.4298599650418177 0
2038 0.1498621583804944 0.6348989035294783 0
2039 0.8747295637786112 0.5710161619991321 0
2040 0.6570344131273291 0.869739097980236 0
2041 0.6635392842610752 0.8544697225610678 0
2042 0.7979447294479434 0.2970319586397793 0
2043 0.7965364884258503 0.2899743397749971 0
2044 0.7911542961257226 0.2947791595832887 0
2045 0.7901578573885032 0.2876520404282258 0
2046 0.7952399402081268 0.2834448512470601 0
2047 0.7892081722035289 0.2813041112225003 0
2048 0.7940780364960779 0.277353331173704 0
2049 0.7881931451763018 0.2751764689141903 0
2050 0.7928887655245042 0.27134871732032 0
2051 0.7868948165216241 0.2688722105981762 0
2052 0.7920761878057715 0.2647767547264079 0
2053 0.7856106294272635 0.2621707369733607 0
2054 0.7912186832313151 0.2579115763571228 0
2055 0.784382975827022 0.2554625183803337 0
2056 0.7791493138933687 0.2598331497538276 0
2057 0.7778132359808393 0.2534384614393917 0
2058 0.7819550588004116 0.2731685412070641 0
2059 0.7730167865410574 0.2577260594178366 0
2060 0.7716659420405423 0.2515220044102282 0
2061 0.7988306365562765 0.2733795283731232 0
2062 0.7762090778693551 0.2472148317912188 0
2063 0.7700798169227787 0.2455543669231852 0
2064 0.7657097899398819 0.249783498969688 0
2065 0.7641284832565816 0.2438954159568291 0
2066 0.7686808535729239 0.2395516395759598 0
2067 0.7623727479982811 0.2377836646624522 0
2068 0.7597495100280509 0.2480431736088345 0
2069 0.7901761333581325 0.2505409361403922 0
2070 0.7984738550812881 0.2529296795950476 0
2071 0.7670724083941581 0.233027580644857 0
2072 0.7604044932752471 0.2314227690172226 0
2073 0.7561370761831026 0.2360437758813044 0
2074 0.7538137255027604 0.2300992504000798 0
2075 0.7581164327798319 0.2249362364302509 0
2076 0.7512913801514902 0.2238955596167391 0
2077 0.7471518388790348 0.2291772714374352 0
2078 0.7444897826167202 0.2230848243250095 0
2079 0.7406161302781409 0.2283312110451685 0
2080 0.7382245306513551 0.2222313524678456 0
2081 0.7418365731520953 0.2169014144341516 0
2082 0.7352863729172654 0.2159974385919128 0
2083 0.7844846087594552 0.2995293965680589 0
2084 0.7739820395346453 0.2645152934155255 0
2085 0.7682672456209779 0.2620821548753718 0
2086 0.8014592348731147 0.285698880309436 0
2087 0.8077869748467562 0.2875594007076022 0
2088 0.7758931987140522 0.2350588940201082 0
2089 0.7963023097308568 0.2443273392411865 0
2090 0.1156255885151061 0.4361277667433329 0
2091 0.1477922105749208 0.5979218466061365 0
2092 0.1534915283038911 0.5999450611207966 0
2093 0.9244131151760531 0.3251178701467519 0
2094 0.9284744257834446 0.2909200265729557 0
2095 0.6899486850802766 0.5100113940878399 0
2096 0.7755493988429624 0.271504266886001 0
2097 0.8738964142745465 0.5805008795804508 0
2098 0.4830542198983367 0.9141492732198409 0
2099 0.4668056654113132 0.9207634598517412 0
2100 0.4605830173576133 0.9661413359513573 0
2101 0.4254543961433291 0.9608099481457936 0
2102 0.3569565264172256 0.1465513184971193 0
2103 0.3872976065774748 0.9337580630679397 0
2104 0.9545391624047617 0.2367602952540904 0
2105 0.910742365825206 0.2114589399083315 0
2106 0.9064992070890412 0.1655202656370202 0
2107 0.5227679661290254 0.8587389912710908 0
2108 0.6515219780398365 0.07601413581582583 0
2109 0.5314167007098538 0.1098919492820754 0
2110 0.5443470892889236 0.1039824164058226 0
2111 0.7834864940855608 0.722604997149721 0
2112 0.1206131832473822 0.4740776931489397 0
2113 0.6953517581845657 0.2517212952807909 0
2114 0.6849580127628238 0.2687423871212809 0
2115 0.6637606609082207 0.2768356538029842 0
2116 0.3925234227618549 0.07886412643827584 0
2117 0.2268743095031533 0.3097247902175171 0
2118 0.3470855030999344 0.1768176893104787 0
2119 0.4470120442046362 0.8566223762271779 0
2120 0.1853219539400877 0.5411063064545106 0
2121 0.1690773758856166 0.5462773955576407 0
2122 0.1903828270995737 0.5880387250850725 0
2123 0.1354720029088806 0.3972884625928093 0
2124 0.2499827817433257 0.7637384646605985 0
2125 0.430777618715299 0.1168376394160061 0
2126 0.8078660316349772 0.2471094275850538 0
2127 0.9286874094375848 0.4477282375605486 0
2128 0.2332398051757841 0.3744923735273951 0
2129 0.6087976981974819 0.1021792002252984 0
2130 0.2032585436129568 0.6676453097442747 0
2131 0.7444384724491636 0.9493926261653469 0
2132 0.8751149287680176 0.5405134708715085 0
2133 0.8709661959207298 0.5330929315779996 0
2134 0.8673986671342176 0.539676393268221 0
2135 0.8737466229981221 0.5257704094741843 0
2136 0.8665821041823881 0.5268405148474739 0
2137 0.8689071010833307 0.5202192997888169 0
2138 0.8623547102365247 0.5213624057902593 0
2139 0.8646651429258773 0.5151776392324254 0
2140 0.8709704907766003 0.5137216451221305 0
2141 0.8667297264121308 0.5088611997188002 0
2142 0.8600403176710628 0.5278220979900243 0
2143 0.8725600358660737 0.506820609836752 0
2144 0.8683130021547053 0.5021975201932799 0
2145 0.8552122000833496 0.5220475719082766 0
2146 0.2188448816055523 0.2996633479839412 0
2147 0.9640791139272632 0.5975104126421974 0
2148 0.6367850151657443 0.6005312645958483 0
2149 0.3910719660032318 0.704019389376498 0
2150 0.2742089522782509 0.7896297677563674 0
2151 0.6257567569400564 0.3223818439631349 0
2152 0.1326032114584427 0.9455483601157577 0
2153 0.4141198097722091 0.4272975234081584 0
2154 0.4398755574826682 0.4563977937656454 0
2155 0.03444815322039374 0.5138134560088019 0
2156 0.7139634239703165 0.4222354414569451 0
2157 0.7447982690041007 0.3604293534096195 0
2158 0.7478244890917929 0.3849400719587883 0
2159 0.4868515430501176 0.8522773207351 0
2160 0.4817865017719636 0.8457214042560516 0
2161 0.8639232114829249 0.5335198529141931 0
2162 0.8606773254837977 0.539456343087383 0
2163 0.8638892704721224 0.5445015476606077 0
2164 0.8571724923708149 0.5451101988121279 0
2165 0.4919926591981256 0.8611412833114834 0
2166 0.09620041000891327 0.8368627038130445 0
2167 0.8471650871609921 0.4291327513839643 0
2168 0.7694725339725756 0.3709894377084573 0
2169 0.1720664891199359 0.6810945854978742 0
2170 0.2068623942939714 0.7086145433429121 0
2171 0.5735557570685648 0.9281117202945469 0
2172 0.5431578563616233 0.9673280155662913 0
2173 0.1312686357385205 0.4891559801946986 0
2174 0.1266001170018946 0.4917837957686356 0
2175 0.8715651060868197 0.05822924286216102 0
2176 0.8351863517267657 0.1085621364643211 0
2177 0.5665691910746904 0.8743542322605421 0
2178 0.04849618131539335 0.2356997374188717 0
2179 0.09891571581592701 0.2100604360060738 0
2180 0.09458062860445771 0.1595542173822758 0
2181 0.1344378924115718 0.1794289180296276 0
2182 0.1354981101446167 0.1387135643678381 0
2183 0.09996873591838062 0.1095104850967014 0
2184 0.09167339256522833 0.2561810581267042 0
2185 0.04980630947606696 0.2757999439335919 0
2186 0.1203796314286716 0.2374281186878349 0
2187 0.1760517819337921 0.8448165228445267 0
2188 0.83433511454917 0.6383272267395799 0
2189 0.8406330598079957 0.6371382617311673 0
2190 0.8365287519720226 0.6321499883738035 0
2191 0.8431713279817852 0.6312536008185847 0
2192 0.8391131203783411 0.626274075314307 0
2193 0.8663955421998702 0.4450764236636161 0
2194 0.5968928789590453 0.8538161229736281 0
2195 0.8081536802120619 0.7462116985505809 0
2196 0.6229528601181554 0.8416412703835335 0
2197 0.6189868440219546 0.8364165720562904 0
2198 0.1559225445275781 0.6346783409368719 0
2199 0.8649315323553697 0.4734592615423716 0
2200 0.8673949647115311 0.4794989747429274 0
2201 0.7393295054036794 0.2088720000579314 0
2202 0.7318393647611419 0.209947628245353 0
2203 0.8488230794745593 0.5592581257843769 0
2204 0.4918248013704687 0.1399466470084554 0
2205 0.4883538371844895 0.1347303631507963 0
2206 0.490720512344341 0.1289871357066765 0
2207 0.4846062198840053 0.1298789713338225 0
2208 0.4821758908164953 0.1355997160351864 0
2209 0.4782730594714503 0.1306293278214065 0
2210 0.4758723574270828 0.1363914906636623 0
2211 0.4720374644748226 0.1315430909698376 0
2212 0.4698517598269392 0.1370896848956126 0
2213 0.4658802256374731 0.1324382508394759 0
2214 0.473429682346259 0.1421277574780513 0
2215 0.4668180882936509 0.1431635965574922 0
2216 0.4799175519556167 0.1242327720354121 0
2217 0.4685314444232976 0.1263347400108962 0
2218 0.4717769323586564 0.1492901353823252 0
2219 0.4084895448036027 0.1485336830791437 0
2220 0.5497749952474476 0.2384523140368699 0
2221 0.5462526751126333 0.2101703080567203 0
2222 0.533110068805502 0.7525311775778344 0
2223 0.8310014228958587 0.6730364723727182 0
2224 0.8357173362186048 0.6782352421676378 0
2225 0.8333454037323432 0.6849313638572838 0
2226 0.4841953327644632 0.3995021826608923 0
2227 0.4856080155795555 0.4282671187204273 0
2228 0.2475889918294257 0.7695425798606421 0
2229 0.7231705146295146 0.7853845897473662 0
2230 0.6605965544247292 0.1636844161638108 0
2231 0.6527828036236009 0.1650954062492843 0
2232 0.6585039376756816 0.1703696311847021 0
2233 0.2794115187150831 0.7997993081097979 0
2234 0.6861608310950927 0.192868552438059 0
2235 0.2124718353739853 0.368022417846568 0
2236 0.6110060831215388 0.88689296429984 0
2237 0.6184108531685771 0.8746419109435357 0
2238 0.1475013271113361 0.590835651861093 0
2239 0.5691071072910818 0.2153371443252571 0
2240 0.8357045969383381 0.3719138143358134 0
2241 0.2496775916353551 0.2519772850885054 0
2242 0.8643949639752881 0.5570642725729145 0
2243 0.8638175471829361 0.5527755601458897 0
2244 0.5383942006910931 0.8625468998584784 0
2245 0.4456992664951863 0.4088461462549824 0
2246 0.8381384040421357 0.3498037488895295 0
2247 0.1337864630694638 0.05401093420443254 0
2248 0.4869240516079915 0.06946439237421709 0
2249 0.8645944160383829 0.5622346805853364 0
2250 0.869767916947086 0.5654198229425632 0
2251 0.1683962125736764 0.6571242327269922 0
2252 0.1618156670634441 0.6577474611118346 0
2253 0.1654776867877621 0.6632429715179127 0
2254 0.1720198743344379 0.6624289637410112 0
2255 0.3373250563852294 0.1826248572029153 0
2256 0.03928143152479857 0.3791296329921719 0
2257 0.8148927344265138 0.2896030249036757 0
2258 0.6191792682498837 0.1772920972596633 0
2259 0.7805235428367125 0.2666773664723259 0
2260 0.7775882324458325 0.2779544640025943 0
2261 0.9477489594439568 0.8755946482329964 0
2262 0.7378958682044809 0.7735145910028167 0
2263 0.7350862346058232 0.7676404691170227 0
2264 0.7385294456723185 0.7624832672440265 0
2265 0.7319816425510586 0.759936654446541 0
2266 0.5546378418776283 0.9174684372428107 0
2267 0.8456189109982742 0.6253413921780731 0
2268 0.8416867308778714 0.6203897895390279 0
2269 0.8477690824275089 0.6195717962311105 0
2270 0.844165109125108 0.6145884223911097 0
2271 0.850466825842995 0.613944324489861 0
2272 0.8468351397140537 0.608766128256151 0
2273 0.8534396895729166 0.6081746006014825 0
2274 0.8352078417989848 0.621172139819925 0
2275 0.84973243193091 0.6039619252301895 0
2276 0.8560524258512907 0.6011417840986006 0
2277 0.8564480301195185 0.6134321712927419 0
2278 0.4059760404232821 0.8432061871955858 0
2279 0.2117654651546334 0.2587369913392684 0
2280 0.2052170437511493 0.2581582364431567 0
2281 0.6444797338246344 0.8422041988538355 0
2282 0.6514881165345808 0.8429861896887985 0
2283 0.7166283062677947 0.1976860817506818 0
2284 0.7202789186329954 0.2035325761329289 0
2285 0.7169163032065244 0.209472305940084 0
2286 0.4147209926992966 0.8076539073816034 0
2287 0.3994617182815247 0.7986813598236757 0
2288 0.3217812640342665 0.9577938934608029 0
2289 0.3663022215770134 0.6081905140035323 0
2290 0.332073189529275 0.5811089045385067 0
2291 0.3203656481786242 0.619270511074544 0
2292 0.5031252443173163 0.8122178360398751 0
2293 0.5171781129104909 0.8621816475130673 0
2294 0.5230906164621163 0.8644851840320343 0
2295 0.354286859879375 0.8367816715868803 0
2296 0.3555016612055316 0.843873792452176 0
2297 0.3484235930004125 0.8413928840197471 0
2298 0.3634106989372655 0.8470167185677001 0
2299 0.3572974852445964 0.8510861763294373 0
2300 0.3688864493103218 0.8520114046244659 0
2301 0.4802454863846108 0.1412468229060488 0
2302 0.7802549931584738 0.7284364177610951 0
2303 0.761370352901271 0.2540904208233671 0
2304 0.7553789634805275 0.2528475518846887 0
2305 0.7537554354015681 0.2458676612308626 0
2306 0.545099370890364 0.1394743667212821 0
2307 0.9588744715084354 0.6968543054569045 0
2308 0.6132284490926487 0.6318784973806502 0
2309 0.841231870308312 0.3607299542645001 0
2310 0.8340772429952196 0.3608671459960522 0
2311 0.07371958320450067 0.5442540896662402 0
2312 0.581105756324231 0.1993858749731181 0
2313 0.3084113455823245 0.7979426648863294 0
2314 0.3149546254533421 0.7917448185147631 0
2315 0.2084948884138517 0.7382805678469022 0
2316 0.7483196567386117 0.7933161894794507 0
2317 0.7564245220816866 0.7924280694996162 0
2318 0.1815518127978792 0.7511532507315049 0
2319 0.7984858855345798 0.6716723712353814 0
2320 0.1281250018865896 0.5514229407142887 0
2321 0.04137849439101615 0.7046274824549912 0
2322 0.4132287154290589 0.3912546235222162 0
2323 0.7240499808114614 0.209554412695776 0
2324 0.7273572039373353 0.2034234443599782 0
2325 0.2974489853981136 0.5652982545791008 0
2326 0.4548326695769704 0.1386028219852706 0
2327 0.4773153080269159 0.939083578706426 0
2328 0.7823864893702472 0.2848365231643074 0
2329 0.5890199396661572 0.1315854641885124 0
2330 0.2572007406818983 0.7742994330075403 0
2331 0.2628848135698088 0.7705799648158151 0
2332 0.2702412151283051 0.7719826673950333 0
2333 0.9488583639430996 0.1303119673513056 0
2334 0.8409331440073095 0.4001276770082014 0
2335 0.3585908656442565 0.7352944629414746 0
2336 0.4514128108667623 0.2901820944557427 0
2337 0.2171853207030861 0.3411699301659983 0
2338 0.4617851761591034 0.1273714727462584 0
2339 0.4643795545783626 0.1216093171499749 0
2340 0.2603961887848039 0.6963770598614782 0
2341 0.8683989087568719 0.4305539500782468 0
2342 0.6519583344833345 0.1723616611628342 0
2343 0.6456664545566171 0.1672776685268104 0
2344 0.8115388340675832 0.3087400102703423 0
2345 0.8055664004805432 0.3063644560750427 0
2346 0.4615311103103825 0.2547529286399329 0
2347 0.1477997316642677 0.4111815356059605 0
2348 0.3825074065098786 0.1527881121858646 0
2349 0.8705152388865451 0.5457815930387396 0
2350 0.8114002594355968 0.7035084654531186 0
2351 0.3187808523675641 0.8158038670569765 0
2352 0.8432168281189086 0.6032313694694122 0
2353 0.4970834066999807 0.1279288913095413 0
2354 0.499479916656173 0.1227487280371566 0
2355 0.859854404334052 0.4784147584143146 0
2356 0.8632236766126524 0.484698339084035 0
2357 0.857405320120294 0.4842962146573783 0
2358 0.8594335674176216 0.4899580194129589 0
2359 0.8656899274767431 0.4907203935090634 0
2360 0.8618099712236538 0.4955244938981568 0
2361 0.8539486970828878 0.4950827886549933 0
2362 0.4943776610406323 0.2089309916029303 0
2363 0.4672429514974601 0.2225862709745858 0
2364 0.1161064627479193 0.5990718878583265 0
2365 0.1230433711694074 0.5102218309573027 0
2366 0.1214878831430924 0.5420734022682783 0
2367 0.7655438776632941 0.7568300295040356 0
2368 0.7688013447474766 0.7621906425145115 0
2369 0.7786487942385696 0.5084456543048876 0
2370 0.797552472943812 0.5203958455471575 0
2371 0.1488583399104224 0.4446441123082561 0
2372 0.8632495549138189 0.4407109757333563 0
2373 0.5736291538302739 0.8573900809563564 0
2374 0.6965624539675255 0.1977633182147672 0
2375 0.2025352752625372 0.6820488812966157 0
2376 0.8749002719634461 0.2361170615541693 0
2377 0.2245855450659313 0.7344460678841235 0
2378 0.2194132205540725 0.7303508107702481 0
2379 0.8566083414164926 0.5337883635498422 0
2380 0.1945698290533095 0.6382577045625339 0
2381 0.142393738191759 0.4608100023129959 0
2382 0.3415744631067859 0.8384492119040403 0
2383 0.3368391250255716 0.8422588840768285 0
2384 0.1605947268654472 0.5613956738746904 0
2385 0.7430374629267947 0.2342128017868749 0
2386 0.735577594640725 0.2335255017292318 0
2387 0.4821771963515067 0.8647603496613125 0
2388 0.7731387683065774 0.7289194123121217 0
2389 0.7995192701655359 0.3039275052033354 0
2390 0.4201405577302291 0.1464236131358105 0
2391 0.6273731439591405 0.9655217727461246 0
2392 0.1423741672163298 0.4483344438243298 0
2393 0.2446410997397114 0.233742722974459 0
2394 0.2515513003502971 0.2331285988354037 0
2395 0.1421597743237101 0.3943395062211894 0
2396 0.2559374607741836 0.2389559113763361 0
2397 0.2584837806016811 0.2325567771673798 0
2398 0.2545289501695737 0.2269461991729893 0
2399 0.261309270689521 0.2262624805971076 0
2400 0.2571469540700658 0.2209102683055221 0
2401 0.2639629250640524 0.2200580228508135 0
2402 0.259819433353229 0.2145460631162229 0
2403 0.2667686731952629 0.2138354985125914 0
2404 0.2651405679605661 0.2317675088785466 0
2405 0.2709537283925855 0.2192342076546557 0
2406 0.2734873081468444 0.2131965185797593 0
2407 0.2696870877108357 0.2076208546622678 0
2408 0.2765968997585163 0.207089373985064 0
2409 0.272658805636206 0.2012214363487166 0
2410 0.2799066870255315 0.2007318300392795 0
2411 0.2758031253441067 0.194714337574804 0
2412 0.2832997176080091 0.1942486481567184 0
2413 0.2871116701439574 0.2004475468234695 0
2414 0.2906930216589264 0.1943538082988133 0
2415 0.2942010731600363 0.2001009337205297 0
2416 0.2978794050786551 0.1944184121737934 0
2417 0.2867661674953131 0.1878958125024104 0
2418 0.2527610413441508 0.2155194741690471 0
2419 0.2554216075162138 0.2083927683799188 0
2420 0.2654889845792664 0.2018142750591426 0
2421 0.2684002013187735 0.2254842490881263 0
2422 0.2736703067956365 0.2323109564224849 0
2423 0.2695738257415373 0.2399964626204132 0
2424 0.2801969780950624 0.2418662379445079 0
2425 0.2474673343964243 0.2278228082294642 0
2426 0.2778638518714685 0.1868029771733783 0
2427 0.8179239458839738 0.3185041556911714 0
2428 0.7187934713393257 0.7906014415647524 0
2429 0.8314985633159462 0.5617947150686312 0
2430 0.6015551611006322 0.8497004511199109 0
2431 0.3384114451510528 0.5092877379508755 0
2432 0.1422294570585886 0.3694529536999573 0
2433 0.1573878264540559 0.6239404636698227 0
2434 0.2300272576018343 0.8454002024937706 0
2435 0.1307093521599443 0.4795095829902336 0
2436 0.1266639884692084 0.4821786533439741 0
2437 0.07306140032902064 0.681312761881059 0
2438 0.07805344945637221 0.7218481722280811 0
2439 0.09664377043403793 0.7547603844642413 0
2440 0.6891411419916296 0.8240402564427383 0
2441 0.6851132228025034 0.4366549621800674 0
2442 0.1193316827302435 0.8889029982002534 0
2443 0.620589014877301 0.1585329293476437 0
2444 0.3670376682824832 0.841500256729682 0
2445 0.1984271117545896 0.6980764495752634 0
2446 0.841936108808424 0.6492987101590261 0
2447 0.1933365738386491 0.298703192957078 0
2448 0.1891408344940196 0.3039478420436445 0
2449 0.1907642817310732 0.309583968533495 0
2450 0.1851641555715099 0.3084676731865827 0
2451 0.1868693638254338 0.3138624610743715 0
2452 0.1814824779056863 0.3126753788079467 0
2453 0.1830852317329899 0.317983453916537 0
2454 0.1773760324796373 0.3168121373704237 0
2455 0.1790849528948202 0.3226130912430732 0
2456 0.1832618058781972 0.3029121164624596 0
2457 0.1729112468414618 0.3212567799406466 0
2458 0.1745590867071475 0.3276784131291086 0
2459 0.1680543857225028 0.3255462976870526 0
2460 0.1698760986545441 0.3326384921422872 0
2461 0.1630086869433511 0.3301910779439977 0
2462 0.1651492967238123 0.3377108893727436 0
2463 0.1578866288160782 0.3359427589633831 0
2464 0.1603270762036229 0.3432108199886976 0
2465 0.167241758263767 0.3444417672846652 0
2466 0.1626429088942583 0.349880270871918 0
2467 0.1558429182800785 0.3487815911378808 0
2468 0.1584763042405635 0.3548064883020162 0
2469 0.1676759281343786 0.3617308895523854 0
2470 0.1717226490680733 0.3392713150364826 0
2471 0.1729309767957848 0.3452148846636135 0
2472 0.1712821490231631 0.3135372524048598 0
2473 0.1529923514576396 0.3417289228489633 0
2474 0.1484300068650237 0.3340153970820421 0
2475 0.1704493830646627 0.3512241816378647 0
2476 0.1884955210175203 0.3198294597751955 0
2477 0.2213172451382445 0.2758620059864791 0
2478 0.2252598816256197 0.2817518804573055 0
2479 0.2217938985874471 0.2895282260218834 0
2480 0.6526954916308764 0.7231729589212017 0
2481 0.595209755178527 0.1419159384694191 0
2482 0.1472109758615766 0.4256662389341687 0
2483 0.2366224808469042 0.7660583388803702 0
2484 0.4598738709182475 0.133736531496897 0
2485 0.4606660728226291 0.1406093631092353 0
2486 0.9167275089132179 0.4864871528959835 0
2487 0.8323034696019855 0.2954056872074041 0
2488 0.2835400604827146 0.2066934857683643 0
2489 0.1223034409573563 0.5555456606486717 0
2490 0.3326746384488006 0.8212618118290425 0
2491 0.3382839182464373 0.8167890029954905 0
2492 0.04928318879449489 0.816993266847186 0
2493 0.731576799333134 0.2934755085261375 0
2494 0.6361481048383344 0.1476857852952708 0
2495 0.8332042813055354 0.8155540700091924 0
2496 0.3220990005946784 0.1686459088777513 0
2497 0.3176976055969168 0.1739045707494264 0
2498 0.3185895740878116 0.1812922979146956 0
2499 0.1649257082221146 0.1627689852280306 0
2500 0.1699183883931663 0.1273625444689392 0
2501 0.5443229790832746 0.8652536816184572 0
2502 0.4266332666260414 0.1986011893922231 0
2503 0.6297032029009997 0.8294052713800322 0
2504 0.3994903589753538 0.8437702755784828 0
2505 0.3430739560262673 0.2827635821965977 0
2506 0.1816225688707913 0.3288446822526316 0
2507 0.8716219166789402 0.1931987418627115 0
2508 0.8643023342375797 0.1526007205138656 0
2509 0.1653020795995201 0.4092338795936953 0
2510 0.7824684692098111 0.09294455869143409 0
2511 0.7994305379581693 0.1271116932946132 0
2512 0.7743943806519653 0.7401710846057736 0
2513 0.7707300912502038 0.734883037878495 0
2514 0.6999211202831637 0.1800933479828259 0
2515 0.6560170895377462 0.837063567136338 0
2516 0.6588774638370228 0.844088647416068 0
2517 0.6547109556571662 0.8500295148003214 0
2518 0.6674786514467488 0.844574154823871 0
2519 0.8555667615125707 0.3695355165949217 0
2520 0.8216122736836574 0.2829411700610133 0
2521 0.4098042201805406 0.1544990167088223 0
2522 0.4396451144198378 0.1459056462152331 0
2523 0.2122114001736724 0.7253734406039238 0
2524 0.2080607914625985 0.7203830705757753 0
2525 0.2104943136661721 0.7142617895716626 0
2526 0.7122341761897526 0.9297205365383118 0
2527 0.8609780541228205 0.5953185691164958 0
2528 0.8684478110940136 0.5951152769955308 0
2529 0.8774559573221034 0.5889336674074602 0
2530 0.2095326211778707 0.7687955223239037 0
2531 0.7271958763051198 0.7787640785821928 0
2532 0.3452693529165519 0.819348152720315 0
2533 0.7203440640172359 0.2156288302407858 0
2534 0.7112988104463274 0.2164975518344133 0
2535 0.5621726266224065 0.7084288971323649 0
2536 0.5872760805105743 0.6840852491583393 0
2537 0.544164109706072 0.6749635273389719 0
2538 0.4132301119482243 0.7394116380700928 0
2539 0.4059371699343951 0.6755399273091033 0
2540 0.4269709061315064 0.7673502065009737 0
2541 0.6850644331559732 0.8294082220593466 0
2542 0.5533622761915702 0.1387444992979988 0
2543 0.7133535976719743 0.1916831869589295 0
2544 0.7185657299851421 0.1852574625751905 0
2545 0.7495983159430516 0.2348149165100188 0
2546 0.1797265404721052 0.3075042755249884 0
2547 0.177685538728509 0.3009937527683716 0
2548 0.1586222132763068 0.3859021855079682 0
2549 0.5110937667151216 0.8598391429365754 0
2550 0.7731652550878281 0.4402087901273243 0
2551 0.7702284849315385 0.4165124060372223 0
2552 0.2643415520933708 0.04199808667029242 0
2553 0.4388111071828191 0.06501994541732248 0
2554 0.7623262551038126 0.7617599750996888 0
2555 0.8579033809994435 0.3930175528239427 0
2556 0.5056482709687599 0.1196762953887298 0
2557 0.5022131733194327 0.8627529030834138 0
2558 0.7355857895240612 0.8076993626257798 0
2559 0.1870737791119217 0.2981945294872069 0
2560 0.709719991353078 0.6315383073066103 0
2561 0.9097721612762347 0.5648136661168266 0
2562 0.9333699730870939 0.5550311078275135 0
2563 0.3314540343267153 0.8141562879373543 0
2564 0.3244014723063714 0.8108331709898666 0
2565 0.6993967795311193 0.81928409081592 0
2566 0.7064813699133337 0.8205248673571812 0
2567 0.6984637476024326 0.801822870047372 0
2568 0.7027108347741545 0.7965502030911776 0
2569 0.1591834359827602 0.3736365887563707 0
2570 0.1595899876976111 0.3672378165020931 0
2571 0.1544097086558673 0.3641492691899824 0
2572 0.5895995212827536 0.1535511959472435 0
2573 0.3922285439836548 0.1493021738642918 0
2574 0.8584051026647914 0.515542634390352 0
2575 0.6878974650527117 0.8063459013514245 0
2576 0.5197184373041669 0.8716387665378624 0
2577 0.6323860749298139 0.8222152542466357 0
2578 0.7271699717653184 0.8139102461233798 0
2579 0.3912710681987356 0.850530182617822 0
2580 0.3971342314812051 0.8492994489017968 0
2581 0.2101008522618236 0.4874770173291311 0
2582 0.2833538479219353 0.6898555575385164 0
2583 0.2915650212796101 0.6654931303576074 0
2584 0.8784996844509489 0.4102901050022001 0
2585 0.8086098428629855 0.7099435651224071 0
2586 0.2703237919132531 0.7797384916828113 0
2587 0.5214017301831065 0.1406722645453826 0
2588 0.5258634904801115 0.1457552767333751 0
2589 0.5156397474261423 0.1422066602617055 0
2590 0.1365903279503639 0.4456685488573796 0
2591 0.06368572962831465 0.3579313622653102 0
2592 0.07512101642483915 0.3295808071474357 0
2593 0.6336925179033182 0.2156255125448785 0
2594 0.3605653359776615 0.1584422049197088 0
2595 0.6833657157206432 0.1864855964724521 0
2596 0.8535710465472182 0.4164973542300359 0
2597 0.1597015797761516 0.6464857409120318 0
2598 0.6753914793307592 0.8509563274407306 0
2599 0.6597814185271005 0.9312007451305603 0
2600 0.782849859560129 0.2487651927064289 0
2601 0.7809136788088418 0.2419981067482798 0
2602 0.1338127367604646 0.5476125997739807 0
2603 0.7280192613142364 0.2159505728920439 0
2604 0.3383455561225482 0.1368827754303422 0
2605 0.8392028278850517 0.6554529042699548 0
2606 0.2127572292330834 0.2928645416557781 0
2607 0.1293459017597217 0.4701306153029935 0
2608 0.158533888603709 0.3919148095555181 0
2609 0.4842437437310566 0.8366528617070422 0
2610 0.4744071234100723 0.8262977508564696 0
2611 0.3236682323636089 0.2363901271934885 0
2612 0.3402850541682966 0.2378430821685663 0
2613 0.858504481877999 0.3550872396507875 0
2614 0.1521470138053484 0.4707358671701874 0
2615 0.1551129405360419 0.4415227228673999 0
2616 0.7798259789239792 0.2250230439428493 0
2617 0.2269206515207769 0.2526259019112888 0
2618 0.8965016372582129 0.6427931797609721 0
2619 0.9180184450911224 0.6304543975170261 0
2620 0.3086483059609904 0.4122227883937213 0
2621 0.1414496716544226 0.5733504626717673 0
2622 0.7401102703067436 0.755178555839219 0
2623 0.7396250219836817 0.743174226008915 0
2624 0.2779191072979884 0.7655646500989223 0
2625 0.9151790594781162 0.6579573252574205 0
2626 0.8551739324042342 0.551066956713942 0
2627 0.2140181190291016 0.4071773165588207 0
2628 0.2185773637760594 0.4282590349029739 0
2629 0.8616087933384119 0.6090560713889717 0
2630 0.6626398398259528 0.1362695242166598 0
2631 0.8254137829401029 0.6851134464702386 0
2632 0.7325872133239149 0.2265300555689815 0
2633 0.2832750477875372 0.1799172800516068 0
2634 0.2970478250735495 0.182488384220033 0
2635 0.9386751343231552 0.06506339054698346 0
2636 0.852135007847119 0.4878281162470314 0
2637 0.1317990759960629 0.4995310377033085 0
2638 0.127225894940704 0.4971443951837491 0
2639 0.1221832140759282 0.494755088048152 0
2640 0.5253568197393873 0.05944033646119856 0
2641 0.6135891899193627 0.1581629158692499 0
2642 0.3946293946366024 0.900107149910705 0
2643 0.1962503529503182 0.7590218876072377 0
2644 0.2539352972634884 0.7688009593314419 0
2645 0.4742538442485277 0.1263598259664523 0
2646 0.4808595950731528 0.1154091678681735 0
2647 0.1035635455671108 0.643176508837916 0
2648 0.2052624939270316 0.696535713056652 0
2649 0.2099947552611939 0.7020753096992147 0
2650 0.5560201629380053 0.1453911912266157 0
2651 0.7865330766740128 0.7167804939126624 0
2652 0.7804816261694991 0.7109723486218164 0
2653 0.7827460209272843 0.7016530262643551 0
2654 0.7729358736097313 0.6947896970975885 0
2655 0.9700398581151037 0.3939875210874843 0
2656 0.8590551701459828 0.4614267332172134 0
2657 0.8515154520075852 0.540021694868539 0
2658 0.4800148617318235 0.8707932911846679 0
2659 0.8654201320598367 0.5736431178834189 0
2660 0.6768618371354619 0.1867731121979075 0
2661 0.394300303956909 0.1553888558823632 0
2662 0.3236502998012952 0.7963617205119293 0
2663 0.6376413502794982 0.1654675056958561 0
2664 0.7485405941192602 0.2176494938137332 0
2665 0.7557219215698422 0.2182200605218715 0
2666 0.6733149809098286 0.815731021737709 0
2667 0.7680712553987123 0.7405768256082548 0
2668 0.3006981985916808 0.1746272020385676 0
2669 0.3049049103999788 0.1823952231026164 0
2670 0.1395632874878895 0.5638041477539775 0
2671 0.7851524597238677 0.2916612959401019 0
2672 0.7579912474700279 0.2418938162272356 0
2673 0.8759628983029024 0.5185731497996108 0
2674 0.1676263738422699 0.708410650120759 0
2675 0.1984480022475693 0.2811401790911495 0
2676 0.1648910431080426 0.3560542632933759 0
2677 0.8701485511040727 0.449543268063718 0
2678 0.8485779414613234 0.4364285141327346 0
2679 0.8449945754457284 0.4432253126531082 0
2680 0.4498136989777373 0.1417108442433479 0
2681 0.3425302755373375 0.846366389132989 0
2682 0.3343276300014605 0.8496515866060756 0
2683 0.4215866811549732 0.9122824918866852 0
2684 0.4354986607492947 0.9262781355068495 0
2685 0.2576029215531475 0.2731816189131859 0
2686 0.1312876585854215 0.4289954367638311 0
2687 0.130136205818087 0.4219867454065646 0
2688 0.8623630478698225 0.3348070853068115 0
2689 0.8629903611743533 0.3200685631660504 0
2690 0.372055913836735 0.8598893994468096 0
2691 0.4129407270619725 0.8529052449741117 0
2692 0.6726293354232474 0.5805582595998366 0
2693 0.6765562887928691 0.5459439469010687 0
2694 0.8398346856866803 0.3882027990725823 0
2695 0.231186526926054 0.2465570232900264 0
2696 0.9695015885284965 0.5116843305983448 0
2697 0.4411797418022729 0.1274677992517516 0
2698 0.6269803703876886 0.2363389739538331 0
2699 0.5333886799504598 0.1204866838777736 0
2700 0.1303032183341886 0.5662597811492104 0
2701 0.8402187746679173 0.3769208636557386 0
2702 0.8284830776093497 0.371267138372728 0
2703 0.2885735190467898 0.9363266240671884 0
2704 0.3108803133238312 0.3772125963397696 0
2705 0.1437691221094351 0.3885444882275008 0
2706 0.5093211094911989 0.1436473845931085 0
2707 0.5066606034636808 0.1503596629299736 0
2708 0.3013910210375438 0.1885856259336405 0
2709 0.3085206954775881 0.1883530812476475 0
2710 0.3051441712794464 0.1941800312733028 0
2711 0.2774452597794511 0.2243745593553821 0
2712 0.5473770819176645 0.275465866505523 0
2713 0.31180695450516 0.1826728068683304 0
2714 0.3160762348917762 0.1894011795224359 0
2715 0.2127789519992487 0.578387843709442 0
2716 0.1529084510769917 0.5873356567058726 0
2717 0.4291302331193499 0.1306414958255941 0
2718 0.1188424422947442 0.4529354331104261 0
2719 0.8378002883704199 0.6153185134160561 0
2720 0.830419833422072 0.6155507498846385 0
2721 0.7574763277556705 0.7730894296498265 0
2722 0.7641222893119736 0.7723325022756125 0
2723 0.7612060941971565 0.7791575567953877 0
2724 0.8815519604361237 0.459052516460921 0
2725 0.8824386409596988 0.4509698750866027 0
2726 0.2408638133199552 0.7709645952049577 0
2727 0.8376053484106392 0.3948460461262442 0
2728 0.4503226075047549 0.5504428085097395 0
2729 0.4549839450377312 0.5219262245967011 0
2730 0.4712305981230722 0.5418106602077629 0
2731 0.1532051905147933 0.4078202751057532 0
2732 0.2687233891715187 0.1871812876269603 0
2733 0.8608170830998916 0.5493120540267895 0
2734 0.8335429498534858 0.5731904491834183 0
2735 0.8139870514827019 0.6693162429127441 0
2736 0.3754497694138423 0.8525745231356162 0
2737 0.2481472143350805 0.198834974217019 0
2738 0.2800951977265145 0.2127402364669373 0
2739 0.3432260421681627 0.1714422415249456 0
2740 0.1009705004633312 0.6686097332844839 0
2741 0.3843947276761883 0.8051815065583564 0
2742 0.141922891938482 0.4548756138102674 0
2743 0.3668593558686895 0.1466437681388479 0
2744 0.5631677646021255 0.1550974169755419 0
2745 0.1836658305331802 0.2788760343536996 0
2746 0.1903807140187803 0.7165622333846821 0
2747 0.4319268801581432 0.8547859189990933 0
2748 0.8002368083166064 0.2794063079451859 0
2749 0.8076670399796408 0.2741628725768501 0
2750 0.8037718554487696 0.2666431976186317 0
2751 0.4935786983838108 0.1222898314132134 0
2752 0.5090705370534222 0.8805840165174548 0
2753 0.5162595093652238 0.8824968026886117 0
2754 0.5628066897044108 0.8669777097680842 0
2755 0.5837104100232164 0.1254930686580062 0
2756 0.5760491977107858 0.1207168080919343 0
2757 0.8303672344036286 0.6277819433220138 0
2758 0.6941673307233786 0.2272346858304302 0
2759 0.7672405266750535 0.2557162586114594 0
2760 0.1828313855685582 0.71761346264522 0
2761 0.1234363240430215 0.4685115654372868 0
2762 0.1219087405964564 0.4607561648234792 0
2763 0.3541434069310487 0.1559412925096754 0
2764 0.8484145614833901 0.6357924804803956 0
2765 0.4339692683603301 0.86467167872184 0
2766 0.7838662195992645 0.2784880217021313 0
2767 0.9623493502566978 0.7445913332874041 0
2768 0.8810649181286661 0.5236991524014242 0
2769 0.8115994639600388 0.7157575797422659 0
2770 0.1490261595924542 0.4640060945217223 0
2771 0.2434761538233522 0.7824883273962239 0
2772 0.5334286134567897 0.1388436432279092 0
2773 0.4860021030182632 0.1400188822425824 0
2774 0.4944470757708009 0.1476475107159828 0
2775 0.6257236250188978 0.8481471871319737 0
2776 0.5554611677441307 0.05875168384256391 0
2777 0.5689270136107326 0.8272591592487341 0
2778 0.2189190873798775 0.7235382062171106 0
2779 0.2530241263259675 0.394756340832415 0
2780 0.7091630780371881 0.7972212551667837 0
2781 0.7072835013013294 0.7910489006864737 0
2782 0.2054232210591698 0.2701819416238836 0
2783 0.8377966424261384 0.3556823909062489 0
2784 0.8321112895840088 0.3359147534923658 0
2785 0.2672961977284889 0.7903613626251376 0
2786 0.1569888224313028 0.6651115921814943 0
2787 0.2182439303071005 0.2594574381071246 0
2788 0.4608003568485828 0.147971107530938 0
2789 0.5708363016136575 0.1468153141881264 0
2790 0.9643562346242547 0.3099661170727842 0
2791 0.2272617206337071 0.7559785204278825 0
2792 0.9367510107192081 0.4757090740390692 0
2793 0.3546406282747068 0.2549210237233862 0
2794 0.8575376722959933 0.5014660257167158 0
2795 0.5515066318369609 0.3106695889765616 0
2796 0.8470394638886163 0.5252312975797242 0
2797 0.8829363799393961 0.4184131871121592 0
2798 0.1624936873898574 0.6336509299712665 0
2799 0.273677157622353 0.6476468122456699 0
2800 0.7692810157719088 0.3373828487690527 0
2801 0.7918688394401406 0.7455253147597872 0
2802 0.6859200185904426 0.8546605257174815 0
2803 0.3880004405507113 0.8222200678616534 0
2804 0.1541380364639076 0.3265395126719928 0
2805 0.4793851678939383 0.1479212796806176 0
2806 0.6931818444015896 0.3950759858251592 0
2807 0.0622390201126628 0.4257940784983659 0
2808 0.4207580908260744 0.8696649123441753 0
2809 0.8228352976999256 0.574766628408683 0
2810 0.8490744732306599 0.6488612285660043 0
2811 0.1608636300586397 0.3611521584735665 0
2812 0.07597965652003263 0.5026979664562579 0
2813 0.7449234478804847 0.7622658094054642 0
2814 0.2827012299628747 0.5924731568466677 0
2815 0.3225092021807467 0.8040848428620693 0
2816 0.3777142763136689 0.8162988618841578 0
2817 0.8559823475735431 0.4561118662572227 0
2818 0.2526565363964204 0.2453632809101126 0
2819 0.5389433943925344 0.1377339129642699 0
2820 0.247069817465436 0.2592242415904804 0
2821 0.1275574536159119 0.459549353083153 0
2822 0.4465025885223008 0.8628128721103119 0
2823 0.3948080440138559 0.8544868089636228 0
2824 0.6477579095627943 0.1608521131593414 0
2825 0.6883336827698838 0.4711901924761414 0
2826 0.5459673809030101 0.1127944607905423 0
2827 0.5989628218897997 0.1467512715429016 0
2828 0.7461889081160928 0.2112836648758228 0
2829 0.7472883977937238 0.2023236521891177 0
2830 0.3506796915969215 0.8140341914932954 0
2831 0.5698974937601023 0.1283047415740878 0
2832 0.8425193154661845 0.3029712243341484 0
2833 0.8089563650265666 0.6807496957833477 0
2834 0.1720140766966421 0.7184826685877559 0
2835 0.6428494833461567 0.8676673426225826 0
2836 0.3859405161508785 0.1482362353021484 0
2837 0.1612324178782367 0.5375659972465477 0
2838 0.6539462045691691 0.4168454618907465 0
2839 0.6342857692845517 0.1713133397250613 0
2840 0.08508223706012097 0.2960544743982175 0
2841 0.2312618430914724 0.2709728150103266 0
2842 0.8334796189325068 0.666995088637474 0
2843 0.8941810829010768 0.1133812872292762 0
2844 0.6919999870530332 0.8008140908266997 0
2845 0.2546694274621071 0.7579706441080035 0
2846 0.8219907912623959 0.6513160818289712 0
2847 0.8166332207203392 0.6465552182609571 0
2848 0.348695468233817 0.1296409915229013 0
2849 0.6232833820529576 0.7181681598479326 0
2850 0.342078262425443 0.9086969155922435 0
2851 0.04945537450058968 0.1276102396944638 0
2852 0.7306187630552421 0.03890921792525043 0
2853 0.6943367093305268 0.1500563626621444 0
2854 0.2507592554159033 0.2666057992981976 0
2855 0.7317668787397157 0.773609353735256 0
2856 0.6977470429268672 0.08489360941011442 0
2857 0.4468908460844644 0.8505023682446966 0
2858 0.06910894535786649 0.4632429845111085 0
2859 0.06772649680739973 0.4845447749656959 0
2860 0.4039665100857154 0.2802208774710472 0
2861 0.4694718327414546 0.1575575542087299 0
2862 0.8168888719301941 0.6631481064771944 0
2863 0.8111849315071005 0.6580282999784719 0
2864 0.8458744158679912 0.4057721214971876 0
2865 0.6887394872956765 0.7932554220713217 0
2866 0.3858308301817452 0.859884710961374 0
2867 0.641910823679648 0.559816519944319 0
2868 0.8676450468922227 0.4964463171540435 0
2869 0.8718402605199189 0.491701379261846 0
2870 0.1529836146991456 0.5939213374287013 0
2871 0.129359081400036 0.587092618474009 0
2872 0.8694794104492072 0.4855691621743713 0
2873 0.8794575595269029 0.4918922722027571 0
2874 0.3596296876114835 0.2267596603344066 0
2875 0.349539809584789 0.8493711852988787 0
2876 0.1526935172762557 0.5499104671125736 0
2877 0.7723812189030169 0.6052099883069459 0
2878 0.685952798570991 0.7220406289324998 0
2879 0.6512934166451209 0.7493226530447445 0
2880 0.1911938864275705 0.728799855782035 0
2881 0.1861707395385883 0.7375561382644598 0
2882 0.603849548653612 0.06137715360117929 0
2883 0.2900750073784768 0.1200414218973842 0
2884 0.2244721380663779 0.354538343489181 0
2885 0.2870001073628045 0.212541071851068 0
2886 0.1024823777522571 0.3198208614694628 0
2887 0.2447888806628622 0.7461732420829651 0
2888 0.2057580419415429 0.6890852143204395 0
2889 0.6428670705362077 0.1434631002178874 0
2890 0.9375705128364338 0.9379826314803659 0
2891 0.1271654171360498 0.4868498609707924 0
2892 0.3756759691161035 0.2998445307484163 0
2893 0.295654217640657 0.8004957530609126 0
2894 0.6309319486967333 0.1794312499061806 0
2895 0.8516354130834496 0.3643930317414214 0
2896 0.8208469587020795 0.6134592516236497 0
2897 0.2906081893838242 0.2063790295243959 0
2898 0.6949071495767999 0.8249460401136847 0
2899 0.2624102149318263 0.2077411325466209 0
2900 0.8137824904773685 0.6973478758218314 0
2901 0.8271131195067067 0.6969706102000754 0
2902 0.278519613874085 0.08786938349126849 0
2903 0.8123278071714227 0.314628049160629 0
2904 0.6388377633719527 0.7715107905173941 0
2905 0.6305977149778448 0.8013412833828364 0
2906 0.09257434441408458 0.5830476480933424 0
2907 0.5097074450909911 0.1259281815633472 0
2908 0.8776956825532471 0.5111376890438917 0
2909 0.8844781904339616 0.5058827039963876 0
2910 0.5467279074375485 0.8923005098219556 0
2911 0.7759072519641796 0.76214043154912 0
2912 0.7719524958102737 0.7692937624842067 0
2913 0.7815352467860006 0.7785733245502309 0
2914 0.154299544280911 0.4222869937029122 0
2915 0.1518503935220131 0.4310479384494515 0
2916 0.6211768528442005 0.6668110854359688 0
2917 0.1479554326712182 0.476145151444408 0
2918 0.1496083632432861 0.4822181885029559 0
2919 0.5686310482192994 0.112340800003168 0
2920 0.5604703665028432 0.09874932104643797 0
2921 0.7976945947796104 0.7324327558033453 0
2922 0.8045676228982781 0.731462030429017 0
2923 0.2784079140718457 0.7936557462880367 0
2924 0.7969837462522777 0.752145952908061 0
2925 0.7992365280379645 0.4811379786886507 0
2926 0.1640168168692457 0.3837902885220011 0
2927 0.6801939059628892 0.8046835183498984 0
2928 0.7831976330280426 0.7586865423779587 0
2929 0.7968129908975361 0.6931147902381462 0
2930 0.2875178110772316 0.3364456863876302 0
2931 0.2685986550194879 0.1952900306628083 0
2932 0.8300714258227506 0.2866295667340397 0
2933 0.8606828784913256 0.3870115785045544 0
2934 0.864973770569168 0.3928859970576396 0
2935 0.1078892058097863 0.5185153870351136 0
2936 0.763835965436106 0.5835216222544047 0
2937 0.06172081611010033 0.06207258030256096 0
2938 0.2197969693696697 0.4649663202683512 0
2939 0.7958111218837549 0.31027494177009 0
2940 0.6371243047343949 0.2852944438775146 0
2941 0.6474668709710879 0.8500544470646444 0
2942 0.8543092766213286 0.6188891622041081 0
2943 0.1485706484695234 0.3668510814758034 0
2944 0.1836520511647136 0.7046923944352649 0
2945 0.1948935231611552 0.6936487062773334 0
2946 0.420671672949855 0.8769269191687428 0
2947 0.4128103428492463 0.9342981288871781 0
2948 0.07926529799453835 0.3837462032327248 0
2949 0.4863966357934832 0.5640100659707018 0
2950 0.4853725358630863 0.5506861424753602 0
2951 0.5001020723201366 0.5430900399050026 0
2952 0.5054097054847748 0.8575512840883661 0
2953 0.4339598793023259 0.1254158887205781 0
2954 0.4464446016409304 0.1466081828622405 0
2955 0.4331306151365328 0.8145036825152633 0
2956 0.4865790575098391 0.1225850862198817 0
2957 0.5451187528667266 0.1908233855079564 0
2958 0.1542413280716062 0.6113879942242807 0
2959 0.8655125985308407 0.4259369270344753 0
2960 0.8713750080159827 0.4252834465289275 0
2961 0.27698906837982 0.2178118222564988 0
2962 0.3284245158382646 0.842356121598955 0
2963 0.8647454015314718 0.3790475193987703 0
2964 0.7962944593587626 0.3394628339074148 0
2965 0.7629030664786951 0.212044144386663 0
2966 0.6213923696291861 0.8546686210956518 0
2967 0.6230161531720815 0.8629134863453793 0
2968 0.3258061328801907 0.1835389583367705 0
2969 0.45086185662249 0.8668251407618657 0
2970 0.6466896112923421 0.2537983104504885 0
2971 0.1490005467144142 0.5228769667238726 0
2972 0.9125369913556565 0.8439259431583224 0
2973 0.2227813649544165 0.2286315244769057 0
2974 0.1742001183595595 0.4051112368948726 0
2975 0.7412043439523994 0.7295635214397298 0
2976 0.8395033037625865 0.4281174438611528 0
2977 0.1228296059961906 0.5483620271964215 0
2978 0.06516603995646653 0.938149014455991 0
2979 0.1682364384860804 0.6317173660715981 0
2980 0.4745047719077515 0.8807767759098459 0
2981 0.5560631339451161 0.7583157943176931 0
2982 0.6627801932583715 0.1755395170970143 0
2983 0.7309296709454252 0.2377565076127698 0
2984 0.4205966666590736 0.1185910207509008 0
2985 0.7701346071269415 0.3944982576684929 0
2986 0.7900313921510466 0.3839261264482803 0
2987 0.793935131018725 0.4239082009817784 0
2988 0.6791999185868739 0.1701602969414021 0
2989 0.4148168595436005 0.1502578450364396 0
2990 0.7128901547911022 0.7922812305895611 0
2991 0.2547184807657767 0.7457448499396762 0
2992 0.2144555058393127 0.2864928383001973 0
2993 0.1509906683757832 0.5357463484264553 0
2994 0.3973422910226915 0.8600279055983857 0
2995 0.8064714916652175 0.2575478974344512 0
2996 0.1959728191963402 0.2745701773892928 0
2997 0.5437264262828414 0.6307625229983771 0
2998 0.8487697090021605 0.5655532702756069 0
2999 0.7210228937827816 0.756124278806777 0
3000 0.3937727441407879 0.176545188318389 0
3001 0.5185990094668158 0.8206826696889216 0
3002 0.5219521511966757 0.1244601544345686 0
3003 0.5252629818042888 0.118072410603048 0
3004 0.7102750692760311 0.209143863658805 0
3005 0.8019702159518929 0.7199477652505718 0
3006 0.4801639726540667 0.8774000840766617 0
3007 0.2019149015080022 0.7411449035329468 0
3008 0.2303998317451659 0.7667183673314746 0
3009 0.7789361788115486 0.3537375226092904 0
3010 0.7482758501174447 0.7375021488740006 0
3011 0.6404324377973283 0.1710402317392921 0
3012 0.6458562893029678 0.1746586489544112 0
3013 0.1797587488945306 0.6903745793308338 0
3014 0.7687257817708389 0.7220096016918925 0
3015 0.7051870113950621 0.7836138733850107 0
3016 0.7094452316300484 0.6648561091278891 0
3017 0.5572687162233468 0.8469674851658872 0
3018 0.5532957912654473 0.8389199240490631 0
3019 0.5460367142259451 0.831134743442185 0
3020 0.7135189847505448 0.1778477704199646 0
3021 0.6176960520870209 0.1410536241546856 0
3022 0.7518042319525836 0.2397292060231309 0
3023 0.7916258826574436 0.7053554598911129 0
3024 0.1768541192525392 0.3113997561036098 0
3025 0.1632306192596671 0.3121816421371236 0
3026 0.50675123177907 0.7486732747850997 0
3027 0.5801585823399042 0.06410197449097854 0
3028 0.5540192080819814 0.8523098421216673 0
3029 0.769502046224643 0.7795987711892644 0
3030 0.5440702036778891 0.1466354131867462 0
3031 0.7409348564281766 0.7921995818035259 0
3032 0.7371516382729045 0.7986111950334313 0
3033 0.9167051914104423 0.2567107484550918 0
3034 0.8039501540883156 0.1775890787075503 0
3035 0.8234321468842147 0.1537378881310389 0
3036 0.39863695106749 0.1339504310940158 0
3037 0.3949284900946475 0.1264846120212311 0
3038 0.8594963229231252 0.4721221723405534 0
3039 0.8565121972248899 0.4679142326096822 0
3040 0.7773842624853673 0.756107807652452 0
3041 0.1289745692306981 0.6019701445082069 0
3042 0.2157085013489589 0.2538828567808544 0
3043 0.1286059301897348 0.4000790092122355 0
3044 0.214308116278328 0.6686078734599238 0
3045 0.6689848454362076 0.8215558974678543 0
3046 0.8413546775750815 0.6097549669423732 0
3047 0.4760370021009327 0.5538970377727237 0
3048 0.4834007843388017 0.5358098812926704 0
3049 0.2506230867341555 0.2217605088706926 0
3050 0.189075148591065 0.2718219607813727 0
3051 0.8497403286262368 0.4561640675912749 0
3052 0.2079428022762504 0.5596132403904766 0
3053 0.5665889861457383 0.8828186125918827 0
3054 0.5597481409971787 0.890911195950419 0
3055 0.5548538057211571 0.9030490952153961 0
3056 0.5739442552921197 0.8904407457368083 0
3057 0.5353437710464405 0.9217321671614962 0
3058 0.5250213974403551 0.9406793461749209 0
3059 0.7549295808466028 0.7413921203008614 0
3060 0.8061674496488542 0.2814340722223303 0
3061 0.7436538301639648 0.1339225205210074 0
3062 0.2134713886901967 0.7416223723503983 0
3063 0.7353409690870196 0.9078305179970779 0
3064 0.78340752616307 0.9092935938672019 0
3065 0.6312301454038107 0.8728516475732639 0
3066 0.3543078606718568 0.7610584082998711 0
3067 0.3335620180278981 0.7456790917356182 0
3068 0.6471199175031103 0.209950498760993 0
3069 0.6176859457476287 0.1333871347977226 0
3070 0.6925755414225847 0.8318206055143121 0
3071 0.6940580505836363 0.8433673419216241 0
3072 0.818980638963013 0.7040328077945114 0
3073 0.3018707146373995 0.1996031142260778 0
3074 0.3102466527568365 0.1992140372238106 0
3075 0.5785583275158415 0.6504950909425529 0
3076 0.4468070805195169 0.1214388555195281 0
3077 0.2074951722230408 0.8409048993034784 0
3078 0.2234618911527964 0.823907480346167 0
3079 0.6131403691059707 0.8653084721118638 0
3080 0.8413993047989692 0.6837366454128511 0
3081 0.852432765346907 0.4320874391436934 0
3082 0.785708660497787 0.6729735009193314 0
3083 0.8451733360345155 0.4925267183501103 0
3084 0.1886729599729266 0.647711960182257 0
3085 0.4322058231757524 0.1843507496121137 0
3086 0.0601465433517685 0.5707024670921187 0
3087 0.5043598587511242 0.1886195523596416 0
3088 0.3161605170504703 0.8360737051010152 0
3089 0.3099115384850018 0.8428667030119683 0
3090 0.2999822258658184 0.838112651546753 0
3091 0.2865565871924173 0.8389962645560478 0
3092 0.261240139504482 0.8302497701527646 0
3093 0.3118209935267316 0.8537055542452054 0
3094 0.5517844202236627 0.8845527360581633 0
3095 0.2623897012003544 0.2383025926081205 0
3096 0.4119368798144307 0.783757568043836 0
3097 0.1596775725990829 0.6012645935312647 0
3098 0.3896006415419133 0.1176692336354223 0
3099 0.7105615490772595 0.8150824526720758 0
3100 0.7188102138018344 0.8155692524487669 0
3101 0.7246971177164416 0.8225627006730635 0
3102 0.6686052682085994 0.7578957722950095 0
3103 0.372639013849219 0.8245617876290319 0
3104 0.3686738599251258 0.8101847949834809 0
3105 0.1699371229398834 0.6944903917554043 0
3106 0.5321051888918891 0.1445207331710251 0
3107 0.52520328246727 0.153598377719165 0
3108 0.9426982628059781 0.5804565485869655 0
3109 0.1595928960014323 0.5690918165052402 0
3110 0.4658147592450307 0.8620783242037199 0
3111 0.8417629367928592 0.6609988281212157 0
3112 0.4210434633950014 0.1536410211288001 0
3113 0.4363713575228103 0.8593135281598231 0
3114 0.8283747313901211 0.7909892924504192 0
3115 0.754493541222487 0.7791516103504863 0
3116 0.1231691032250426 0.749663473074371 0
3117 0.1733215570462138 0.6871279196451585 0
3118 0.2812295316322865 0.8543845511359105 0
3119 0.9001321533127862 0.3771921866929439 0
3120 0.9198732687881384 0.3811857461984777 0
3121 0.9289920169123413 0.3564657709500339 0
3122 0.8367684718251756 0.671948649404814 0
3123 0.1295487921703552 0.4154448670181435 0
3124 0.8766619397037123 0.4470094225913886 0
3125 0.8947814290958012 0.6831923993255002 0
3126 0.359127665160784 0.8162893891622658 0
3127 0.816705624440765 0.2535355459502333 0
3128 0.627668682697093 0.8882329752316207 0
3129 0.861571368853731 0.7401041950901357 0
3130 0.1212628598553246 0.5900268502634727 0
3131 0.4732321523273094 0.2005044585033995 0
3132 0.8302906113716314 0.3040509510877719 0
3133 0.853686445777849 0.5284064229487559 0
3134 0.5989337648689201 0.8136447417498175 0
3135 0.7272118987765699 0.6495606531784625 0
3136 0.914108740107616 0.7999189075652131 0
3137 0.6423638497698344 0.8064830778654167 0
3138 0.5644958997942298 0.4503857866317127 0
3139 0.5432025561893336 0.4524173539292136 0
3140 0.538999544786936 0.4733779377217429 0
3141 0.1457010856620702 0.4950889671767487 0
3142 0.1527322384997806 0.4981223052284474 0
3143 0.1512613552207186 0.5059562806229064 0
3144 0.6831855720505058 0.1431683931584172 0
3145 0.7982207025983182 0.2610404925707758 0
3146 0.1997250408493969 0.434608626305065 0
3147 0.3753396560013196 0.1676338700907972 0
3148 0.2151677538126587 0.7351502590740819 0
3149 0.1218628848911751 0.7758753771045066 0
3150 0.09263477386919144 0.795792235847651 0
3151 0.6479555160970627 0.2271938529878634 0
3152 0.1428415287218913 0.3831974486758641 0
3153 0.7318839466613587 0.6102638225081817 0
3154 0.1755464853350509 0.3346035488210507 0
3155 0.819611097160758 0.6389075365721021 0
3156 0.6517543024276736 0.7849037969646047 0
3157 0.411748115421416 0.1615931435804521 0
3158 0.3600353803855025 0.8999978208220065 0
3159 0.3614467527485972 0.9252958287977717 0
3160 0.6962421933435204 0.7953238500539421 0
3161 0.5004854789834178 0.9311719767047117 0
3162 0.2455172828910245 0.273931415599387 0
3163 0.7464116129596976 0.750592145575766 0
3164 0.8734664707869667 0.4988097999801622 0
3165 0.3317077302058672 0.1856563879564635 0
3166 0.142496000913281 0.1001370860573904 0
3167 0.7680330625045568 0.1324719522513355 0
3168 0.6909115582589357 0.1971566785074794 0
3169 0.1457813652707429 0.5065062122573964 0
3170 0.1786334361856049 0.341595478324991 0
3171 0.1513660410621672 0.3543094888995315 0
3172 0.1475367768085643 0.3477902853837704 0
3173 0.7233625638800317 0.1976366239074649 0
3174 0.7310612939551254 0.1963656035793794 0
3175 0.8246527552543728 0.3358155364324317 0
3176 0.852191640925593 0.6244472075548093 0
3177 0.1163677647320833 0.4455811873166251 0
3178 0.1079589352680225 0.4425784942719923 0
3179 0.797157629586728 0.2674377381218517 0
3180 0.8487354902221506 0.5529010488728823 0
3181 0.8444174189984608 0.382129882219747 0
3182 0.8626371199610822 0.5050074944476972 0
3183 0.3746264093953782 0.03352836560262218 0
3184 0.7650178295109964 0.2262943160005298 0
3185 0.7721087261397996 0.2281783367648071 0
3186 0.7064666608387544 0.1802190433390253 0
3187 0.8313095391911611 0.4000611244574014 0
3188 0.3003694602419175 0.7955906016418168 0
3189 0.1446894717842837 0.4857586388383577 0
3190 0.7746696356627523 0.2413109206407575 0
3191 0.6515331504418787 0.8586388594605264 0
3192 0.1448369800436176 0.3408891714767894 0
3193 0.8437083429307229 0.6423845856246991 0
3194 0.3202571061059468 0.6577080434502178 0
3195 0.1672047817686309 0.3187111517197341 0
3196 0.7623367209217025 0.2204006619259527 0
3197 0.3391894094572458 0.9340758769157873 0
3198 0.7498379402553899 0.1531454225266975 0
3199 0.4921487646493085 0.9024785265295745 0
3200 0.4470846502280973 0.8973090034790935 0
3201 0.7352149444370497 0.883726984350512 0
3202 0.1629301610136129 0.1896691026099366 0
3203 0.1445409267878873 0.2132478583755795 0
3204 0.148206589638628 0.2508165042562779 0
3205 0.2252519921846309 0.2466177197678157 0
3206 0.7648155202940237 0.7360543899902372 0
3207 0.7580593545514362 0.734351071833605 0
3208 0.9038533431774602 0.2813962114972219 0
3209 0.1421533766486052 0.4657549412252867 0
3210 0.5132052371788953 0.2023996047972483 0
3211 0.8623317887539264 0.2589107914041713 0
3212 0.8353476435306608 0.6996902269369638 0
3213 0.3546111519407216 0.8585384307442671 0
3214 0.2974488549159537 0.7878369502823757 0
3215 0.4391484784416596 0.1205209497466778 0
3216 0.8085132852435619 0.6411602519546504 0
3217 0.6171568647846042 0.8423941846950388 0
3218 0.3522026618555519 0.2096626667473222 0
3219 0.2843800376421242 0.7234173733792528 0
3220 0.8821756986524245 0.7556074452830147 0
3221 0.337879141103443 0.8091870234393272 0
3222 0.7193205828550725 0.06702426724246635 0
3223 0.2159780805613494 0.08310283094004639 0
3224 0.1772495556148499 0.6814443251154165 0
3225 0.5392827245686873 0.8676911775164475 0
3226 0.5808643607706196 0.8585721962624612 0
3227 0.5848476775067342 0.8538871182747312 0
3228 0.3012378441126025 0.6386785349968017 0
3229 0.1646244356233391 0.6698931072933595 0
3230 0.4939506330213306 0.7758610999401583 0
3231 0.4449586853703461 0.1940444165455142 0
3232 0.6517188626103384 0.4889823481453868 0
3233 0.09718354370962673 0.3399942841401141 0
3234 0.4809282950211937 0.8122384956876649 0
3235 0.8468395215460217 0.4504321321805239 0
3236 0.8388935891201588 0.4497802617287542 0
3237 0.1226516425989023 0.5002587431036459 0
3238 0.4648254991082812 0.07022781595228877 0
3239 0.148671130492111 0.5168032998623894 0
3240 0.442665765961855 0.1513255865262146 0
3241 0.7747135217539227 0.3003653773313472 0
3242 0.8942934666645168 0.8897507343588036 0
3243 0.3586353617297744 0.19986678798166 0
3244 0.8389048154510252 0.3392807143091668 0
3245 0.1530361080371014 0.511837959195542 0
3246 0.1601647458167988 0.5062120848740369 0
3247 0.1950579029439803 0.3224954399543256 0
3248 0.7504306400850602 0.2574161403529782 0
3249 0.832751278772918 0.3669227228402512 0
3250 0.2253902915915446 0.7632667501233772 0
3251 0.8130903091654296 0.5295648985132493 0
3252 0.9061797218736677 0.4768287752632795 0
3253 0.1599029890119257 0.5534612847740795 0
3254 0.8617932566420052 0.6167932798329587 0
3255 0.8358660318112038 0.3153834378796139 0
3256 0.492908656409293 0.8546526329148421 0
3257 0.2572755032361501 0.2002373355495813 0
3258 0.1537537476411541 0.4144073488647153 0
3259 0.1555665062348377 0.6404108678290366 0
3260 0.1522165331756999 0.6484881903246799 0
3261 0.1582249026944554 0.6524292916170003 0
3262 0.1259275164752209 0.477298879302956 0
3263 0.1200621730676438 0.4818142035342392 0
3264 0.3899610967310915 0.8881982468123575 0
3265 0.135671895952589 0.3795301189259346 0
3266 0.1362825085175917 0.3729033697354274 0
3267 0.8824822401480334 0.6473607429373965 0
3268 0.8638689721338955 0.5898954277491624 0
3269 0.6744857899056588 0.1934761028225069 0
3270 0.2211751482992342 0.2549630185577728 0
3271 0.5338224438199355 0.8647613863914033 0
3272 0.529865975050226 0.8689478177843926 0
3273 0.8690578460314047 0.570704952117042 0
3274 0.8699445708772591 0.5750504897874997 0
3275 0.1820596970963804 0.2977142741750671 0
3276 0.1846495894155841 0.2926114126967218 0
3277 0.2940580412327988 0.1885448390394184 0
3278 0.1209300338582791 0.7046503623214179 0
3279 0.1213186621476099 0.5342367988265128 0
3280 0.1188269411438698 0.5278040582280271 0
3281 0.595808716660103 0.1518927174141153 0
3282 0.1424568826822665 0.4760589402319736 0
3283 0.2062645508104591 0.6750153064054096 0
3284 0.1920833487715809 0.3150894913920556 0
3285 0.6694566510675191 0.8379308237328918 0
3286 0.9499678589382716 0.6261801168735783 0
3287 0.1640027113842878 0.3707304842863739 0
3288 0.3310690411029209 0.225783641520279 0
3289 0.900411560097929 0.5548287266868022 0
3290 0.1931483437088872 0.7446517086290401 0
3291 0.341917581187766 0.05171424990788931 0
3292 0.5004015314507095 0.1526556796974612 0
3293 0.1591403138927845 0.5454316662997103 0
3294 0.8063767207989653 0.3166904153729034 0
3295 0.1511408821306601 0.4892055666762814 0
3296 0.9484620240448988 0.4235265868420096 0
3297 0.3801408875384369 0.148196430145728 0
3298 0.1156492121508021 0.4585418217100405 0
3299 0.7594747189623516 0.6198892980308148 0
3300 0.5950296847553171 0.9330516386586002 0
3301 0.6140151583258234 0.9425399820782467 0
3302 0.1842862246011955 0.3231285270720553 0
3303 0.232252684010487 0.3230375911617985 0
3304 0.5138745985331153 0.8345843991945656 0
3305 0.8490477651107724 0.598217809673228 0
3306 0.7634764846384038 0.2598028564955261 0
3307 0.7815858878717076 0.1739543085062945 0
3308 0.94395276159374 0.376403259427805 0
3309 0.1780030559799305 0.3487633892309486 0
3310 0.0991437340973419 0.6989954058870282 0
3311 0.6588914475441854 0.1811176440559655 0
3312 0.6890184121750532 0.1609662471696317 0
3313 0.5895421962367571 0.1871854508570699 0
3314 0.1490047150753319 0.609908332176004 0
3315 0.3811409891044067 0.9126343457283104 0
3316 0.1774868186959897 0.5862754885469701 0
3317 0.5669945503048275 0.4853402503696061 0
3318 0.552473192037861 0.4841983695522529 0
3319 0.5454919082323335 0.4979358407261844 0
3320 0.8614630991003758 0.3986345649749978 0
3321 0.2379499318466835 0.2709117649055994 0
3322 0.3020502300888999 0.8300978500454734 0
3323 0.1637145372747442 0.3770069370540451 0
3324 0.1696805573842706 0.3679928568472766 0
3325 0.414934933665106 0.8471267141807919 0
3326 0.6959456482027173 0.1753746204924291 0
3327 0.3357048369814685 0.5464005702015198 0
3328 0.2856010081144036 0.800819967872173 0
3329 0.6726224494118874 0.07522191281242729 0
3330 0.8397291426058222 0.6662597595650352 0
3331 0.7047234425418664 0.2624308960948901 0
3332 0.7762818583327777 0.7236320037970495 0
3333 0.6222554232562968 0.1231104129360586 0
3334 0.623896169020331 0.1065061946377212 0
3335 0.2984488283047688 0.2053300865575087 0
3336 0.4158083861642387 0.1268438498135114 0
3337 0.4899555484201379 0.8733245259330322 0
3338 0.4337657325602743 0.828959422947084 0
3339 0.2450701120353674 0.2160074290508078 0
3340 0.2481669009602672 0.2094470114237018 0
3341 0.7209890419737008 0.8096071706234889 0
3342 0.807261950977918 0.6698940176595055 0
3343 0.8739507784517748 0.4804593598701853 0
3344 0.7025247209952445 0.2197788649988917 0
3345 0.6485757495351145 0.1269133425200814 0
3346 0.8718350144599973 0.5520746496765534 0
3347 0.7707565010960034 0.2773519840402147 0
3348 0.7738932855437639 0.2843352649130616 0
3349 0.8649775043307568 0.4050166713875232 0
3350 0.1996157242898441 0.6139805505841855 0
3351 0.6123445487152349 0.08729641604715177 0
3352 0.9081123629095332 0.6141386170032926 0
3353 0.4542299421632547 0.9405754148904126 0
3354 0.7047845715139487 0.597868502093983 0
3355 0.2275228651900838 0.2754696002413122 0
3356 0.8438328439509905 0.5617616374458511 0
3357 0.1583079722121503 0.629805652325753 0
3358 0.5854702618859962 0.1372846660860683 0
3359 0.1705515730709058 0.2986060045775671 0
3360 0.6999631113857125 0.1625308634113444 0
3361 0.2003984006964663 0.3748930125803595 0
3362 0.2413489533725521 0.2293966349816097 0
3363 0.2342575713996572 0.2268833757344284 0
3364 0.3843853111624799 0.1788628493380857 0
3365 0.3391530196914866 0.801040697191121 0
3366 0.1796765294707093 0.208129972942634 0
3367 0.1542291254504047 0.6176674227673841 0
3368 0.4591639443934881 0.8635628249387859 0
3369 0.1980783049731837 0.6595930350837351 0
3370 0.4701804205260479 0.8668541911533153 0
3371 0.5750450915637317 0.8636961656582207 0
3372 0.8307924956091024 0.6916861763911071 0
3373 0.4848279527619202 0.1054294402659797 0
3374 0.164264665306901 0.3944062801660546 0
3375 0.8263778671780658 0.3576208770940732 0
3376 0.3337857248719465 0.1530758308384248 0
3377 0.3322827229811177 0.145123879391347 0
3378 0.118500508481783 0.6415030641724339 0
3379 0.1289320894107055 0.2903337327594129 0
3380 0.1102481061640632 0.2793284011079266 0
3381 0.1210883046790294 0.2595564719510071 0
3382 0.6009905038524685 0.8784049327080611 0
3383 0.6345226409171661 0.1221283013231991 0
3384 0.9131211907495784 0.4376570744171104 0
3385 0.1988714313485748 0.6261260519947802 0
3386 0.2115317912718199 0.6184235285836294 0
3387 0.2597956931825466 0.1814915683245417 0
3388 0.2002712284259688 0.2511336431033087 0
3389 0.1201298377972891 0.6694095905817362 0
3390 0.8373310985621766 0.598710823587522 0
3391 0.4755797981068047 0.8483213686000148 0
3392 0.7352032657107046 0.7220536682102426 0
3393 0.762341698535846 0.2669754907508292 0
3394 0.2480155787681602 0.7081304293171794 0
3395 0.5428367334802531 0.8453788557028061 0
3396 0.8874340737379018 0.4959077971391443 0
3397 0.7856396604034974 0.6823432221568794 0
3398 0.680046245062405 0.1913817831630147 0
3399 0.2186417181736678 0.7647440324730749 0
3400 0.7829467825715797 0.6911890215884392 0
3401 0.1129667391763338 0.3493845016075356 0
3402 0.1622079504176935 0.442612682043568 0
3403 0.9580556061880821 0.2759288275446271 0
3404 0.487379517282637 0.8640998433362456 0
3405 0.4858442784515523 0.8688007799029802 0
3406 0.7654354038044764 0.766545769523255 0
3407 0.4050875809526644 0.15763803716845 0
3408 0.6134860330358464 0.695869821956594 0
3409 0.1250952933788771 0.52804793945012 0
3410 0.8531090624448536 0.8412444469764511 0
3411 0.7845252902618669 0.8764348602356995 0
3412 0.3969476953412273 0.1622136699386855 0
3413 0.1624667235640069 0.3026047122512138 0
3414 0.3289770963865274 0.1583941259332848 0
3415 0.8618567934690859 0.5106887918139381 0
3416 0.6014907110763592 0.6021344045593845 0
3417 0.1142720264658487 0.4256745013987429 0
3418 0.200239277784758 0.6477083258498995 0
3419 0.227817932275708 0.1361330450812877 0
3420 0.2052165179948166 0.1234520445783389 0
3421 0.2173066783722791 0.7017749328183307 0
3422 0.128922050744731 0.3923206037532576 0
3423 0.125893519136436 0.4729817897460343 0
3424 0.2068748042886533 0.173344521555538 0
3425 0.8680464271481889 0.6207433568054579 0
3426 0.09036989695694031 0.5458372897116093 0
3427 0.1631527069499709 0.6997805094051035 0
3428 0.1643625629318375 0.3657688411323391 0
3429 0.1682315178971753 0.5572831696329087 0
3430 0.5319433196819987 0.8735926600648873 0
3431 0.5247311183338457 0.8687507625169534 0
3432 0.5214278958731401 0.877846065133852 0
3433 0.528023188687088 0.8633353119442474 0
3434 0.2454251367129744 0.7754330663356735 0
3435 0.8734612891650206 0.3944549809892499 0
3436 0.5056603517414749 0.7922675967087567 0
3437 0.6469667917777265 0.1813711083584541 0
3438 0.380117542294933 0.2185719882151969 0
3439 0.8712913376047431 0.4353974706965284 0
3440 0.4095629112735044 0.1711341173519924 0
3441 0.05629019941652913 0.6312200330764696 0
3442 0.03301088254629381 0.6259484190123787 0
3443 0.5046363225253716 0.5751625971763484 0
3444 0.5168814727773394 0.5594627311852568 0
3445 0.50992875323118 0.548873354114337 0
3446 0.5197240634626383 0.5372162706357592 0
3447 0.5107008090980281 0.5391406342425922 0
3448 0.501591653971686 0.5340772229257598 0
3449 0.5089454286560687 0.5309065095668495 0
3450 0.5035455584932053 0.5271185139006429 0
3451 0.5091474158201168 0.5242959687266542 0
3452 0.5038826211157597 0.5207908899391502 0
3453 0.5095115546555303 0.5181880409070471 0
3454 0.5041919962160398 0.5146913610782899 0
3455 0.5099636336271131 0.511974698999161 0
3456 0.5046477561595151 0.5083057584174223 0
3457 0.4987324111496498 0.5110569214094177 0
3458 0.4990459320234175 0.5045617167066573 0
3459 0.5104745896270154 0.5055380165542629 0
3460 0.5144600619459123 0.515650203597404 0
3461 0.4924172812519243 0.5081446060161822 0
3462 0.4932597970727687 0.5010150703556899 0
3463 0.4872016166794667 0.503812614638686 0
3464 0.4877731555517342 0.4973420702741806 0
3465 0.4936309803082852 0.4942762305765712 0
3466 0.482090252523699 0.5002232007197638 0
3467 0.4881574129597145 0.4907976417883855 0
3468 0.4936798026189765 0.4876749215739454 0
3469 0.4881100986797696 0.484429699545849 0
3470 0.4829893243332363 0.487340793382762 0
3471 0.4832200219726095 0.4813643871515412 0
3472 0.4879606690613035 0.4783028982918463 0
3473 0.4782124790529226 0.4840263393883736 0
3474 0.478730237746071 0.4781049314349419 0
3475 0.4815828729906345 0.5062744746172171 0
3476 0.4768112334653991 0.5028528239192719 0
3477 0.4995915350919766 0.4911806866524236 0
3478 0.4993245598377558 0.4835827113543621 0
3479 0.5056506933938113 0.4879503449977793 0
3480 0.5058967994171693 0.4813135690505781 0
3481 0.5111327335162792 0.484752157689903 0
3482 0.5112813001270898 0.478528321201103 0
3483 0.5066830398651658 0.4753849906378195 0
3484 0.5163208950243651 0.4817261842671645 0
3485 0.5164897317316023 0.4757906301583931 0
3486 0.516384481579375 0.4875511134176241 0
3487 0.476330804004822 0.5086927820171475 0
3488 0.4714721490807281 0.5055815302041441 0
3489 0.4809006495810725 0.5120354651781829 0
3490 0.4719419782415799 0.4993740297118177 0
3491 0.4987274323071015 0.5240307786742667 0
3492 0.5212381618785525 0.484685246811056 0
3493 0.5213214999139676 0.4902222259857851 0
3494 0.5259461829208623 0.4875021008742396 0
3495 0.5260019968541333 0.4928156702897575 0
3496 0.4757732243503523 0.5143356794846902 0
3497 0.4803001780892013 0.5175934665879549 0
3498 0.4752778767816627 0.5201243313121103 0
3499 0.4663393530355376 0.502289737137068 0
3500 0.4669144583879367 0.4957060232173798 0
3501 0.5213997308652526 0.4956209585923804 0
3502 0.5261945174273659 0.4982098199575826 0
3503 0.530567327561893 0.4901348273760573 0
3504 0.5262872950359215 0.482151871266276 0
3505 0.5215559507382216 0.5010159691298318 0
3506 0.526341584252207 0.5034970587467552 0
3507 0.4610138776832395 0.4984792752928818 0
3508 0.4615833917224455 0.4917688589589027 0
3509 0.4716594717650689 0.5165367495097417 0
3510 0.4699136682464107 0.5222906798910416 0
3511 0.4852665208741245 0.5154205747239381 0
3512 0.4848033292181542 0.5208915734867224 0
3513 0.4603539841022228 0.5058228638398858 0
3514 0.5307254858284468 0.5007126566017202 0
3515 0.5308980441328477 0.5059005173885067 0
3516 0.5266107486076681 0.5086431237818281 0
3517 0.5312187692569799 0.5109413790070091 0
3518 0.5268247971920358 0.513849841461993 0
3519 0.5314965397521635 0.5159649672778409 0
3520 0.5359761135352578 0.5131869463712184 0
3521 0.5268586004297868 0.5194008307880496 0
3522 0.5324202142691647 0.5220187042360535 0
3523 0.4675975917427627 0.4893205102679861 0
3524 0.4624549296096953 0.4846929253503575 0
3525 0.4778284819389547 0.4900853723279641 0
3526 0.4549493133036717 0.4878257984045837 0
3527 0.5052396828882205 0.4947401877333758 0
3528 0.5145602542182568 0.5274764648704854 0
3529 0.5271245908095382 0.5257117536876516 0
3530 0.5336665144448699 0.5296113615021401 0
3531 0.4552724633139407 0.478489880586241 0
3532 0.4655536777982484 0.4770948010038699 0
3533 0.517391682210712 0.4983694718639773 0
3534 0.4892512464485076 0.5182074449423449 0
3535 0.4891646702928302 0.5241741698895711 0
3536 0.4748912946008186 0.5266264525289905 0
3537 0.53510095725981 0.503291127451414 0
3538 0.5352624540766806 0.4980499262318777 0
3539 0.5223914765378473 0.5114949697319087 0
3540 0.4536687767989728 0.501067823095702 0
3541 0.4683147364154261 0.5305083581105589 0
3542 0.4584849569929929 0.4701949771768677 0
3543 0.4673984950152521 0.4688350514126691 0
3544 0.4597518598839891 0.4593342132575665 0
3545 0.4712018722800262 0.4549482928585835 0
3546 0.4796029619180155 0.4629493283371878 0
3547 0.481861028006403 0.4525239843469814 0
3548 0.4891639750644868 0.4602974611330453 0
3549 0.4927818349832269 0.4513712429159751 0
3550 0.4981490589834627 0.4590256344532809 0
3551 0.49491868471396 0.4665622920272736 0
3552 0.5027610774569991 0.4661138687866178 0
3553 0.506405765303131 0.4580943336657721 0
3554 0.5111820230310545 0.4652016230761473 0
3555 0.487489226548172 0.4682499006512013 0
3556 0.4844643909846751 0.525673435836104 0
3557 0.4443879014918528 0.4839171933037158 0
3558 0.5411370130321081 0.5242267062827853 0
3559 0.494770191985586 0.5372331106378095 0
3560 0.4531433223407497 0.5107198929031811 0
3561 0.4592423490779057 0.445105744345691 0
3562 0.4730147197383565 0.4807424834112561 0
3563 0.4604082592387543 0.5140394035143756 0
3564 0.5206449090330143 0.522747576888357 0
3565 0.4887563884279867 0.5300159652056532 0
3566 0.473362857979994 0.4744119366340624 0
3567 0.5155856589702893 0.4560524002649541 0
3568 0.5196975132102667 0.4641415722248032 0
3569 0.5091352859909337 0.4479865249514987 0
3570 0.4807168703386987 0.4717010602447219 0
3571 0.4826912055654292 0.4937610231016364 0
3572 0.4926032923273564 0.4733203104332634 0
3573 0.4985789487791779 0.4723232530182704 0
3574 0.4969423842929983 0.4776802376123224 0
3575 0.5164348680943246 0.50984059859772 0
3576 0.4724991579294078 0.4929468309234532 0
3577 0.5109156341938111 0.4910525606571264 0
3578 0.5306723201304793 0.4954474362104868 0
3579 0.5353143082408472 0.4927495857834837 0
3580 0.5351416356963348 0.4869280149544594 0
3581 0.5396705586504911 0.4899439084007125 0
3582 0.5415496175665765 0.4833502625091195 0
3583 0.5332780031340351 0.4801048232004517 0
3584 0.5306997339241936 0.4717691026386671 0
3585 0.4940627282962199 0.5269876509708853 0
3586 0.5206875543885907 0.5299035003846864 0
3587 0.4860629326853228 0.5097980006078047 0
3588 0.5122139909330997 0.432782402548947 0
3589 0.5114835203303182 0.4724880341159733 0
3590 0.5213787371934261 0.4789858207451337 0
3591 0.5224946733227362 0.4719564784992905 0
3592 0.5422730272315973 0.5344308222990682 0
3593 0.5530795171560801 0.5178820435639143 0
3594 0.4758040550043884 0.5344374973240715 0
3595 0.4773103849440782 0.4965405467839845 0
3596 0.5280731288856685 0.455835236253753 0
3597 0.499353226451684 0.4978877332097217 0
3598 0.5048694191093448 0.5015607762659873 0
3599 0.5218237873418891 0.5062842603647377 0
3600 0.5305142619327453 0.4850659952289497 0
3601 0.5348184446471714 0.5086668357953773 0
3602 0.5402082277155134 0.508548416743543 0
3603 0.4481734416887759 0.4943390648708622 0
3604 0.4437648187385465 0.5191441072823769 0
3605 0.4272634883244443 0.5121050881028646 0
3606 0.5144540356711619 0.5215309503906571 0
3607 0.5117769157104247 0.4983057428139886 0
3608 0.5169165156649044 0.5038888714935978 0
3609 0.4659828243243931 0.5088739395060835 0
3610 0.5166308862789648 0.4929903151295926 0
3611 0.4712301276966819 0.5113250844223709 0
3612 0.4729659400556394 0.4868012476438272 0
3613 0.4435404033566213 0.5052788628488178 0
3614 0.5358459551313577 0.4637492947055071 0
3615 0.4743275134847043 0.4419797907339025 0
3616 0.4797996719612477 0.5230214377798061 0
3617 0.542441736166515 0.5156900374539347 0
3618 0.4933650435728169 0.513740005310493 0
3619 0.4836930644961472 0.476622054589364 0
3620 0.5221077774258511 0.5169480386980085 0
3621 0.4683173717889405 0.4837303935354593 0
3622 0.4290885448183764 0.4750957191861737 0
3623 0.5271495794485767 0.5334241349180461 0
3624 0.4407563089516532 0.4359765886597947 0
3625 0.5264138812915107 0.4763974661213135 0
3626 0.4987687846368992 0.5176877802777109 0
3627 0.5167139177953415 0.4699390521137221 0
3628 0.545784964704186 0.5475812963965943 0
3629 0.4613555922292614 0.5389531839595602 0
3630 0.5016903193903672 0.4777116536472958 0
3631 0.4625052498994298 0.5221087326845707 0
3632 0.5069489767931457 0.470112420850552 0
3633 0.4995694547001699 0.4413287392629694 0
3634 0.4746320628688964 0.4684006893153185 0
3635 0.4927448524028401 0.4810912861313922 0
3636 0.5476566671601093 0.4643963837352115 0
3637 0.5149236219647165 0.5329286759400745 0
3638 0.5277758724151264 0.4641157878563064 0
3639 0.4938899842590626 0.520804638344212 0
3640 0.4478102139973033 0.470571629546035 0
3641 0.4649714643922447 0.426612928562615 0
3642 0.5341521563004735 0.5396175146041636 0
3643 0.4986036185827761 0.5289053876630863 0
3644 0.5402451514272967 0.5013729865734593 0
3645 0.5406006444281387 0.4952233652229944 0
3646 0.547284212584435 0.5041689687520314 0
3647 0.4558139720026265 0.4947987060382627 0
3648 0.4801592555317546 0.530003745137189 0
3649 0.5479228712556681 0.4751881130966147 0
3650 0.518886298451631 0.5456502376962428 0
3651 0.4874874351676243 0.4736375812616882 0
3652 0.486362374569473 0.4430229676987608 0
3653 0.2315106144173541 0.3386068951202814 0
3654 0.355922117299638 0.1369561898011789 0
3655 0.6221670590898651 0.8304127672661978 0
3656 0.7531384243909618 0.8029962997067114 0
3657 0.7666589564015541 0.8015994393033652 0
3658 0.7737468813757435 0.8154193191791098 0
3659 0.3251277293846462 0.07797137636953272 0
3660 0.08512259157867619 0.4891472972254129 0
3661 0.6454252354569056 0.1550305885830987 0
3662 0.4602147604804921 0.5298309448388574 0
3663 0.8508147027448023 0.4116035421213009 0
3664 0.7010795553648771 0.1725229894010757 0
3665 0.8687302711107304 0.4403471931433048 0
3666 0.5014176306132099 0.4515906503016124 0
3667 0.5874400114310094 0.1597093298296463 0
3668 0.2230853320926418 0.695941315372528 0
3669 0.7336996854005361 0.2039658432982457 0
3670 0.5672643865166781 0.5235657518843336 0
3671 0.5366943233510418 0.5182174723243665 0
3672 0.1118247850579192 0.5252324355918964 0
3673 0.8934401332724686 0.5116638029643834 0
3674 0.4648849678454708 0.5495693358895951 0
3675 0.4646845717101686 0.1373499870300551 0
3676 0.2706987439970291 0.785240372708795 0
3677 0.7877120192023983 0.2442325303426993 0
3678 0.5911246490728567 0.1372633063928386 0
3679 0.5658238561828424 0.8151227529983169 0
3680 0.8385675580140551 0.9119608778156174 0
3681 0.3220234318708782 0.1930490567759163 0
3682 0.3238572333722073 0.1615995533163761 0
3683 0.2297259701762492 0.3958964519951749 0
3684 0.1709242654110839 0.3807595878947487 0
3685 0.4273464148406085 0.1238519301921689 0
3686 0.4804005013024412 0.5435983758065823 0
3687 0.4890265666331884 0.5417660846549229 0
3688 0.1584364065781752 0.4104630873391202 0
3689 0.6991931361954168 0.2806626539994335 0
3690 0.8072811985196404 0.3114698352466768 0
3691 0.5477143220974833 0.7313082005986149 0
3692 0.1872166995912666 0.3329319989964145 0
3693 0.1240684170390341 0.5051258376848741 0
3694 0.5910910489012652 0.8543121901676741 0
3695 0.05515677439356714 0.5009888094227696 0
3696 0.8902674964581965 0.5203899743227454 0
3697 0.518103534371254 0.5187319618497414 0
3698 0.8310466775062721 0.6329933428794878 0
3699 0.1803018055753964 0.8129696779647066 0
3700 0.5551161629514035 0.5079871142598185 0
3701 0.6166041289675317 0.7997729747734039 0
3702 0.05705516633783103 0.4459620822252047 0
3703 0.3879420536701885 0.1713618535360621 0
3704 0.6238276952268936 0.1846940503253503 0
3705 0.3416396951394745 0.178340584064655 0
3706 0.3225726452257603 0.7866627880501994 0
3707 0.6275762122907749 0.8154356114750876 0
3708 0.8446238642515735 0.4234616692119662 0
3709 0.5297422441194471 0.8327807297737493 0
3710 0.1958138405395998 0.3107154033336652 0
3711 0.3702733822169126 0.1212980902182637 0
3712 0.8679916910687357 0.4210344416809331 0
3713 0.8512196595519601 0.320231767242635 0
3714 0.5054901466885015 0.06704977266393963 0
3715 0.1540218965687032 0.6057047321614861 0
3716 0.8305140605284784 0.6002117032711397 0
3717 0.9617513560701415 0.5383682082391527 0
3718 0.8371530661293854 0.4874986694945762 0
3719 0.9503226444266154 0.4533336888702315 0
3720 0.7859940047803735 0.7070825232660485 0
3721 0.6006486486379552 0.8438924922468963 0
3722 0.2899704433939594 0.1820432341639837 0
3723 0.4366372729366604 0.7420251238390497 0
3724 0.2520002036111753 0.845680421335017 0
3725 0.7523211299995003 0.6005860924851433 0
3726 0.9099721164820951 0.344768273555752 0
3727 0.5950581273701028 0.8479430436072874 0
3728 0.1718561821217942 0.3962656995357687 0
3729 0.5287172438844193 0.8796731922759921 0
3730 0.6687336253137935 0.8116068789745134 0
3731 0.5673388731145855 0.8364957157594197 0
3732 0.8678689068556031 0.5544801397215409 0
3733 0.6734387065998295 0.1992549981128999 0
3734 0.5690395971468104 0.868328987559785 0
3735 0.2857560515386378 0.7604665840289646 0
3736 0.6169394043304268 0.1641912885797631 0
3737 0.6200084586209692 0.1694559959532652 0
3738 0.2868597185423908 0.8262657828936597 0
3739 0.2264974606124632 0.7393952997491253 0
3740 0.1834414574965649 0.6805541884500175 0
3741 0.2022484254878181 0.4692896708137917 0
3742 0.180539663368837 0.614703940243372 0
3743 0.1042162569335043 0.5915337247913699 0
3744 0.4307531126809083 0.6039303376078979 0
3745 0.4058367864268568 0.6189005520314397 0
3746 0.2675767450271554 0.8211913644512414 0
3747 0.7619235524220197 0.6880320763051753 0
3748 0.4002876683812773 0.1701893151636483 0
3749 0.6316025896129074 0.06543531218791204 0
3750 0.3605719679046739 0.152391637287949 0
3751 0.836310489475539 0.3094528605871454 0
3752 0.3445125650726057 0.8670452703880369 0
3753 0.1463221119631307 0.431582611302719 0
3754 0.1949767874042383 0.553459906682949 0
3755 0.4420399190493884 0.8592489478430683 0
3756 0.8460358403452856 0.4171489720148239 0
3757 0.2350426604308341 0.7850418903747194 0
3758 0.5469201758593601 0.4912916546795154 0
3759 0.04509559404581986 0.5416461735868204 0
3760 0.4901178106340565 0.8460903342742915 0
3761 0.5120826707559568 0.1206693720462939 0
3762 0.8083733012729635 0.6501136412720072 0
3763 0.9216887736853354 0.534759463339183 0
3764 0.6889130331594735 0.2395763370777061 0
3765 0.35014952073512 0.1721127842298261 0
3766 0.1879145531491901 0.7224524926563571 0
3767 0.4505130790386163 0.5326078526632421 0
3768 0.5201274078524109 0.1463766455825238 0
3769 0.2979303560848225 0.07006267759468465 0
3770 0.798650626828709 0.7443059915843115 0
3771 0.4645326943452546 0.830163674343368 0
3772 0.3013983535628506 0.2105000980830042 0
3773 0.3218698563781816 0.1876436079226451 0
3774 0.1703733159561559 0.3571430850162035 0
3775 0.8726779305238411 0.4031567494614852 0
3776 0.2572887760266658 0.2511575554018348 0
3777 0.2643409856092864 0.2531728884595384 0
3778 0.5563978747891035 0.9424282672061659 0
3779 0.3784270313290946 0.8401335955083318 0
3780 0.8295538897039236 0.3311568140999453 0
3781 0.2587257708461171 0.81978327056166 0
3782 0.8107659402213576 0.5149019986473012 0
3783 0.3115346719455534 0.1935896604941696 0
3784 0.844366996155069 0.197817638401671 0
3785 0.5693315604217006 0.5093751939235842 0
3786 0.4013653583840816 0.9153539756058313 0
3787 0.5297892817764147 0.199709095537324 0
3788 0.6103722020792339 0.1632448798112821 0
3789 0.1751874599657733 0.7385035118623305 0
3790 0.5187893917437673 0.514396015908674 0
3791 0.8506871941279317 0.4464835099439559 0
3792 0.4510813512827982 0.9122231205980151 0
3793 0.8365898026907901 0.4425603149914474 0
3794 0.2198370511441327 0.7348884030847969 0
3795 0.02932852216099602 0.5967973992336599 0
3796 0.5822141039655755 0.8492623120227155 0
3797 0.2142874171984341 0.2450036510434102 0
3798 0.8476641272225024 0.6653969453115867 0
3799 0.8552346038027485 0.6732323061694295 0
3800 0.1564383877388074 0.5320771575854315 0
3801 0.6095835864019714 0.8077550435040819 0
3802 0.4527082658970601 0.1140151338573817 0
3803 0.5190062539984529 0.8665156303727815 0
3804 0.7938665680384718 0.3493522353368452 0
3805 0.3707674955774872 0.8462992509377616 0
3806 0.7174612957150117 0.7836947846244657 0
3807 0.7123870012779614 0.7789247161299622 0
3808 0.1796229934608036 0.2859125592544064 0
3809 0.2344399672088876 0.8155957392493804 0
3810 0.1339758915122035 0.5194032602258885 0
3811 0.6683922201723292 0.8055551815407012 0
3812 0.5497851983614486 0.08523193017430514 0
3813 0.5575611788794628 0.160844273078418 0
3814 0.134486201713244 0.5315229430545844 0
3815 0.04843287593295148 0.4077416746454129 0
3816 0.1050995849182091 0.5797513661233207 0
3817 0.1568199398911528 0.7083859439191447 0
3818 0.1846318465279969 0.09170648257399655 0
3819 0.5828503875714621 0.1320561262213252 0
3820 0.530201104771548 0.4271567805060579 0
3821 0.7811090093193565 0.7174973321455632 0
3822 0.6338325386043913 0.7377377938330139 0
3823 0.1435683452772658 0.6325332954081976 0
3824 0.4408529158079771 0.2415862531873683 0
3825 0.743330158516984 0.2567593913627465 0
3826 0.3710214630225577 0.1507980426133669 0
3827 0.6819612158217848 0.2867173508382433 0
3828 0.2145537749692477 0.7297089273229909 0
3829 0.2004243325505128 0.2704650650437774 0
3830 0.5355864676319506 0.565614755775677 0
3831 0.09602297424866457 0.3748314077496272 0
3832 0.1975825726460119 0.2584582283333687 0
3833 0.2915799434537055 0.2172866545532995 0
3834 0.4145406336820757 0.6463786074125464 0
3835 0.470357442810042 0.5774954106054931 0
3836 0.04967616351300341 0.3123600211961433 0
3837 0.1586125351466758 0.6191950793403975 0
3838 0.7670696124921432 0.04560493033986562 0
3839 0.2629998923228296 0.7959825483131973 0
3840 0.8125314451572179 0.6076364566736842 0
3841 0.3725998923799145 0.7204727373863626 0
3842 0.4134622610801948 0.4933752390113902 0
3843 0.5601734796873095 0.1495995430541531 0
3844 0.7274239120615723 0.2802231946789541 0
3845 0.7140592318549069 0.2886732404833134 0
3846 0.4016525441328185 0.8394049024942951 0
3847 0.8468305447833497 0.5923100013046846 0
3848 0.7837693808154158 0.4637500327126841 0
3849 0.3643153233462054 0.8646202108813892 0
3850 0.3642111218510466 0.8741791192672508 0
3851 0.6397864602102398 0.1857408329736389 0
3852 0.9384780908141248 0.6686198079253591 0
3853 0.4367341845597696 0.109721039946606 0
3854 0.1236141054581262 0.4125940564302102 0
3855 0.1226859997350665 0.4045942541934365 0
3856 0.7517935542387957 0.406500495201308 0
3857 0.4317574183216569 0.8698541219837725 0
3858 0.4268492871289015 0.8742634548628943 0
3859 0.2991137691767017 0.216743417831031 0
3860 0.3385165610964627 0.7237601877004458 0
3861 0.14554861095361 0.6136888294898214 0
3862 0.4123450862542904 0.06886308731492596 0
3863 0.8027998229392832 0.7379655559092064 0
3864 0.7683987812609954 0.2911811942531108 0
3865 0.7695462841760886 0.7125789087572884 0
3866 0.8470852304844814 0.1756247357892605 0
3867 0.8125779612162811 0.7343498961178923 0
3868 0.8081014256361628 0.7209003037099272 0
3869 0.7906932857829871 0.1543158501680053 0
3870 0.8773625086059524 0.4356677367216501 0
3871 0.3793504449378314 0.8662351301618256 0
3872 0.1123957914473406 0.4148170807010917 0
3873 0.2025594199779982 0.26486033427955 0
3874 0.5258646947815532 0.5410272361174078 0
3875 0.7587879789310545 0.2004016732453864 0
3876 0.6113345150147284 0.1159096693587615 0
3877 0.1104306008705306 0.5023966118007372 0
3878 0.1157943299440537 0.4969364100110332 0
3879 0.1056275543676056 0.4331002156599958 0
3880 0.7348106804947336 0.153289705491355 0
3881 0.7512037717823576 0.7529193344762826 0
3882 0.723923924840233 0.2201487864224209 0
3883 0.8029242600773068 0.4637861725218593 0
3884 0.2664615244689333 0.8644469790908811 0
3885 0.6977492973901951 0.7816031211707366 0
3886 0.6571568941629988 0.04773488266152526 0
3887 0.07849953608514093 0.5769518774349376 0
3888 0.700929630270428 0.9076248712612121 0
3889 0.308451319618943 0.1779159832191134 0
3890 0.3140189377107033 0.1678937045606845 0
3891 0.8523496837077646 0.3111080140957042 0
3892 0.7881626953334255 0.3106478788156717 0
3893 0.7643213807484796 0.7879611140959635 0
3894 0.8661296237640914 0.3701901978021454 0
3895 0.1480575270796302 0.450949746952255 0
3896 0.1409048971897707 0.6155914973398451 0
3897 0.8171150960267182 0.7220461055174507 0
3898 0.3186962441304438 0.8442166221603459 0
3899 0.7098503407113529 0.8295035280619808 0
3900 0.2185879874930792 0.2189130858285156 0
3901 0.4457030474850657 0.5759246435798748 0
3902 0.5011175917052983 0.420773042963322 0
3903 0.8177646122207396 0.339124722286511 0
3904 0.4180831790044457 0.4543935031498862 0
3905 0.2232174837121999 0.2367732434472121 0
3906 0.747353261440304 0.8148342730509333 0
3907 0.2366111099694785 0.2177346835071472 0
3908 0.2904022395832706 0.7990101609795481 0
3909 0.7326784632363931 0.8317703823839708 0
3910 0.2790586439871694 0.169807227842095 0
3911 0.8762700688628391 0.5637253030989944 0
3912 0.1774156121133774 0.3881653874213752 0
3913 0.8555101198000679 0.6567463935519603 0
3914 0.313089479435312 0.1776232114857764 0
3915 0.414982254657701 0.5283821852095932 0
3916 0.5476259713147894 0.5108553161546484 0
3917 0.5686612110427133 0.2582764587696798 0
3918 0.8775458941969941 0.556589345776724 0
3919 0.4861833367152453 0.153937896624643 0
3920 0.7618621968860201 0.3522546506774839 0
3921 0.8247557418338766 0.712596276035614 0
3922 0.489815302362584 0.5354360678798138 0
3923 0.9484332220442935 0.4952359816326837 0
3924 0.1549215787752399 0.4565503843127969 0
3925 0.7917172558388832 0.7595745119399573 0
3926 0.7924634612639265 0.7693016430129731 0
3927 0.02274881924205613 0.2928041773999532 0
3928 0.948118582412617 0.779397764941428 0
3929 0.662557688199341 0.821416765059688 0
3930 0.2321306020096397 0.5024539423622053 0
3931 0.3023399608625618 0.2231487613464515 0
3932 0.4945999806044731 0.5321092342138346 0
3933 0.6423916552096114 0.1498428149856514 0
3934 0.8202382670369034 0.6294769794361945 0
3935 0.1534278962795474 0.6907090447917048 0
3936 0.158310214136213 0.6803027224890673 0
3937 0.7584647890363803 0.7243336272452123 0
3938 0.4719944012884355 0.4626268596154682 0
3939 0.1502253623361693 0.6731781970346491 0
3940 0.1745004084941064 0.3615339733869621 0
3941 0.7054871569821164 0.5385111495653939 0
3942 0.5175379462708487 0.118656725348499 0
3943 0.2326246475660428 0.7723215934945947 0
3944 0.7481193525649578 0.2447785102890274 0
3945 0.2884741854176633 0.2263681515716262 0
3946 0.8454638505863969 0.4625786430922578 0
3947 0.4247972558421602 0.2859830226835295 0
3948 0.1898016907339361 0.1579060156911942 0
3949 0.2326643462410736 0.2868978916341305 0
3950 0.8245765841521215 0.3764098136531204 0
3951 0.3900909991406168 0.8550736903432874 0
3952 0.1123684413434054 0.4874583447758059 0
3953 0.6926367276837394 0.2029611500479072 0
3954 0.6850995319610479 0.2008416153743716 0
3955 0.7006220957215157 0.789488985521194 0
3956 0.8665195298480097 0.5493632846195897 0
3957 0.5965691854901083 0.3485224648209541 0
3958 0.4409585551490522 0.6714899610079164 0
3959 0.2669546147204103 0.2819563629623637 0
3960 0.4765128212309055 0.053563291128775 0
3961 0.2144976119750531 0.7600702744819521 0
3962 0.4680190782247202 0.1112660531937947 0
3963 0.1428354201193022 0.3631493454006154 0
3964 0.8285564123972895 0.63961075063104 0
3965 0.5344149974971646 0.4422656122868887 0
3966 0.8190903373077678 0.2729159846148003 0
3967 0.8155215827841886 0.6526575038833999 0
3968 0.1629598841403223 0.3890782658511514 0
3969 0.579526805401143 0.4693207231737524 0
3970 0.2913861556356201 0.1641243422329552 0
3971 0.8816495485109541 0.4831686294940756 0
3972 0.4435472830461026 0.1563886968393496 0
3973 0.8522614240914466 0.4806752204776193 0
3974 0.847712859063718 0.4755161235246722 0
3975 0.1543095196052841 0.3587958271664591 0
3976 0.3436903830374423 0.8131287667919025 0
3977 0.7332630610707774 0.2209852613817976 0
3978 0.9361163605600971 0.6463949774504443 0
3979 0.2581051099305764 0.7363525094259666 0
3980 0.3746727505928464 0.1464478363967668 0
3981 0.8556734772949554 0.6422062210607604 0
3982 0.8391568367931266 0.413241309939513 0
3983 0.455442336299984 0.1525431875327453 0
3984 0.8338638061262141 0.3466621664492406 0
3985 0.6561629197939618 0.9591896170458649 0
3986 0.6569301797307043 0.1756041333991225 0
3987 0.8503037924825254 0.507778854655108 0
3988 0.456250209993267 0.1285909258102508 0
3989 0.559741785047685 0.8326504328476877 0
3990 0.798502813017314 0.6572111355266496 0
3991 0.1433300361482923 0.6445039821339668 0
3992 0.466373915563829 0.5149121717531019 0
3993 0.3071363409932865 0.5946989321323373 0
3994 0.4980165065687505 0.1155297365035841 0
3995 0.5379332564029783 0.1497060333953104 0
3996 0.1481384504937423 0.8700729447815228 0
3997 0.653499956269048 0.1863381529115726 0
3998 0.8713049708709797 0.4445193532725849 0
3999 0.5460014944012997 0.8405223689086716 0
4000 0.7973260503014592 0.5375257396668414 0
4001 0.1272143033495229 0.3836335458662548 0
4002 0.6946394016508811 0.2093544228104561 0
4003 0.4205649032222917 0.1614415464644006 0
4004 0.175773870815935 0.3735782853784874 0
4005 0.1577512961671318 0.4361122633943057 0
4006 0.3320338527776731 0.8616702171200141 0
4007 0.7756253524240535 0.2109247348459206 0
4008 0.7703012422825577 0.3104639513194281 0
4009 0.759022544989387 0.3112615096105051 0
4010 0.2989601859247575 0.2310948253871923 0
4011 0.1631088620996344 0.6758212429098233 0
4012 0.7576501116088885 0.7847030855526367 0
4013 0.5394378207276096 0.1135421525996815 0
4014 0.4940760896668338 0.5506683855718506 0
4015 0.5673306452925271 0.150984408599294 0
4016 0.7144190725085724 0.8220337026642108 0
4017 0.434232056003328 0.8775218321416849 0
4018 0.1147289941983702 0.539196961520533 0
4019 0.4658438222138582 0.1508690970913567 0
4020 0.7431747773302757 0.1919454777948307 0
4021 0.2207957506305067 0.2427860858179667 0
4022 0.1664789819030174 0.4977461736885996 0
4023 0.5947653616535956 0.1987130935589226 0
4024 0.1449571434191455 0.638257612857808 0
4025 0.200894116024924 0.6932459107060157 0
4026 0.1235792570214553 0.56192575126971 0
4027 0.165747872675016 0.4855439428373791 0
4028 0.8464231417041602 0.3606080686088609 0
4029 0.8425767802359144 0.5482902827944288 0
4030 0.1580624997636272 0.5256547534032447 0
4031 0.1521390359327396 0.3153139494705016 0
4032 0.1676228793251719 0.5188383237431012 0
4033 0.5256525279495325 0.909107504005376 0
4034 0.5329707861384876 0.1852380122725369 0
4035 0.1744033963821046 0.3064697364098307 0
4036 0.6791514428845393 0.7948628555496465 0
4037 0.7298789993082649 0.4003970321965597 0
4038 0.8461479072455234 0.7002233059576277 0
4039 0.5775971937422295 0.1862844574831616 0
4040 0.1417561070716908 0.3549572875131991 0
4041 0.5536077490335362 0.1336655693954401 0
4042 0.8705615107043154 0.606671928049311 0
4043 0.2278547017774226 0.7803833884319094 0
4044 0.1420296233243551 0.5682129398649638 0
4045 0.2223025039960338 0.3304069864189754 0
4046 0.7280131920186221 0.1834939008596556 0
4047 0.2216452490470927 0.4463715917459208 0
4048 0.156483431728452 0.2975485600331853 0
4049 0.8034114008768091 0.23479472389885 0
4050 0.1839065397711347 0.3521333767975919 0
4051 0.307507462629266 0.3517794058937541 0
4052 0.6872975422777006 0.9266228031713135 0
4053 0.8635885625055315 0.5001283702819787 0
4054 0.4891971906145893 0.5130730240780008 0
4055 0.7958040176185655 0.2218614400073192 0
4056 0.1302767097798733 0.5298625676827229 0
4057 0.1654428788315518 0.7308422933538465 0
4058 0.5033324724569711 0.4723292373881111 0
4059 0.8045504989907459 0.4332017612923806 0
4060 0.459749529789362 0.1153161801775373 0
4061 0.173971916415585 0.6672634559662296 0
4062 0.8796992394824797 0.8546042191576513 0
4063 0.3925013178997144 0.8654796599302605 0
4064 0.7623345550767622 0.2765130089485329 0
4065 0.2520422413815182 0.773323138611591 0
4066 0.8815780857740507 0.4313649615618516 0
4067 0.7424187314473693 0.2441369753609449 0
4068 0.7888030933989781 0.4942045435410146 0
4069 0.1708740692663575 0.2871232940295156 0
4070 0.1846229866958764 0.7632580199775327 0
4071 0.2545462424825994 0.751921342155496 0
4072 0.7245292164720681 0.2261943792968254 0
4073 0.7864844174837466 0.7916773408298259 0
4074 0.8394912450479521 0.5917860161975507 0
4075 0.590375440408119 0.8427711676850635 0
4076 0.1573467329445366 0.5903201649450309 0
4077 0.8326072969337491 0.3848086487724204 0
4078 0.5380641223371666 0.8739419455936629 0
4079 0.8405953168086203 0.5187984604315914 0
4080 0.1664614230227932 0.6817194501262268 0
4081 0.3927535436147318 0.1329491718141034 0
4082 0.1229125079263272 0.4848549207177509 0
4083 0.8499690738015006 0.4686882480981517 0
4084 0.749296691829598 0.2511618345564079 0
4085 0.882032151285064 0.5688561470881222 0
4086 0.8576338107566969 0.6292232339238828 0
4087 0.3920505338690203 0.9583085631597853 0
4088 0.8054808204296667 0.6753602656024714 0
4089 0.1628085640839379 0.4225809416645318 0
4090 0.5494289118397888 0.1503192042183791 0
4091 0.5114877535552484 0.1132820126887341 0
4092 0.1859967624883062 0.3402009550027357 0
4093 0.1946388071915079 0.3310251249771482 0
4094 0.6786992067153005 0.8120279427964678 0
4095 0.1888719699293139 0.2605510076121538 0
4096 0.4869281867734753 0.879875744849408 0
4097 0.718979333846883 0.192266782175404 0
4098 0.2189289830706914 0.7145884090546192 0
4099 0.1633602031635135 0.5906175969001788 0
4100 0.08558299197966868 0.3578216384305337 0
4101 0.7471406802903885 0.7441207834917065 0
4102 0.7819308628363797 0.5288449621028136 0
4103 0.7236439714122667 0.7430012199995205 0
4104 0.6730223675525708 0.1417309365472641 0
4105 0.842348436153633 0.5335747692506714 0
4106 0.2582346306653456 0.7696321234755785 0
4107 0.5279814641774294 0.856875153475774 0
4108 0.1231645824948471 0.5836078860335666 0
4109 0.3825120577745387 0.8392307910607815 0
4110 0.8783068328678397 0.5049040527509885 0
4111 0.8786346376012404 0.4246319710601337 0
4112 0.3895095939459879 0.05441363860010706 0
4113 0.3018788612867258 0.7803107872316154 0
4114 0.1691546612387531 0.6667141791935804 0
4115 0.2294558722480749 0.05124722639937973 0
4116 0.6873750048823305 0.8366063655356948 0
4117 0.7986993563224958 0.3183531200260856 0
4118 0.8381762045101696 0.3445861538678398 0
4119 0.4570492452396967 0.2067616555060302 0
4120 0.2636067825137854 0.7591597222604034 0
4121 0.6885410895736691 0.7825182217303932 0
4122 0.8110611351449846 0.6641730819780853 0
4123 0.6362096649859174 0.7877078299038611 0
$EndNodes
$Elements
8248
1 15 2 0 1 1
2 15 2 0 2 2
3 15 2 0 3 3
4 15 2 0 4 4
5 1 2 0 1 1 5
6 1 2 0 1 5 6
7 1 2 0 1 6 7
8 1 2 0 1 7 8
9 1 2 0 1 8 9
10 1 2 0 1 9 10
11 1 2 0 1 10 11
12 1 2 0 1 11 12
13 1 2 0 1 12 13
14 1 2 0 1 13 14
15 1 2 0 1 14 15
16 1 2 0 1 15 16
17 1 2 0 1 16 17
18 1 2 0 1 17 18
19 1 2 0 1 18 19
20 1 2 0 1 19 20
21 1 2 0 1 20 2
22 1 2 0 2 2 21
23 1 2 0 2 21 22
24 1 2 0 2 22 23
25 1 2 0 2 23 24
26 1 2 0 2 24 25
27 1 2 0 2 25 26
28 1 2 0 2 26 27
29 1 2 0 2 27 28
30 1 2 0 2 28 29
31 1 2 0 2 29 30
32 1 2 0 2 30 31
33 1 2 0 2 31 32
34 1 2 0 2 32 33
35 1 2 0 2 33 34
36 1 2 0 2 34 35
37 1 2 0 2 35 36
38 1 2 0 2 36 37
39 1 2 0 2 37 3
40 1 2 0 3 3 38
41 1 2 0 3 38 39
42 1 2 0 3 39 40
43 1 2 0 3 40 41
44 1 2 0 3 41 42
45 1 2 0 3 42 43
46 1 2 0 3 43 44
47 1 2 0 3 44 45
48 1 2 0 3 45 46
49 1 2 0 3 46 47
50 1 2 0 3 47 48
51 1 2 0 3 48 49
52 1 2 0 3 49 50
53 1 2 0 3 50 51
54 1 2 0 3 51 52
55 1 2 0 3 52 53
56 1 2 0 3 53 4
57 1 2 0 4 4 54
58 1 2 0 4 54 55
59 1 2 0 4 55 56
60 1 2 0 4 56 57
61 1 2 0 4 57 58
62 1 2 0 4 58 59
63 1 2 0 4 59 60
64 1 2 0 4 60 61
65 1 2 0 4 61 62
66 1 2 0 4 62 63
67 1 2 0 4 63 64
68 1 2 0 4 64 65
69 1 2 0 4 65 66
70 1 2 0 4 66 67
71 1 2 0 4 67 68
72 1 2 0 4 68 69
73 1 2 0 4 69 70
74 1 2 0 4 70 1
75 2 2 0 1 3263 4082 1287
76 2 2 0 1 1161 3750 2743
77 2 2 0 1 1573 2230 1574
78 2 2 0 1 2613 2895 1713
79 2 2 0 1 802 1836 800
80 2 2 0 1 2310 3375 1643
81 2 2 0 1 1834 2553 87
82 2 2 0 1 1172 3247 1286
83 2 2 0 1 1498 2249 2242
84 2 2 0 1 316 3772 1846
85 2 2 0 1 1425 2835 2040
86 2 2 0 1 2237 3079 2967
87 2 2 0 1 2887 2991 973
88 2 2 0 1 2198 3259 2038
89 2 2 0 1 1334 1865 889
90 2 2 0 1 2343 2663 1754
91 2 2 0 1 2149 2538 1026
92 2 2 0 1 1376 3865 2652
93 2 2 0 1 189 2537 202
94 2 2 0 1 141 1005 143
95 2 2 0 1 1106 3204 1108
96 2 2 0 1 595 2314 599
97 2 2 0 1 1877 3091 102
98 2 2 0 1 117 160 120
99 2 2 0 1 1714 4104 2630
100 2 2 0 1 97 2703 50
101 2 2 0 1 1384 2026 159
102 2 2 0 1 598 991 990
103 2 2 0 1 1802 3098 1178
104 2 2 0 1 405 3902 2226
105 2 2 0 1 871 1043 777
106 2 2 0 1 3607 3608 3459
107 2 2 0 1 2286 2955 1020
108 2 2 0 1 2802 3071 1431
109 2 2 0 1 420 743 425
110 2 2 0 1 344 3216 1386
111 2 2 0 1 2260 2766 2328
112 2 2 0 1 1371 1372 1370
113 2 2 0 1 199 3835 194
114 2 2 0 1 2000 2531 1025
115 2 2 0 1 1761 2919 1790
116 2 2 0 1 634 3096 2287
117 2 2 0 1 2629 3254 2277
118 2 2 0 1 1419 2835 1709
119 2 2 0 1 321 324 323
120 2 2 0 1 443 457 445
121 2 2 0 1 1752 3351 2129
122 2 2 0 1 2132 2133 1497
123 2 2 0 1 1492 2132 1497
124 2 2 0 1 839 2439 2438
125 2 2 0 1 98 100 99
126 2 2 0 1 2265 2622 2264
127 2 2 0 1 1431 3071 1434
128 2 2 0 1 1821 3988 1826
129 2 2 0 1 1143 2883 1150
130 2 2 0 1 810 1339 1019
131 2 2 0 1 1021 3681 321
132 2 2 0 1 1448 2924 2195
133 2 2 0 1 598 992 991
134 2 2 0 1 1226 2737 1126
135 2 2 0 1 889 1843 888
136 2 2 0 1 682 2015 1852
137 2 2 0 1 509 510 508
138 2 2 0 1 129 1337 132
139 2 2 0 1 2027 2848 1174
140 2 2 0 1 3558 3617 3593
141 2 2 0 1 407 1302 485
142 2 2 0 1 806 3823 804
143 2 2 0 1 171 3338 173
144 2 2 0 1 3548 3555 3546
145 2 2 0 1 318 1021 321
146 2 2 0 1 439 458 441
147 2 2 0 1 2306 2542 724
148 2 2 0 1 1975 3023 2653
149 2 2 0 1 992 996 991
150 2 2 0 1 1551 2507 2376
151 2 2 0 1 1592 2613 1530
152 2 2 0 1 871 1044 1043
153 2 2 0 1 2684 3353 2101
154 2 2 0 1 1889 2187 103
155 2 2 0 1 1141 1145 1140
156 2 2 0 1 254 2389 2345
157 2 2 0 1 1009 2549 2293
158 2 2 0 1 619 2286 1020
159 2 2 0 1 565 3151 479
160 2 2 0 1 1725 3069 1723
161 2 2 0 1 589 608 587
162 2 2 0 1 469 1890 249
163 2 2 0 1 1046 1047 310
164 2 2 0 1 1117 1127 1115
165 2 2 0 1 1463 4038 1842
166 2 2 0 1 2084 2096 250
167 2 2 0 1 1530 2613 1859
168 2 2 0 1 1564 3020 1566
169 2 2 0 1 863 3007 2315
170 2 2 0 1 2307 3852 75
171 2 2 0 1 473 474 471
172 2 2 0 1 762 1871 766
173 2 2 0 1 1145 3890 1140
174 2 2 0 1 160 161 120
175 2 2 0 1 365 1023 367
176 2 2 0 1 2162 2657 2379
177 2 2 0 1 1512 2725 1515
178 2 2 0 1 2653 3400 1975
179 2 2 0 1 652 726 176
180 2 2 0 1 316 1846 318
181 2 2 0 1 281 307 283
182 2 2 0 1 1501 2017 1037
183 2 2 0 1 915 3209 2770
184 2 2 0 1 426 3231 423
185 2 2 0 1 79 2526 2131
186 2 2 0 1 3533 3608 3607
187 2 2 0 1 1654 2601 2088
188 2 2 0 1 2459 2461 1146
189 2 2 0 1 3800 4030 528
190 2 2 0 1 531 539 533
191 2 2 0 1 1317 2112 1077
192 2 2 0 1 256 1841 1541
193 2 2 0 1 1047 2424 310
194 2 2 0 1 1140 3890 1201
195 2 2 0 1 3105 3427 829
196 2 2 0 1 247 3892 251
197 2 2 0 1 253 1841 256
198 2 2 0 1 299 302 301
199 2 2 0 1 3560 3563 2729
200 2 2 0 1 1794 2542 2306
201 2 2 0 1 1458 3129 1456
202 2 2 0 1 79 2131 41
203 2 2 0 1 1975 3400 2011
204 2 2 0 1 310 2424 312
205 2 2 0 1 2000 2855 2531
206 2 2 0 1 108 2962 2682
207 2 2 0 1 2332 2624 1348
208 2 2 0 1 146 2753 149
209 2 2 0 1 1484 2529 1487
210 2 2 0 1 1149 3815 2948
211 2 2 0 1 1509 1624 1595
212 2 2 0 1 466 719 478
213 2 2 0 1 2509 2974 537
214 2 2 0 1 1841 2427 1541
215 2 2 0 1 1301 2954 2680
216 2 2 0 1 429 2861 993
217 2 2 0 1 476 1041 473
218 2 2 0 1 348 3082 356
219 2 2 0 1 1883 3370 713
220 2 2 0 1 511 1888 510
221 2 2 0 1 1539 2932 1543
222 2 2 0 1 277 306 279
223 2 2 0 1 2951 3687 3559
224 2 2 0 1 938 1055 935
225 2 2 0 1 2164 2657 2162
226 2 2 0 1 1101 2474 1096
227 2 2 0 1 1357 3246 3142
228 2 2 0 1 722 2574 721
229 2 2 0 1 930 985 927
230 2 2 0 1 637 2779 1833
231 2 2 0 1 1049 2423 1047
232 2 2 0 1 1754 2824 2343
233 2 2 0 1 986 2701 987
234 2 2 0 1 127 130 129
235 2 2 0 1 457 733 445
236 2 2 0 1 98 99 97
237 2 2 0 1 1331 3954 564
238 2 2 0 1 208 3232 206
239 2 2 0 1 3226 3371 2373
240 2 2 0 1 250 2085 2084
241 2 2 0 1 3565 3648 3556
242 2 2 0 1 2528 2529 1483
243 2 2 0 1 191 2537 189
244 2 2 0 1 2758 3344 1855
245 2 2 0 1 592 3067 594
246 2 2 0 1 266 2986 566
247 2 2 0 1 201 3628 1315
248 2 2 0 1 435 459 437
249 2 2 0 1 564 3954 655
250 2 2 0 1 2549 2952 624
251 2 2 0 1 457 734 733
252 2 2 0 1 1025 3807 1024
253 2 2 0 1 506 1299 504
254 2 2 0 1 1434 3899 1469
255 2 2 0 1 1723 3069 3021
256 2 2 0 1 2550 2987 337
257 2 2 0 1 1178 1804 1802
258 2 2 0 1 447 456 449
259 2 2 0 1 2101 2947 2684
260 2 2 0 1 560 2107 623
261 2 2 0 1 1005 1006 143
262 2 2 0 1 994 2805 2301
263 2 2 0 1 1031 2720 1028
264 2 2 0 1 1385 3082 348
265 2 2 0 1 2824 3661 1735
266 2 2 0 1 413 3646 3319
267 2 2 0 1 474 2385 1892
268 2 2 0 1 2175 2176 94
269 2 2 0 1 1089 3422 3043
270 2 2 0 1 1128 3366 1114
271 2 2 0 1 1332 3810 883
272 2 2 0 1 2951 3448 3447
273 2 2 0 1 1351 3364 2035
274 2 2 0 1 1836 2786 800
275 2 2 0 1 1434 1469 1435
276 2 2 0 1 301 3949 303
277 2 2 0 1 212 2538 2149
278 2 2 0 1 1482 3129 1458
279 2 2 0 1 1314 3711 1803
280 2 2 0 1 1714 2630 1716
281 2 2 0 1 2743 3750 2102
282 2 2 0 1 839 3116 2439
283 2 2 0 1 3572 3635 3472
284 2 2 0 1 2146 2479 302
285 2 2 0 1 50 2703 2288
286 2 2 0 1 1098 2395 2123
287 2 2 0 1 1424 3128 1425
288 2 2 0 1 168 2747 166
289 2 2 0 1 323 2255 326
290 2 2 0 1 2191 2267 1478
291 2 2 0 1 3183 3291 9
292 2 2 0 1 1357 3295 995
293 2 2 0 1 1344 2289 703
294 2 2 0 1 1046 3777 1047
295 2 2 0 1 33 2307 75
296 2 2 0 1 3117 4080 2169
297 2 2 0 1 1023 3885 367
298 2 2 0 1 3555 3570 3546
299 2 2 0 1 1034 1035 1033
300 2 2 0 1 889 3810 1334
301 2 2 0 1 806 3896 810
302 2 2 0 1 526 4022 527
303 2 2 0 1 1819 2109 1830
304 2 2 0 1 248 3864 245
305 2 2 0 1 326 2118 328
306 2 2 0 1 2276 2527 1879
307 2 2 0 1 1206 1208 1207
308 2 2 0 1 2688 2689 1532
309 2 2 0 1 2853 3144 1576
310 2 2 0 1 3537 3644 3602
311 2 2 0 1 1008 2549 1009
312 2 2 0 1 1810 1811 1808
313 2 2 0 1 2233 3328 771
314 2 2 0 1 479 3151 3068
315 2 2 0 1 3562 3621 3532
316 2 2 0 1 1834 3238 2553
317 2 2 0 1 456 1051 1050
318 2 2 0 1 1472 2764 1478
319 2 2 0 1 1097 2687 2037
320 2 2 0 1 1888 2778 510
321 2 2 0 1 1017 2044 2042
322 2 2 0 1 1348 2586 2332
323 2 2 0 1 271 1289 273
324 2 2 0 1 424 3983 431
325 2 2 0 1 3117 3224 963
326 2 2 0 1 194 3443 193
327 2 2 0 1 2119 3755 725
328 2 2 0 1 1121 1134 1119
329 2 2 0 1 2038 3259 809
330 2 2 0 1 1811 3802 1808
331 2 2 0 1 1066 2489 1062
332 2 2 0 1 2287 2741 634
333 2 2 0 1 538 4089 535
334 2 2 0 1 623 2549 624
335 2 2 0 1 609 2624 2332
336 2 2 0 1 466 478 477
337 2 2 0 1 1172 1206 1205
338 2 2 0 1 1445 3926 1448
339 2 2 0 1 1452 3897 1454
340 2 2 0 1 3694 3727 2194
341 2 2 0 1 514 1888 511
342 2 2 0 1 1997 2813 2622
343 2 2 0 1 1172 1286 1206
344 2 2 0 1 1479 2898 2565
345 2 2 0 1 1393 2437 76
346 2 2 0 1 1878 4042 1475
347 2 2 0 1 1463 3080 1468
348 2 2 0 1 1127 3797 1115
349 2 2 0 1 513 514 511
350 2 2 0 1 1081 1317 1078
351 2 2 0 1 3541 3594 2730
352 2 2 0 1 2179 3203 2186
353 2 2 0 1 2632 4072 1854
354 2 2 0 1 99 3884 101
355 2 2 0 1 1584 4104 1582
356 2 2 0 1 328 331 330
357 2 2 0 1 434 3292 435
358 2 2 0 1 402 1396 400
359 2 2 0 1 420 425 422
360 2 2 0 1 2764 3981 1657
361 2 2 0 1 985 3097 927
362 2 2 0 1 566 2986 2168
363 2 2 0 1 743 1179 425
364 2 2 0 1 310 312 311
365 2 2 0 1 3552 3573 3551
366 2 2 0 1 644 714 659
367 2 2 0 1 704 3256 2165
368 2 2 0 1 1864 3694 1404
369 2 2 0 1 1526 3435 1527
370 2 2 0 1 1890 3393 249
371 2 2 0 1 150 3729 151
372 2 2 0 1 510 4098 508
373 2 2 0 1 550 3940 551
374 2 2 0 1 3550 3551 3548
375 2 2 0 1 3063 3888 1432
376 2 2 0 1 1388 1389 1322
377 2 2 0 1 552 2235 2128
378 2 2 0 1 456 3667 2572
379 2 2 0 1 2240 2701 986
380 2 2 0 1 287 2657 745
381 2 2 0 1 1833 2620 637
382 2 2 0 1 3203 3366 1128
383 2 2 0 1 2107 2293 623
384 2 2 0 1 997 2586 1348
385 2 2 0 1 2187 3699 971
386 2 2 0 1 387 2927 408
387 2 2 0 1 3013 3117 963
388 2 2 0 1 1850 2015 682
389 2 2 0 1 1590 3244 2784
390 2 2 0 1 2565 2566 1479
391 2 2 0 1 302 3949 301
392 2 2 0 1 401 3655 2197
393 2 2 0 1 109 3752 110
394 2 2 0 1 2298 2300 113
395 2 2 0 1 3360 3664 1712
396 2 2 0 1 1323 3814 850
397 2 2 0 1 995 2614 539
398 2 2 0 1 1 2937 70
399 2 2 0 1 1344 3745 2289
400 2 2 0 1 3446 3650 3447
401 2 2 0 1 1588 4046 3174
402 2 2 0 1 932 966 930
403 2 2 0 1 253 256 255
404 2 2 0 1 2201 2829 2828
405 2 2 0 1 714 737 659
406 2 2 0 1 1134 3907 1119
407 2 2 0 1 1506 3396 1507
408 2 2 0 1 1518 2584 1525
409 2 2 0 1 1081 3298 1317
410 2 2 0 1 101 1362 105
411 2 2 0 1 1048 3777 1046
412 2 2 0 1 267 304 269
413 2 2 0 1 539 3924 533
414 2 2 0 1 1842 3080 1463
415 2 2 0 1 423 3231 3085
416 2 2 0 1 568 2577 2503
417 2 2 0 1 424 431 427
418 2 2 0 1 400 1395 391
419 2 2 0 1 2022 2527 2276
420 2 2 0 1 3 2890 37
421 2 2 0 1 129 2969 1337
422 2 2 0 1 870 3429 2121
423 2 2 0 1 1583 2230 1735
424 2 2 0 1 299 301 297
425 2 2 0 1 593 4113 598
426 2 2 0 1 2534 3344 1852
427 2 2 0 1 1338 3370 1341
428 2 2 0 1 1524 3120 1523
429 2 2 0 1 923 2442 2166
430 2 2 0 1 11 1834 87
431 2 2 0 1 644 659 645
432 2 2 0 1 135 2980 139
433 2 2 0 1 1837 1864 1407
434 2 2 0 1 299 2117 302
435 2 2 0 1 127 129 128
436 2 2 0 1 655 4002 654
437 2 2 0 1 883 3810 886
438 2 2 0 1 1048 2820 2241
439 2 2 0 1 609 2331 610
440 2 2 0 1 3532 3566 3562
441 2 2 0 1 1591 2257 2087
442 2 2 0 1 1791 3351 1752
443 2 2 0 1 2176 2843 2508
444 2 2 0 1 2230 2232 2231
445 2 2 0 1 609 2332 2331
446 2 2 0 1 2096 2259 2058
447 2 2 0 1 1796 2889 1797
448 2 2 0 1 524 526 525
449 2 2 0 1 653 673 652
450 2 2 0 1 853 2670 1887
451 2 2 0 1 2166 2442 96
452 2 2 0 1 1352 2795 2712
453 2 2 0 1 401 402 400
454 2 2 0 1 1871 1872 766
455 2 2 0 1 1452 1454 1453
456 2 2 0 1 456 1050 449
457 2 2 0 1 2032 3877 1263
458 2 2 0 1 101 105 104
459 2 2 0 1 1846 3074 318
460 2 2 0 1 504 520 502
461 2 2 0 1 531 995 539
462 2 2 0 1 2245 3624 2153
463 2 2 0 1 2094 3208 3033
464 2 2 0 1 2176 2510 94
465 2 2 0 1 1763 1770 1765
466 2 2 0 1 925 2715 2122
467 2 2 0 1 105 107 106
468 2 2 0 1 262 265 264
469 2 2 0 1 460 2239 2221
470 2 2 0 1 1475 4042 1483
471 2 2 0 1 32 3286 2147
472 2 2 0 1 2712 2795 309
473 2 2 0 1 100 3884 99
474 2 2 0 1 514 2377 1888
475 2 2 0 1 2328 3348 2260
476 2 2 0 1 1839 2582 678
477 2 2 0 1 469 3248 1890
478 2 2 0 1 305 3793 273
479 2 2 0 1 265 3375 2310
480 2 2 0 1 1501 2018 2017
481 2 2 0 1 1371 3865 1372
482 2 2 0 1 333 1029 341
483 2 2 0 1 3110 3370 1338
484 2 2 0 1 83 98 97
485 2 2 0 1 1201 2668 1140
486 2 2 0 1 817 3041 2364
487 2 2 0 1 129 132 131
488 2 2 0 1 2914 2915 2482
489 2 2 0 1 260 1388 1322
490 2 2 0 1 1819 1830 1817
491 2 2 0 1 579 3842 578
492 2 2 0 1 2376 3033 1548
493 2 2 0 1 722 3987 2794
494 2 2 0 1 2612 2874 2793
495 2 2 0 1 354 3934 343
496 2 2 0 1 1640 3897 3867
497 2 2 0 1 589 4120 608
498 2 2 0 1 2168 3009 566
499 2 2 0 1 508 3668 507
500 2 2 0 1 773 2233 771
501 2 2 0 1 417 3440 418
502 2 2 0 1 1882 2980 135
503 2 2 0 1 344 1386 346
504 2 2 0 1 306 3974 279
505 2 2 0 1 1509 1595 1510
506 2 2 0 1 850 3814 875
507 2 2 0 1 1393 2740 2437
508 2 2 0 1 3448 3449 3447
509 2 2 0 1 407 485 484
510 2 2 0 1 1658 3220 1660
511 2 2 0 1 1299 3044 504
512 2 2 0 1 429 434 433
513 2 2 0 1 2438 2439 88
514 2 2 0 1 1150 2883 1269
515 2 2 0 1 192 194 193
516 2 2 0 1 1030 3716 1029
517 2 2 0 1 307 3987 283
518 2 2 0 1 1388 3175 1675
519 2 2 0 1 343 353 344
520 2 2 0 1 1643 2783 2310
521 2 2 0 1 712 2539 710
522 2 2 0 1 271 3187 1290
523 2 2 0 1 1487 2529 2097
524 2 2 0 1 810 1019 806
525 2 2 0 1 573 4092 651
526 2 2 0 1 610 2644 2124
527 2 2 0 1 3043 3855 1089
528 2 2 0 1 318 3074 1021
529 2 2 0 1 1110 3247 1172
530 2 2 0 1 1441 3658 1442
531 2 2 0 1 1575 3198 3167
532 2 2 0 1 405 2226 218
533 2 2 0 1 1140 3970 1136
534 2 2 0 1 971 3077 2187
535 2 2 0 1 2181 3203 2179
536 2 2 0 1 1303 3795 3086
537 2 2 0 1 3005 3868 2010
538 2 2 0 1 1775 3003 2699
539 2 2 0 1 2132 2134 2133
540 2 2 0 1 3528 3606 3564
541 2 2 0 1 599 2314 2313
542 2 2 0 1 1108 3204 1112
543 2 2 0 1 262 3375 265
544 2 2 0 1 343 3934 353
545 2 2 0 1 2 2635 20
546 2 2 0 1 439 3107 727
547 2 2 0 1 3607 3610 3533
548 2 2 0 1 2536 3075 2916
549 2 2 0 1 578 3842 628
550 2 2 0 1 721 2574 2145
551 2 2 0 1 779 871 777
552 2 2 0 1 429 3919 434
553 2 2 0 1 564 655 654
554 2 2 0 1 3558 3593 1315
555 2 2 0 1 1574 2230 1583
556 2 2 0 1 3577 3610 3607
557 2 2 0 1 517 518 514
558 2 2 0 1 1263 3693 2365
559 2 2 0 1 683 3822 1052
560 2 2 0 1 764 1871 762
561 2 2 0 1 485 648 647
562 2 2 0 1 141 143 142
563 2 2 0 1 1880 2165 677
564 2 2 0 1 1372 3937 1370
565 2 2 0 1 2000 2999 2265
566 2 2 0 1 1291 3982 2864
567 2 2 0 1 1596 3296 2127
568 2 2 0 1 271 3982 1289
569 2 2 0 1 1148 4040 3171
570 2 2 0 1 239 242 241
571 2 2 0 1 573 651 650
572 2 2 0 1 838 3310 2740
573 2 2 0 1 1337 1338 132
574 2 2 0 1 813 2091 825
575 2 2 0 1 1206 1209 1208
576 2 2 0 1 105 4006 107
577 2 2 0 1 2734 2809 2429
578 2 2 0 1 1315 3670 201
579 2 2 0 1 1916 3806 2428
580 2 2 0 1 439 3995 458
581 2 2 0 1 3575 3599 3539
582 2 2 0 1 1624 1625 1595
583 2 2 0 1 2136 2161 2142
584 2 2 0 1 3571 3595 3525
585 2 2 0 1 1037 2017 1035
586 2 2 0 1 1581 3312 1711
587 2 2 0 1 3448 3450 3449
588 2 2 0 1 2528 4042 1879
589 2 2 0 1 474 4067 471
590 2 2 0 1 409 652 176
591 2 2 0 1 2017 2021 1039
592 2 2 0 1 2216 2645 1813
593 2 2 0 1 682 2374 1850
594 2 2 0 1 513 517 514
595 2 2 0 1 703 3327 630
596 2 2 0 1 2622 2813 2264
597 2 2 0 1 1582 3144 1614
598 2 2 0 1 267 4077 304
599 2 2 0 1 3260 3991 809
600 2 2 0 1 2179 2186 2184
601 2 2 0 1 505 506 504
602 2 2 0 1 1766 2919 1761
603 2 2 0 1 3543 3566 3532
604 2 2 0 1 277 3946 306
605 2 2 0 1 1842 3372 2225
606 2 2 0 1 2221 2957 460
607 2 2 0 1 1024 3807 1023
608 2 2 0 1 1287 3952 3263
609 2 2 0 1 1847 2278 616
610 2 2 0 1 972 2760 2036
611 2 2 0 1 149 3729 150
612 2 2 0 1 1135 3910 1130
613 2 2 0 1 160 162 161
614 2 2 0 1 246 3892 247
615 2 2 0 1 463 3851 464
616 2 2 0 1 1491 2132 1492
617 2 2 0 1 3552 4058 3573
618 2 2 0 1 315 2424 2422
619 2 2 0 1 211 3138 1364
620 2 2 0 1 1641 1642 1635
621 2 2 0 1 1644 2829 2201
622 2 2 0 1 2220 2239 640
623 2 2 0 1 2728 3674 701
624 2 2 0 1 2232 2342 2231
625 2 2 0 1 71 3058 2172
626 2 2 0 1 810 2013 1339
627 2 2 0 1 2474 3192 1096
628 2 2 0 1 83 97 51
629 2 2 0 1 295 1046 310
630 2 2 0 1 1857 3906 1437
631 2 2 0 1 931 932 930
632 2 2 0 1 458 4090 441
633 2 2 0 1 476 4072 1041
634 2 2 0 1 1660 3136 1658
635 2 2 0 1 1890 2304 2303
636 2 2 0 1 1432 3201 3063
637 2 2 0 1 618 3846 644
638 2 2 0 1 775 788 773
639 2 2 0 1 725 2857 2119
640 2 2 0 1 1706 3296 2655
641 2 2 0 1 2625 3125 1476
642 2 2 0 1 2973 3363 1318
643 2 2 0 1 75 3286 32
644 2 2 0 1 1033 4074 1032
645 2 2 0 1 260 1322 262
646 2 2 0 1 333 2809 1029
647 2 2 0 1 193 3443 195
648 2 2 0 1 3628 3830 1018
649 2 2 0 1 1855 2534 1853
650 2 2 0 1 362 2999 365
651 2 2 0 1 1530 1859 1532
652 2 2 0 1 273 2976 305
653 2 2 0 1 1479 3899 1434
654 2 2 0 1 1407 1864 1404
655 2 2 0 1 2301 2773 994
656 2 2 0 1 1024 2000 1025
657 2 2 0 1 3551 3555 3548
658 2 2 0 1 2764 3193 2189
659 2 2 0 1 1437 3906 1856
660 2 2 0 1 1492 1497 1494
661 2 2 0 1 2164 2626 745
662 2 2 0 1 944 2254 941
663 2 2 0 1 485 647 646
664 2 2 0 1 788 2233 773
665 2 2 0 1 1464 3799 1466
666 2 2 0 1 1406 3079 2237
667 2 2 0 1 1797 3383 3345
668 2 2 0 1 256 258 257
669 2 2 0 1 2699 3003 2109
670 2 2 0 1 117 120 119
671 2 2 0 1 1133 1135 1130
672 2 2 0 1 3574 3635 3572
673 2 2 0 1 2176 2511 2510
674 2 2 0 1 2778 3828 2523
675 2 2 0 1 1718 2827 1724
676 2 2 0 1 545 3912 546
677 2 2 0 1 1138 3204 1106
678 2 2 0 1 130 2969 129
679 2 2 0 1 2405 2711 2421
680 2 2 0 1 508 4098 735
681 2 2 0 1 939 940 938
682 2 2 0 1 847 2602 851
683 2 2 0 1 808 3896 806
684 2 2 0 1 2040 2041 1430
685 2 2 0 1 2175 2843 2176
686 2 2 0 1 401 2197 402
687 2 2 0 1 1315 3592 3558
688 2 2 0 1 324 3165 323
689 2 2 0 1 1871 1875 1872
690 2 2 0 1 870 2121 2120
691 2 2 0 1 915 2770 2614
692 2 2 0 1 215 3820 405
693 2 2 0 1 295 310 296
694 2 2 0 1 1884 3368 1337
695 2 2 0 1 1017 3892 2083
696 2 2 0 1 402 1397 1396
697 2 2 0 1 1263 2365 2032
698 2 2 0 1 2179 2184 2178
699 2 2 0 1 358 361 360
700 2 2 0 1 952 953 951
701 2 2 0 1 1206 1207 1205
702 2 2 0 1 96 2492 2166
703 2 2 0 1 634 2741 605
704 2 2 0 1 1817 1828 1815
705 2 2 0 1 1425 2040 1426
706 2 2 0 1 1111 2745 1107
707 2 2 0 1 1035 1039 1033
708 2 2 0 1 480 2540 182
709 2 2 0 1 2951 3447 3445
710 2 2 0 1 1642 2246 1635
711 2 2 0 1 2643 3290 1001
712 2 2 0 1 2422 2424 2423
713 2 2 0 1 1621 3913 3798
714 2 2 0 1 1426 2040 1430
715 2 2 0 1 365 1024 1023
716 2 2 0 1 2167 2678 305
717 2 2 0 1 1810 3962 1811
718 2 2 0 1 1539 1543 1540
719 2 2 0 1 994 3919 2805
720 2 2 0 1 880 2845 2124
721 2 2 0 1 51 97 50
722 2 2 0 1 54 2978 4
723 2 2 0 1 937 938 935
724 2 2 0 1 268 2986 266
725 2 2 0 1 616 3325 1847
726 2 2 0 1 1537 2832 1539
727 2 2 0 1 974 3438 2874
728 2 2 0 1 2117 2146 302
729 2 2 0 1 541 2974 544
730 2 2 0 1 1484 1487 1486
731 2 2 0 1 1525 3435 1526
732 2 2 0 1 1055 2979 935
733 2 2 0 1 1444 3926 1445
734 2 2 0 1 845 2602 844
735 2 2 0 1 241 4009 243
736 2 2 0 1 1853 2534 2533
737 2 2 0 1 875 884 883
738 2 2 0 1 1483 2529 1484
739 2 2 0 1 2376 2507 2105
740 2 2 0 1 245 2493 468
741 2 2 0 1 331 1152 330
742 2 2 0 1 973 2845 880
743 2 2 0 1 802 3260 1836
744 2 2 0 1 1505 3396 1506
745 2 2 0 1 352 1370 358
746 2 2 0 1 3504 3625 3583
747 2 2 0 1 719 1568 478
748 2 2 0 1 3551 3572 3555
749 2 2 0 1 2122 2715 521
750 2 2 0 1 386 3226 2373
751 2 2 0 1 146 149 148
752 2 2 0 1 406 3811 407
753 2 2 0 1 1387 3990 2863
754 2 2 0 1 1499 1500 1037
755 2 2 0 1 1537 1539 1538
756 2 2 0 1 1002 2991 2887
757 2 2 0 1 2221 2239 2220
758 2 2 0 1 1857 2578 2558
759 2 2 0 1 1041 2632 2386
760 2 2 0 1 107 3752 109
761 2 2 0 1 618 644 620
762 2 2 0 1 996 997 991
763 2 2 0 1 548 3940 550
764 2 2 0 1 195 3830 197
765 2 2 0 1 924 3939 2786
766 2 2 0 1 201 3670 205
767 2 2 0 1 1131 3829 2996
768 2 2 0 1 1512 1515 1514
769 2 2 0 1 647 1367 692
770 2 2 0 1 131 1882 135
771 2 2 0 1 122 2946 125
772 2 2 0 1 1858 3906 2558
773 2 2 0 1 673 689 652
774 2 2 0 1 718 2151 1886
775 2 2 0 1 2134 2161 2133
776 2 2 0 1 1573 2232 2230
777 2 2 0 1 522 524 523
778 2 2 0 1 780 3078 782
779 2 2 0 1 535 4089 537
780 2 2 0 1 2591 2948 2256
781 2 2 0 1 2361 2794 307
782 2 2 0 1 1367 1369 692
783 2 2 0 1 1592 2895 2613
784 2 2 0 1 352 1371 1370
785 2 2 0 1 294 297 295
786 2 2 0 1 135 139 138
787 2 2 0 1 1449 2195 1452
788 2 2 0 1 660 664 662
789 2 2 0 1 950 951 948
790 2 2 0 1 2133 2161 2136
791 2 2 0 1 480 2955 2286
792 2 2 0 1 1369 2281 697
793 2 2 0 1 526 527 525
794 2 2 0 1 113 2299 2298
795 2 2 0 1 2562 3763 1689
796 2 2 0 1 1431 1434 1433
797 2 2 0 1 1770 1771 1765
798 2 2 0 1 434 435 433
799 2 2 0 1 312 4010 311
800 2 2 0 1 1341 3370 1883
801 2 2 0 1 2503 3655 568
802 2 2 0 1 3618 3639 3534
803 2 2 0 1 674 675 673
804 2 2 0 1 3023 3720 2653
805 2 2 0 1 294 295 293
806 2 2 0 1 922 2590 921
807 2 2 0 1 598 990 593
808 2 2 0 1 1187 2034 1191
809 2 2 0 1 445 3667 447
810 2 2 0 1 813 825 811
811 2 2 0 1 55 2492 96
812 2 2 0 1 1300 2954 1301
813 2 2 0 1 2749 3966 1591
814 2 2 0 1 1808 3802 1820
815 2 2 0 1 1339 1340 1019
816 2 2 0 1 2109 3003 1830
817 2 2 0 1 594 3067 600
818 2 2 0 1 102 3092 1877
819 2 2 0 1 1119 3907 1227
820 2 2 0 1 1786 2774 2204
821 2 2 0 1 2874 3438 746
822 2 2 0 1 509 511 510
823 2 2 0 1 2107 2294 2293
824 2 2 0 1 348 356 350
825 2 2 0 1 1044 1053 1043
826 2 2 0 1 2840 2886 2592
827 2 2 0 1 2863 3990 3762
828 2 2 0 1 2084 2259 2096
829 2 2 0 1 595 4113 593
830 2 2 0 1 242 4009 241
831 2 2 0 1 71 2172 45
832 2 2 0 1 159 2736 1384
833 2 2 0 1 1388 1675 1389
834 2 2 0 1 70 2937 2851
835 2 2 0 1 346 1385 348
836 2 2 0 1 1518 1525 1524
837 2 2 0 1 211 1364 215
838 2 2 0 1 21 2635 2
839 2 2 0 1 2021 2022 1039
840 2 2 0 1 2987 4059 337
841 2 2 0 1 1491 2349 2132
842 2 2 0 1 1004 1894 130
843 2 2 0 1 1126 2737 1121
844 2 2 0 1 1229 2762 2718
845 2 2 0 1 1498 2250 2249
846 2 2 0 1 502 999 500
847 2 2 0 1 2042 2389 1017
848 2 2 0 1 2672 3022 2073
849 2 2 0 1 1712 3664 3326
850 2 2 0 1 1504 3673 1505
851 2 2 0 1 152 4078 372
852 2 2 0 1 1093 3266 1091
853 2 2 0 1 315 3945 312
854 2 2 0 1 245 3864 244
855 2 2 0 1 3525 3595 3576
856 2 2 0 1 2439 3150 88
857 2 2 0 1 500 521 498
858 2 2 0 1 692 1369 697
859 2 2 0 1 2655 3308 81
860 2 2 0 1 1499 1604 1500
861 2 2 0 1 2319 3990 1387
862 2 2 0 1 1300 3983 424
863 2 2 0 1 1130 3910 1225
864 2 2 0 1 1861 2779 637
865 2 2 0 1 2849 3822 683
866 2 2 0 1 1327 4092 573
867 2 2 0 1 889 1865 1843
868 2 2 0 1 1176 1177 1174
869 2 2 0 1 342 3840 343
870 2 2 0 1 3110 3368 689
871 2 2 0 1 1089 3855 1087
872 2 2 0 1 81 3121 2093
873 2 2 0 1 1051 2827 1718
874 2 2 0 1 3631 3992 3510
875 2 2 0 1 1437 1856 1439
876 2 2 0 1 1066 2977 2489
877 2 2 0 1 1460 3072 2009
878 2 2 0 1 108 4006 105
879 2 2 0 1 1404 3694 2194
880 2 2 0 1 1858 3032 3031
881 2 2 0 1 3447 3637 3446
882 2 2 0 1 732 2819 2306
883 2 2 0 1 1426 1430 1429
884 2 2 0 1 710 2539 2149
885 2 2 0 1 2740 3389 838
886 2 2 0 1 413 3758 3318
887 2 2 0 1 2352 3305 2275
888 2 2 0 1 533 3924 728
889 2 2 0 1 1625 2199 1677
890 2 2 0 1 2091 2092 825
891 2 2 0 1 1887 2700 853
892 2 2 0 1 2287 3096 2286
893 2 2 0 1 693 3096 634
894 2 2 0 1 3550 3552 3551
895 2 2 0 1 284 4079 285
896 2 2 0 1 1448 2195 1449
897 2 2 0 1 2505 2793 1013
898 2 2 0 1 1098 2705 2395
899 2 2 0 1 1366 2743 2102
900 2 2 0 1 473 2983 474
901 2 2 0 1 9 3291 78
902 2 2 0 1 991 1348 990
903 2 2 0 1 1689 3717 2562
904 2 2 0 1 1087 3872 1086
905 2 2 0 1 1029 3716 1028
906 2 2 0 1 2480 2878 747
907 2 2 0 1 1472 3981 2764
908 2 2 0 1 3470 3571 3525
909 2 2 0 1 98 1889 103
910 2 2 0 1 940 964 938
911 2 2 0 1 1035 2017 1039
912 2 2 0 1 2095 2693 216
913 2 2 0 1 5 2937 1
914 2 2 0 1 948 1390 946
915 2 2 0 1 2334 2864 1290
916 2 2 0 1 1032 1034 1033
917 2 2 0 1 1530 3894 1592
918 2 2 0 1 503 504 502
919 2 2 0 1 19 2175 94
920 2 2 0 1 2428 2990 1916
921 2 2 0 1 38 2890 3
922 2 2 0 1 245 4064 248
923 2 2 0 1 427 2861 429
924 2 2 0 1 1051 1717 1050
925 2 2 0 1 1128 3204 3203
926 2 2 0 1 3296 3719 2127
927 2 2 0 1 1177 3711 1174
928 2 2 0 1 993 3919 429
929 2 2 0 1 524 4032 526
930 2 2 0 1 654 4002 681
931 2 2 0 1 1286 3710 1206
932 2 2 0 1 1527 2963 1528
933 2 2 0 1 1036 1037 1035
934 2 2 0 1 1449 1452 1451
935 2 2 0 1 1760 1794 1763
936 2 2 0 1 239 241 238
937 2 2 0 1 1336 1865 1334
938 2 2 0 1 1013 2892 2505
939 2 2 0 1 801 802 800
940 2 2 0 1 2161 2379 2142
941 2 2 0 1 3582 3583 3140
942 2 2 0 1 1497 2768 1494
943 2 2 0 1 1322 3375 262
944 2 2 0 1 1826 3076 1821
945 2 2 0 1 1115 3797 1202
946 2 2 0 1 346 3990 1385
947 2 2 0 1 848 3766 2880
948 2 2 0 1 496 522 495
949 2 2 0 1 2749 2750 1547
950 2 2 0 1 2646 2956 2216
951 2 2 0 1 41 2131 40
952 2 2 0 1 242 245 244
953 2 2 0 1 1225 3387 1130
954 2 2 0 1 374 377 376
955 2 2 0 1 229 239 238
956 2 2 0 1 283 3987 721
957 2 2 0 1 1191 2219 1193
958 2 2 0 1 2950 4014 2949
959 2 2 0 1 2126 4049 1546
960 2 2 0 1 3171 4040 3172
961 2 2 0 1 606 3365 603
962 2 2 0 1 1174 3711 2027
963 2 2 0 1 1551 3784 2507
964 2 2 0 1 372 2501 374
965 2 2 0 1 547 4004 548
966 2 2 0 1 197 3830 198
967 2 2 0 1 151 4078 152
968 2 2 0 1 1566 3664 3360
969 2 2 0 1 1375 3865 1371
970 2 2 0 1 638 1849 1848
971 2 2 0 1 1364 3820 215
972 2 2 0 1 3319 3758 413
973 2 2 0 1 1576 3144 1714
974 2 2 0 1 388 2777 390
975 2 2 0 1 76 3441 1393
976 2 2 0 1 416 3440 417
977 2 2 0 1 2146 2606 2479
978 2 2 0 1 1475 1483 1481
979 2 2 0 1 2597 3260 3259
980 2 2 0 1 2657 4105 308
981 2 2 0 1 624 677 626
982 2 2 0 1 34 2307 33
983 2 2 0 1 1559 3875 1560
984 2 2 0 1 940 2251 965
985 2 2 0 1 1789 2774 1786
986 2 2 0 1 114 3871 115
987 2 2 0 1 2378 3828 2778
988 2 2 0 1 3591 3638 3584
989 2 2 0 1 321 3681 324
990 2 2 0 1 1583 1735 1719
991 2 2 0 1 886 889 888
992 2 2 0 1 856 4043 783
993 2 2 0 1 1829 2956 2646
994 2 2 0 1 399 400 391
995 2 2 0 1 126 4017 127
996 2 2 0 1 1455 3921 1460
997 2 2 0 1 1875 2313 1872
998 2 2 0 1 252 4117 253
999 2 2 0 1 1111 3050 2745
1000 2 2 0 1 1362 3093 105
1001 2 2 0 1 2198 2798 1056
1002 2 2 0 1 507 509 508
1003 2 2 0 1 1008 2952 2549
1004 2 2 0 1 1136 3970 1135
1005 2 2 0 1 986 4077 267
1006 2 2 0 1 3583 3600 3504
1007 2 2 0 1 1675 3175 2784
1008 2 2 0 1 1457 1463 1462
1009 2 2 0 1 1410 1837 1407
1010 2 2 0 1 1422 3128 1424
1011 2 2 0 1 559 3709 571
1012 2 2 0 1 929 930 927
1013 2 2 0 1 3583 3625 3584
1014 2 2 0 1 1869 3901 1344
1015 2 2 0 1 1490 3918 1491
1016 2 2 0 1 884 1332 883
1017 2 2 0 1 1635 3244 1594
1018 2 2 0 1 2832 3751 3132
1019 2 2 0 1 2151 3957 1886
1020 2 2 0 1 2180 2181 2179
1021 2 2 0 1 92 1831 14
1022 2 2 0 1 3547 3548 3546
1023 2 2 0 1 108 3898 2962
1024 2 2 0 1 1634 1635 1594
1025 2 2 0 1 1471 3981 1472
1026 2 2 0 1 437 3107 439
1027 2 2 0 1 1442 3657 1446
1028 2 2 0 1 609 4120 589
1029 2 2 0 1 529 4032 4030
1030 2 2 0 1 1508 3971 1509
1031 2 2 0 1 888 1843 891
1032 2 2 0 1 2104 2105 86
1033 2 2 0 1 279 3974 738
1034 2 2 0 1 1289 2976 273
1035 2 2 0 1 1711 2988 1581
1036 2 2 0 1 2100 2327 71
1037 2 2 0 1 1386 3990 346
1038 2 2 0 1 768 1870 764
1039 2 2 0 1 2729 3767 3604
1040 2 2 0 1 1463 3799 1464
1041 2 2 0 1 250 4064 3393
1042 2 2 0 1 122 125 124
1043 2 2 0 1 419 4003 420
1044 2 2 0 1 465 3997 466
1045 2 2 0 1 215 405 218
1046 2 2 0 1 1443 4073 1444
1047 2 2 0 1 1044 2330 1054
1048 2 2 0 1 1378 2122 521
1049 2 2 0 1 1834 3960 3238
1050 2 2 0 1 732 3995 3106
1051 2 2 0 1 1337 2969 1884
1052 2 2 0 1 2187 3077 103
1053 2 2 0 1 375 2754 2177
1054 2 2 0 1 1735 3661 1795
1055 2 2 0 1 1837 3371 3226
1056 2 2 0 1 1178 3098 1177
1057 2 2 0 1 2916 3075 2308
1058 2 2 0 1 2343 3011 2663
1059 2 2 0 1 1231 2590 922
1060 2 2 0 1 3583 3584 3140
1061 2 2 0 1 462 3851 463
1062 2 2 0 1 1078 1317 1077
1063 2 2 0 1 64 3815 1382
1064 2 2 0 1 1868 2728 1869
1065 2 2 0 1 1032 4074 1030
1066 2 2 0 1 2617 3270 1203
1067 2 2 0 1 771 3328 869
1068 2 2 0 1 2130 3369 520
1069 2 2 0 1 1174 2848 1151
1070 2 2 0 1 3478 3635 3574
1071 2 2 0 1 3467 3571 3470
1072 2 2 0 1 140 4096 141
1073 2 2 0 1 713 2658 1883
1074 2 2 0 1 24 2104 23
1075 2 2 0 1 2178 2185 67
1076 2 2 0 1 976 2524 977
1077 2 2 0 1 616 2278 618
1078 2 2 0 1 2471 3309 2475
1079 2 2 0 1 3240 3972 425
1080 2 2 0 1 1686 3727 3694
1081 2 2 0 1 3033 3403 2094
1082 2 2 0 1 1457 4038 1463
1083 2 2 0 1 3568 3638 3591
1084 2 2 0 1 449 3788 453
1085 2 2 0 1 1546 3127 2126
1086 2 2 0 1 1208 1210 1207
1087 2 2 0 1 1852 4002 682
1088 2 2 0 1 3048 3648 3565
1089 2 2 0 1 1467 3913 1470
1090 2 2 0 1 507 3668 506
1091 2 2 0 1 1041 2983 473
1092 2 2 0 1 2276 3305 2022
1093 2 2 0 1 404 3000 416
1094 2 2 0 1 119 1893 122
1095 2 2 0 1 139 4096 140
1096 2 2 0 1 575 3709 559
1097 2 2 0 1 1624 2199 1625
1098 2 2 0 1 1489 3918 1490
1099 2 2 0 1 2164 2733 2626
1100 2 2 0 1 734 1739 733
1101 2 2 0 1 727 3995 439
1102 2 2 0 1 2832 3132 2487
1103 2 2 0 1 230 2940 2115
1104 2 2 0 1 2489 4026 1062
1105 2 2 0 1 2964 3804 744
1106 2 2 0 1 92 2776 1831
1107 2 2 0 1 3318 3649 1363
1108 2 2 0 1 1757 2542 1758
1109 2 2 0 1 435 2707 459
1110 2 2 0 1 387 3811 406
1111 2 2 0 1 1766 2826 2110
1112 2 2 0 1 361 4103 360
1113 2 2 0 1 2134 2162 2161
1114 2 2 0 1 2793 2874 746
1115 2 2 0 1 2191 2764 2189
1116 2 2 0 1 1625 1677 1645
1117 2 2 0 1 52 83 51
1118 2 2 0 1 734 1740 1739
1119 2 2 0 1 1858 3031 2316
1120 2 2 0 1 1086 3872 1085
1121 2 2 0 1 2230 2231 1735
1122 2 2 0 1 1860 2628 1861
1123 2 2 0 1 522 2120 524
1124 2 2 0 1 2286 3096 480
1125 2 2 0 1 1853 4072 476
1126 2 2 0 1 2321 2438 88
1127 2 2 0 1 2357 3973 2355
1128 2 2 0 1 2010 3868 1640
1129 2 2 0 1 2015 3004 1852
1130 2 2 0 1 1350 3001 2292
1131 2 2 0 1 911 3295 3141
1132 2 2 0 1 1136 1141 1140
1133 2 2 0 1 2694 4077 987
1134 2 2 0 1 2775 2966 1409
1135 2 2 0 1 2948 3815 2256
1136 2 2 0 1 1088 1089 1087
1137 2 2 0 1 1478 2764 2191
1138 2 2 0 1 726 2857 176
1139 2 2 0 1 594 595 593
1140 2 2 0 1 2067 2672 2073
1141 2 2 0 1 714 2579 737
1142 2 2 0 1 2279 2280 1202
1143 2 2 0 1 231 2336 224
1144 2 2 0 1 1225 2633 2426
1145 2 2 0 1 3086 3887 1288
1146 2 2 0 1 2694 3181 1696
1147 2 2 0 1 2093 2790 81
1148 2 2 0 1 792 2318 787
1149 2 2 0 1 174 725 172
1150 2 2 0 1 1515 4066 1516
1151 2 2 0 1 933 942 932
1152 2 2 0 1 3054 3056 1427
1153 2 2 0 1 1755 3876 3333
1154 2 2 0 1 1203 3205 2617
1155 2 2 0 1 256 1541 258
1156 2 2 0 1 3468 3635 3478
1157 2 2 0 1 779 2771 871
1158 2 2 0 1 1044 1054 1053
1159 2 2 0 1 805 806 804
1160 2 2 0 1 843 845 844
1161 2 2 0 1 2154 3640 3622
1162 2 2 0 1 2274 2757 354
1163 2 2 0 1 740 1356 705
1164 2 2 0 1 1406 2237 2236
1165 2 2 0 1 3427 3935 829
1166 2 2 0 1 992 1307 996
1167 2 2 0 1 651 4093 650
1168 2 2 0 1 2035 3147 1351
1169 2 2 0 1 941 2251 940
1170 2 2 0 1 2339 3962 1813
1171 2 2 0 1 352 3747 1371
1172 2 2 0 1 722 3415 2574
1173 2 2 0 1 1645 1647 1646
1174 2 2 0 1 298 299 297
1175 2 2 0 1 950 952 951
1176 2 2 0 1 2710 3074 3073
1177 2 2 0 1 1870 1871 764
1178 2 2 0 1 76 2321 58
1179 2 2 0 1 1025 2531 2229
1180 2 2 0 1 328 330 329
1181 2 2 0 1 601 602 596
1182 2 2 0 1 3174 4020 1644
1183 2 2 0 1 2922 3867 3863
1184 2 2 0 1 3245 3246 529
1185 2 2 0 1 535 537 536
1186 2 2 0 1 206 3232 216
1187 2 2 0 1 2652 3865 1375
1188 2 2 0 1 524 525 523
1189 2 2 0 1 2508 3035 2176
1190 2 2 0 1 3086 3795 91
1191 2 2 0 1 237 294 293
1192 2 2 0 1 3756 3982 1291
1193 2 2 0 1 1290 3982 271
1194 2 2 0 1 660 3779 664
1195 2 2 0 1 1558 3875 1559
1196 2 2 0 1 269 3187 271
1197 2 2 0 1 471 4067 1891
1198 2 2 0 1 237 293 236
1199 2 2 0 1 546 4004 547
1200 2 2 0 1 560 623 576
1201 2 2 0 1 1141 1343 1145
1202 2 2 0 1 310 311 296
1203 2 2 0 1 647 692 691
1204 2 2 0 1 3001 3709 3304
1205 2 2 0 1 730 3946 277
1206 2 2 0 1 409 653 652
1207 2 2 0 1 203 2867 2148
1208 2 2 0 1 504 3044 520
1209 2 2 0 1 2133 2136 2135
1210 2 2 0 1 2266 3778 3057
1211 2 2 0 1 2951 4014 3687
1212 2 2 0 1 1187 1191 1190
1213 2 2 0 1 487 579 578
1214 2 2 0 1 311 4010 313
1215 2 2 0 1 535 4005 538
1216 2 2 0 1 1419 3191 2835
1217 2 2 0 1 449 453 450
1218 2 2 0 1 1370 3937 1373
1219 2 2 0 1 541 544 543
1220 2 2 0 1 677 2557 1880
1221 2 2 0 1 1534 1537 1536
1222 2 2 0 1 3362 3363 1228
1223 2 2 0 1 1470 3981 1471
1224 2 2 0 1 179 3234 2610
1225 2 2 0 1 2159 3256 704
1226 2 2 0 1 265 2702 264
1227 2 2 0 1 1929 2262 1930
1228 2 2 0 1 822 2238 818
1229 2 2 0 1 40 2131 93
1230 2 2 0 1 3566 3570 3474
1231 2 2 0 1 2320 2602 845
1232 2 2 0 1 2290 3327 703
1233 2 2 0 1 996 2150 997
1234 2 2 0 1 1233 1234 1231
1235 2 2 0 1 3626 3639 3618
1236 2 2 0 1 2363 3824 1355
1237 2 2 0 1 589 2624 609
1238 2 2 0 1 528 4032 524
1239 2 2 0 1 283 4079 284
1240 2 2 0 1 807 808 806
1241 2 2 0 1 1117 2973 1127
1242 2 2 0 1 3371 3734 577
1243 2 2 0 1 678 2582 707
1244 2 2 0 1 2472 4035 3024
1245 2 2 0 1 166 2747 633
1246 2 2 0 1 2714 3773 3681
1247 2 2 0 1 501 502 500
1248 2 2 0 1 397 2904 2879
1249 2 2 0 1 242 2493 245
1250 2 2 0 1 447 449 448
1251 2 2 0 1 1404 2194 1402
1252 2 2 0 1 116 4063 117
1253 2 2 0 1 1594 3244 1590
1254 2 2 0 1 3450 3451 3449
1255 2 2 0 1 272 2987 270
1256 2 2 0 1 791 792 787
1257 2 2 0 1 1813 2645 2217
1258 2 2 0 1 198 3628 201
1259 2 2 0 1 372 374 373
1260 2 2 0 1 230 1885 229
1261 2 2 0 1 771 869 768
1262 2 2 0 1 172 2747 168
1263 2 2 0 1 2552 3769 2902
1264 2 2 0 1 76 2437 2321
1265 2 2 0 1 1343 3682 1145
1266 2 2 0 1 1878 3254 2629
1267 2 2 0 1 364 2622 2265
1268 2 2 0 1 674 676 675
1269 2 2 0 1 847 851 850
1270 2 2 0 1 2088 2616 1654
1271 2 2 0 1 445 447 446
1272 2 2 0 1 664 665 662
1273 2 2 0 1 404 416 415
1274 2 2 0 1 2190 2757 2192
1275 2 2 0 1 519 2888 1299
1276 2 2 0 1 533 3402 535
1277 2 2 0 1 2475 3309 551
1278 2 2 0 1 447 3667 456
1279 2 2 0 1 358 3392 361
1280 2 2 0 1 400 3721 1395
1281 2 2 0 1 1439 3658 1441
1282 2 2 0 1 2201 3669 1644
1283 2 2 0 1 3189 3295 911
1284 2 2 0 1 196 4014 2951
1285 2 2 0 1 2506 3154 2458
1286 2 2 0 1 2107 3433 2294
1287 2 2 0 1 1507 3971 1508
1288 2 2 0 1 374 376 375
1289 2 2 0 1 202 2537 2535
1290 2 2 0 1 2120 2121 528
1291 2 2 0 1 418 4003 419
1292 2 2 0 1 230 3827 1885
1293 2 2 0 1 1546 4049 1553
1294 2 2 0 1 1370 3392 358
1295 2 2 0 1 201 205 204
1296 2 2 0 1 1760 4041 1794
1297 2 2 0 1 2176 3035 2511
1298 2 2 0 1 1024 2999 2000
1299 2 2 0 1 112 3871 114
1300 2 2 0 1 3570 3651 3619
1301 2 2 0 1 736 4098 2778
1302 2 2 0 1 659 4109 645
1303 2 2 0 1 9 78 8
1304 2 2 0 1 326 328 327
1305 2 2 0 1 1473 4086 1477
1306 2 2 0 1 2116 4112 3862
1307 2 2 0 1 2124 2845 610
1308 2 2 0 1 987 4077 986
1309 2 2 0 1 721 3987 722
1310 2 2 0 1 1034 1036 1035
1311 2 2 0 1 2606 2992 2479
1312 2 2 0 1 1209 2447 1208
1313 2 2 0 1 3867 3897 1452
1314 2 2 0 1 2377 2378 1888
1315 2 2 0 1 2011 2929 1975
1316 2 2 0 1 205 3785 207
1317 2 2 0 1 2299 3213 2875
1318 2 2 0 1 1092 1093 1091
1319 2 2 0 1 2121 2837 528
1320 2 2 0 1 926 4099 927
1321 2 2 0 1 1036 1499 1037
1322 2 2 0 1 875 883 882
1323 2 2 0 1 115 4063 116
1324 2 2 0 1 3564 3586 3528
1325 2 2 0 1 299 3303 2117
1326 2 2 0 1 944 4061 2254
1327 2 2 0 1 2318 3290 2643
1328 2 2 0 1 441 4090 723
1329 2 2 0 1 365 367 366
1330 2 2 0 1 2364 3130 817
1331 2 2 0 1 2222 3026 202
1332 2 2 0 1 673 3110 689
1333 2 2 0 1 19 94 18
1334 2 2 0 1 1828 3994 1815
1335 2 2 0 1 4 2978 53
1336 2 2 0 1 291 2370 2369
1337 2 2 0 1 701 3901 2728
1338 2 2 0 1 653 674 673
1339 2 2 0 1 2653 3720 2652
1340 2 2 0 1 1027 2346 2336
1341 2 2 0 1 1133 1136 1135
1342 2 2 0 1 467 3012 2342
1343 2 2 0 1 2229 3806 1025
1344 2 2 0 1 491 1860 637
1345 2 2 0 1 1029 1032 1030
1346 2 2 0 1 474 2386 2385
1347 2 2 0 1 2879 2904 1052
1348 2 2 0 1 229 238 228
1349 2 2 0 1 2949 4014 196
1350 2 2 0 1 2092 2870 926
1351 2 2 0 1 2557 2952 1008
1352 2 2 0 1 1018 3642 3628
1353 2 2 0 1 307 3083 2361
1354 2 2 0 1 1038 3305 2352
1355 2 2 0 1 921 2590 2392
1356 2 2 0 1 1265 2116 1176
1357 2 2 0 1 794 4057 793
1358 2 2 0 1 1625 1645 1626
1359 2 2 0 1 492 1862 491
1360 2 2 0 1 977 2524 980
1361 2 2 0 1 544 3912 545
1362 2 2 0 1 432 3087 2362
1363 2 2 0 1 877 2993 2837
1364 2 2 0 1 1564 1566 1565
1365 2 2 0 1 2194 2430 1402
1366 2 2 0 1 1879 2629 2276
1367 2 2 0 1 1618 2344 1622
1368 2 2 0 1 101 104 99
1369 2 2 0 1 137 3792 134
1370 2 2 0 1 680 740 705
1371 2 2 0 1 1534 2689 1537
1372 2 2 0 1 1959 2302 2111
1373 2 2 0 1 216 3232 2095
1374 2 2 0 1 844 2602 847
1375 2 2 0 1 2814 3993 553
1376 2 2 0 1 2185 3927 67
1377 2 2 0 1 24 3403 2104
1378 2 2 0 1 1893 2946 122
1379 2 2 0 1 1052 2030 672
1380 2 2 0 1 487 3904 579
1381 2 2 0 1 3557 3603 629
1382 2 2 0 1 1301 3983 1300
1383 2 2 0 1 2951 3445 196
1384 2 2 0 1 788 2785 2150
1385 2 2 0 1 2058 2259 2051
1386 2 2 0 1 323 326 325
1387 2 2 0 1 642 2505 296
1388 2 2 0 1 1724 2481 1726
1389 2 2 0 1 1860 1861 637
1390 2 2 0 1 1073 2935 1071
1391 2 2 0 1 1677 2656 1645
1392 2 2 0 1 2951 3559 3448
1393 2 2 0 1 227 229 228
1394 2 2 0 1 1388 3903 3175
1395 2 2 0 1 994 2773 2204
1396 2 2 0 1 946 962 944
1397 2 2 0 1 1799 3680 3064
1398 2 2 0 1 2305 3022 2672
1399 2 2 0 1 1763 1765 1764
1400 2 2 0 1 341 1029 1028
1401 2 2 0 1 1163 1354 1224
1402 2 2 0 1 192 199 194
1403 2 2 0 1 505 507 506
1404 2 2 0 1 251 4117 252
1405 2 2 0 1 2800 3920 241
1406 2 2 0 1 1454 3921 1455
1407 2 2 0 1 478 3269 477
1408 2 2 0 1 2441 2838 2806
1409 2 2 0 1 275 3236 277
1410 2 2 0 1 2154 3561 3544
1411 2 2 0 1 521 3350 1378
1412 2 2 0 1 2278 3846 618
1413 2 2 0 1 695 2970 657
1414 2 2 0 1 812 813 811
1415 2 2 0 1 498 2715 496
1416 2 2 0 1 3539 3790 3575
1417 2 2 0 1 1005 1880 1006
1418 2 2 0 1 999 3386 500
1419 2 2 0 1 36 2261 85
1420 2 2 0 1 2462 2470 2465
1421 2 2 0 1 1663 2372 1652
1422 2 2 0 1 851 1323 850
1423 2 2 0 1 1863 3418 3369
1424 2 2 0 1 2102 2763 1168
1425 2 2 0 1 925 2122 855
1426 2 2 0 1 23 2104 86
1427 2 2 0 1 1656 3108 2147
1428 2 2 0 1 1302 3929 485
1429 2 2 0 1 2105 3033 2376
1430 2 2 0 1 1130 3387 1126
1431 2 2 0 1 2996 3050 1131
1432 2 2 0 1 1860 4047 2628
1433 2 2 0 1 2668 2669 2634
1434 2 2 0 1 2558 3906 1857
1435 2 2 0 1 459 3107 437
1436 2 2 0 1 1849 3019 1848
1437 2 2 0 1 2118 3765 328
1438 2 2 0 1 254 2939 2389
1439 2 2 0 1 737 1308 659
1440 2 2 0 1 1544 3966 1547
1441 2 2 0 1 2133 2135 1497
1442 2 2 0 1 3541 3631 3510
1443 2 2 0 1 2774 3919 994
1444 2 2 0 1 341 3840 342
1445 2 2 0 1 715 2025 685
1446 2 2 0 1 533 535 534
1447 2 2 0 1 1045 2330 1044
1448 2 2 0 1 1193 2219 1261
1449 2 2 0 1 3008 3943 856
1450 2 2 0 1 2170 2649 735
1451 2 2 0 1 1115 3388 1113
1452 2 2 0 1 494 496 495
1453 2 2 0 1 459 3768 3107
1454 2 2 0 1 2155 3695 1072
1455 2 2 0 1 125 4017 126
1456 2 2 0 1 360 4103 362
1457 2 2 0 1 937 939 938
1458 2 2 0 1 362 365 363
1459 2 2 0 1 1020 3338 171
1460 2 2 0 1 540 2509 537
1461 2 2 0 1 3488 3609 3499
1462 2 2 0 1 281 3083 307
1463 2 2 0 1 1289 3756 3708
1464 2 2 0 1 1708 2966 2775
1465 2 2 0 1 2552 2902 1267
1466 2 2 0 1 2067 2073 2072
1467 2 2 0 1 2241 3776 1048
1468 2 2 0 1 1202 3042 2279
1469 2 2 0 1 1546 1553 1552
1470 2 2 0 1 1466 3913 1467
1471 2 2 0 1 2560 3135 3016
1472 2 2 0 1 2009 2901 1460
1473 2 2 0 1 553 3993 2291
1474 2 2 0 1 1855 3344 2534
1475 2 2 0 1 2940 2970 2115
1476 2 2 0 1 2275 3305 2276
1477 2 2 0 1 2462 2465 2464
1478 2 2 0 1 1063 2906 1268
1479 2 2 0 1 995 2918 2917
1480 2 2 0 1 1049 3095 2423
1481 2 2 0 1 644 645 620
1482 2 2 0 1 371 4036 387
1483 2 2 0 1 110 3850 109
1484 2 2 0 1 3259 3260 809
1485 2 2 0 1 2227 3641 2226
1486 2 2 0 1 455 3704 462
1487 2 2 0 1 2803 2816 2741
1488 2 2 0 1 2226 3902 2227
1489 2 2 0 1 1139 3948 3420
1490 2 2 0 1 1618 1622 1620
1491 2 2 0 1 1793 2650 1757
1492 2 2 0 1 2323 2324 2202
1493 2 2 0 1 2256 3815 64
1494 2 2 0 1 1346 3707 2905
1495 2 2 0 1 2786 3939 800
1496 2 2 0 1 117 2994 160
1497 2 2 0 1 295 296 293
1498 2 2 0 1 321 323 322
1499 2 2 0 1 2177 3734 1838
1500 2 2 0 1 443 445 444
1501 2 2 0 1 2236 3382 1406
1502 2 2 0 1 1706 2655 27
1503 2 2 0 1 3175 3780 2784
1504 2 2 0 1 658 2803 2741
1505 2 2 0 1 1500 1501 1037
1506 2 2 0 1 2153 2322 2245
1507 2 2 0 1 522 523 495
1508 2 2 0 1 1654 4049 2089
1509 2 2 0 1 603 3365 602
1510 2 2 0 1 636 3232 208
1511 2 2 0 1 2434 3078 876
1512 2 2 0 1 42 79 41
1513 2 2 0 1 1716 3345 1721
1514 2 2 0 1 2373 3371 577
1515 2 2 0 1 494 495 492
1516 2 2 0 1 3523 3612 3576
1517 2 2 0 1 2339 4060 3962
1518 2 2 0 1 2313 3188 599
1519 2 2 0 1 217 2795 1886
1520 2 2 0 1 1794 2306 1770
1521 2 2 0 1 2714 3681 1021
1522 2 2 0 1 83 2152 1889
1523 2 2 0 1 743 1180 1179
1524 2 2 0 1 2035 3364 335
1525 2 2 0 1 1868 1869 702
1526 2 2 0 1 648 1367 647
1527 2 2 0 1 160 1014 162
1528 2 2 0 1 1803 3711 1177
1529 2 2 0 1 256 257 255
1530 2 2 0 1 2428 3806 2229
1531 2 2 0 1 948 3740 1390
1532 2 2 0 1 2310 3249 265
1533 2 2 0 1 1868 3767 2728
1534 2 2 0 1 253 255 252
1535 2 2 0 1 1101 2804 2474
1536 2 2 0 1 798 3935 797
1537 2 2 0 1 464 3997 465
1538 2 2 0 1 1398 2430 1396
1539 2 2 0 1 2226 2245 225
1540 2 2 0 1 1813 2646 2216
1541 2 2 0 1 505 2340 507
1542 2 2 0 1 1468 3080 2224
1543 2 2 0 1 333 341 340
1544 2 2 0 1 1208 1211 1210
1545 2 2 0 1 377 378 376
1546 2 2 0 1 3297 3980 1311
1547 2 2 0 1 883 886 885
1548 2 2 0 1 3576 3612 3525
1549 2 2 0 1 277 3236 730
1550 2 2 0 1 2145 2796 721
1551 2 2 0 1 745 4029 287
1552 2 2 0 1 800 3939 799
1553 2 2 0 1 1389 1643 1322
1554 2 2 0 1 499 500 498
1555 2 2 0 1 638 1848 1350
1556 2 2 0 1 603 1835 606
1557 2 2 0 1 1541 1542 258
1558 2 2 0 1 1442 4073 1443
1559 2 2 0 1 2128 3683 552
1560 2 2 0 1 1806 2984 1804
1561 2 2 0 1 3502 3578 3514
1562 2 2 0 1 891 894 893
1563 2 2 0 1 554 2501 2244
1564 2 2 0 1 1815 3994 1829
1565 2 2 0 1 1662 1663 1652
1566 2 2 0 1 2650 4090 724
1567 2 2 0 1 941 2254 2251
1568 2 2 0 1 1081 3177 2718
1569 2 2 0 1 1191 1193 1192
1570 2 2 0 1 595 3706 2314
1571 2 2 0 1 719 1569 1568
1572 2 2 0 1 1080 1081 1078
1573 2 2 0 1 1287 2891 2174
1574 2 2 0 1 871 1045 1044
1575 2 2 0 1 2136 2138 2137
1576 2 2 0 1 353 3216 344
1577 2 2 0 1 4030 4032 528
1578 2 2 0 1 1472 4086 1473
1579 2 2 0 1 851 2602 1325
1580 2 2 0 1 1740 1768 1739
1581 2 2 0 1 127 1004 130
1582 2 2 0 1 2551 2985 574
1583 2 2 0 1 1265 3291 3183
1584 2 2 0 1 2461 2804 1146
1585 2 2 0 1 2355 3973 739
1586 2 2 0 1 2880 2881 848
1587 2 2 0 1 746 3438 583
1588 2 2 0 1 3486 3577 3481
1589 2 2 0 1 68 2178 67
1590 2 2 0 1 2858 2859 74
1591 2 2 0 1 951 3740 948
1592 2 2 0 1 1547 3966 2749
1593 2 2 0 1 471 3825 470
1594 2 2 0 1 745 2657 2164
1595 2 2 0 1 1434 1435 1433
1596 2 2 0 1 932 3837 966
1597 2 2 0 1 3513 3609 3563
1598 2 2 0 1 742 3945 2711
1599 2 2 0 1 74 3702 2858
1600 2 2 0 1 98 103 100
1601 2 2 0 1 980 2523 989
1602 2 2 0 1 1487 4085 1488
1603 2 2 0 1 2101 3353 2100
1604 2 2 0 1 1886 3957 217
1605 2 2 0 1 942 2433 932
1606 2 2 0 1 1041 4072 2632
1607 2 2 0 1 1112 3204 1128
1608 2 2 0 1 2927 4036 1003
1609 2 2 0 1 2873 3164 2869
1610 2 2 0 1 2289 2290 703
1611 2 2 0 1 1001 3007 863
1612 2 2 0 1 1659 2495 1608
1613 2 2 0 1 1163 2348 1354
1614 2 2 0 1 1956 2302 1959
1615 2 2 0 1 1144 1343 1141
1616 2 2 0 1 689 1884 726
1617 2 2 0 1 1892 4067 474
1618 2 2 0 1 680 705 309
1619 2 2 0 1 607 2662 602
1620 2 2 0 1 196 3443 2949
1621 2 2 0 1 372 3225 2501
1622 2 2 0 1 1375 2653 2652
1623 2 2 0 1 2224 3122 1468
1624 2 2 0 1 1736 2443 1730
1625 2 2 0 1 1242 2347 1876
1626 2 2 0 1 318 321 320
1627 2 2 0 1 1085 3879 1084
1628 2 2 0 1 1064 1066 1062
1629 2 2 0 1 234 237 236
1630 2 2 0 1 815 2091 813
1631 2 2 0 1 354 2720 2274
1632 2 2 0 1 2196 2775 1409
1633 2 2 0 1 2385 2545 1892
1634 2 2 0 1 1554 4055 1556
1635 2 2 0 1 134 3792 3200
1636 2 2 0 1 1331 3398 2234
1637 2 2 0 1 2719 2720 1031
1638 2 2 0 1 732 3106 2772
1639 2 2 0 1 40 93 39
1640 2 2 0 1 608 2991 587
1641 2 2 0 1 1627 3926 2913
1642 2 2 0 1 556 2244 694
1643 2 2 0 1 2326 2485 1301
1644 2 2 0 1 1338 3368 3110
1645 2 2 0 1 3555 3651 3570
1646 2 2 0 1 3542 3640 3544
1647 2 2 0 1 664 3779 1832
1648 2 2 0 1 1394 2758 1855
1649 2 2 0 1 221 3957 2151
1650 2 2 0 1 1047 3777 1049
1651 2 2 0 1 460 2312 2239
1652 2 2 0 1 833 843 842
1653 2 2 0 1 229 1885 239
1654 2 2 0 1 1684 2177 1838
1655 2 2 0 1 3138 3636 3139
1656 2 2 0 1 2419 3340 2737
1657 2 2 0 1 151 152 150
1658 2 2 0 1 2298 3805 2300
1659 2 2 0 1 1527 1528 1526
1660 2 2 0 1 531 533 532
1661 2 2 0 1 105 106 104
1662 2 2 0 1 2058 2260 2096
1663 2 2 0 1 273 3793 275
1664 2 2 0 1 2338 3988 1821
1665 2 2 0 1 329 2035 335
1666 2 2 0 1 1325 2602 2320
1667 2 2 0 1 3532 3621 3524
1668 2 2 0 1 1496 3673 1504
1669 2 2 0 1 519 1299 506
1670 2 2 0 1 2302 3332 2111
1671 2 2 0 1 287 4105 2657
1672 2 2 0 1 1515 3124 1520
1673 2 2 0 1 2469 2811 2676
1674 2 2 0 1 466 477 465
1675 2 2 0 1 207 3785 3317
1676 2 2 0 1 517 857 518
1677 2 2 0 1 2497 3890 2496
1678 2 2 0 1 588 589 587
1679 2 2 0 1 1848 3001 1350
1680 2 2 0 1 420 422 419
1681 2 2 0 1 1582 4104 3144
1682 2 2 0 1 281 283 282
1683 2 2 0 1 1832 3805 664
1684 2 2 0 1 1757 2650 2542
1685 2 2 0 1 2077 2545 2385
1686 2 2 0 1 13 72 12
1687 2 2 0 1 2551 2987 2550
1688 2 2 0 1 1209 2448 2447
1689 2 2 0 1 3543 3634 3566
1690 2 2 0 1 894 2637 893
1691 2 2 0 1 2306 3030 732
1692 2 2 0 1 44 2172 89
1693 2 2 0 1 377 2501 554
1694 2 2 0 1 231 3947 2336
1695 2 2 0 1 2040 3191 2041
1696 2 2 0 1 1234 2590 1231
1697 2 2 0 1 1176 1178 1177
1698 2 2 0 1 736 2778 2523
1699 2 2 0 1 931 933 932
1700 2 2 0 1 11 87 10
1701 2 2 0 1 1177 3098 1803
1702 2 2 0 1 744 3009 2800
1703 2 2 0 1 316 318 317
1704 2 2 0 1 156 2703 104
1705 2 2 0 1 492 3930 1862
1706 2 2 0 1 670 2295 667
1707 2 2 0 1 323 3165 2255
1708 2 2 0 1 149 150 148
1709 2 2 0 1 1410 1838 1837
1710 2 2 0 1 2023 2443 1736
1711 2 2 0 1 331 1160 1152
1712 2 2 0 1 251 252 247
1713 2 2 0 1 3167 3869 1575
1714 2 2 0 1 1647 1648 1646
1715 2 2 0 1 22 2333 21
1716 2 2 0 1 685 2369 582
1717 2 2 0 1 1724 2827 2481
1718 2 2 0 1 2204 2774 994
1719 2 2 0 1 141 3337 1005
1720 2 2 0 1 1017 2083 2044
1721 2 2 0 1 1121 2737 1134
1722 2 2 0 1 1152 1154 1153
1723 2 2 0 1 3582 3758 3581
1724 2 2 0 1 470 3825 469
1725 2 2 0 1 2034 2219 1191
1726 2 2 0 1 161 164 163
1727 2 2 0 1 20 2175 19
1728 2 2 0 1 296 2505 293
1729 2 2 0 1 1430 1431 1429
1730 2 2 0 1 2343 2824 2231
1731 2 2 0 1 822 2716 2238
1732 2 2 0 1 1468 3799 1463
1733 2 2 0 1 368 4121 369
1734 2 2 0 1 1557 4007 1558
1735 2 2 0 1 2361 3083 2636
1736 2 2 0 1 2572 3281 456
1737 2 2 0 1 399 401 400
1738 2 2 0 1 182 2540 184
1739 2 2 0 1 2167 3081 2678
1740 2 2 0 1 2346 2363 740
1741 2 2 0 1 2045 2046 2043
1742 2 2 0 1 83 1889 98
1743 2 2 0 1 1837 3226 1864
1744 2 2 0 1 2255 3705 326
1745 2 2 0 1 702 3915 1868
1746 2 2 0 1 503 505 504
1747 2 2 0 1 72 1834 12
1748 2 2 0 1 1605 1607 1604
1749 2 2 0 1 785 2643 2530
1750 2 2 0 1 1515 1516 1514
1751 2 2 0 1 443 2744 457
1752 2 2 0 1 234 236 232
1753 2 2 0 1 1482 3220 3129
1754 2 2 0 1 104 2703 99
1755 2 2 0 1 2523 2524 736
1756 2 2 0 1 2711 2961 742
1757 2 2 0 1 1146 3195 2459
1758 2 2 0 1 1819 3812 2110
1759 2 2 0 1 1543 3966 1544
1760 2 2 0 1 2446 3193 2810
1761 2 2 0 1 568 3655 401
1762 2 2 0 1 850 875 874
1763 2 2 0 1 72 3960 1834
1764 2 2 0 1 2444 3805 2298
1765 2 2 0 1 592 593 590
1766 2 2 0 1 808 2014 812
1767 2 2 0 1 725 2747 172
1768 2 2 0 1 491 1862 1860
1769 2 2 0 1 712 3834 2539
1770 2 2 0 1 1622 1623 1620
1771 2 2 0 1 2715 3052 496
1772 2 2 0 1 560 4107 2107
1773 2 2 0 1 3034 3869 3035
1774 2 2 0 1 288 4029 292
1775 2 2 0 1 73 1706 28
1776 2 2 0 1 107 109 106
1777 2 2 0 1 1959 1961 1960
1778 2 2 0 1 1402 2430 1398
1779 2 2 0 1 843 844 842
1780 2 2 0 1 3570 3619 3474
1781 2 2 0 1 1675 1676 1389
1782 2 2 0 1 1068 4018 1067
1783 2 2 0 1 2289 2291 2290
1784 2 2 0 1 1933 1935 1934
1785 2 2 0 1 13 1831 72
1786 2 2 0 1 869 1870 768
1787 2 2 0 1 793 4057 792
1788 2 2 0 1 602 3706 596
1789 2 2 0 1 1446 4073 1442
1790 2 2 0 1 3752 4006 158
1791 2 2 0 1 161 163 120
1792 2 2 0 1 1686 3796 389
1793 2 2 0 1 1808 3853 1806
1794 2 2 0 1 55 96 54
1795 2 2 0 1 1525 1526 1524
1796 2 2 0 1 205 207 206
1797 2 2 0 1 2344 2345 1622
1798 2 2 0 1 548 550 547
1799 2 2 0 1 667 2295 669
1800 2 2 0 1 260 3903 1388
1801 2 2 0 1 2864 3982 1290
1802 2 2 0 1 1062 4026 1060
1803 2 2 0 1 497 498 496
1804 2 2 0 1 901 903 902
1805 2 2 0 1 546 547 545
1806 2 2 0 1 264 3950 267
1807 2 2 0 1 664 2444 665
1808 2 2 0 1 843 853 845
1809 2 2 0 1 538 2915 2914
1810 2 2 0 1 1587 2427 1617
1811 2 2 0 1 26 2655 81
1812 2 2 0 1 2033 2372 1663
1813 2 2 0 1 2200 2355 2199
1814 2 2 0 1 1409 3217 2196
1815 2 2 0 1 1014 2580 1015
1816 2 2 0 1 898 901 900
1817 2 2 0 1 1714 1716 1715
1818 2 2 0 1 3551 3573 3572
1819 2 2 0 1 893 2637 896
1820 2 2 0 1 699 2281 1417
1821 2 2 0 1 1549 2427 1587
1822 2 2 0 1 2330 2331 1054
1823 2 2 0 1 527 531 530
1824 2 2 0 1 1640 2922 2010
1825 2 2 0 1 1835 2830 606
1826 2 2 0 1 1007 2752 143
1827 2 2 0 1 227 228 222
1828 2 2 0 1 3078 3809 876
1829 2 2 0 1 343 344 342
1830 2 2 0 1 291 3782 2370
1831 2 2 0 1 1226 2931 2420
1832 2 2 0 1 876 3724 2434
1833 2 2 0 1 139 140 138
1834 2 2 0 1 929 931 930
1835 2 2 0 1 2129 3351 3334
1836 2 2 0 1 439 441 440
1837 2 2 0 1 1489 1490 1488
1838 2 2 0 1 1067 4018 1066
1839 2 2 0 1 966 985 930
1840 2 2 0 1 516 2340 505
1841 2 2 0 1 491 637 489
1842 2 2 0 1 715 3848 2025
1843 2 2 0 1 475 476 473
1844 2 2 0 1 692 697 696
1845 2 2 0 1 63 1382 74
1846 2 2 0 1 2186 3381 2184
1847 2 2 0 1 2481 3678 1726
1848 2 2 0 1 2226 3641 2245
1849 2 2 0 1 1425 1426 1424
1850 2 2 0 1 1334 3810 1332
1851 2 2 0 1 799 3939 798
1852 2 2 0 1 2297 2382 750
1853 2 2 0 1 84 2178 68
1854 2 2 0 1 697 2281 699
1855 2 2 0 1 1935 1937 1936
1856 2 2 0 1 1100 1101 1096
1857 2 2 0 1 1626 2724 1595
1858 2 2 0 1 2043 2086 1632
1859 2 2 0 1 2497 3914 1201
1860 2 2 0 1 3242 3680 1800
1861 2 2 0 1 952 954 953
1862 2 2 0 1 644 2504 714
1863 2 2 0 1 520 3044 2130
1864 2 2 0 1 1487 1488 1486
1865 2 2 0 1 418 419 417
1866 2 2 0 1 2157 2168 2158
1867 2 2 0 1 1356 2221 2220
1868 2 2 0 1 610 4120 609
1869 2 2 0 1 1587 1617 1599
1870 2 2 0 1 2449 2450 2448
1871 2 2 0 1 520 999 502
1872 2 2 0 1 2851 2937 2183
1873 2 2 0 1 527 4027 531
1874 2 2 0 1 2772 2819 732
1875 2 2 0 1 1569 1571 1568
1876 2 2 0 1 2251 2252 965
1877 2 2 0 1 3563 3631 2729
1878 2 2 0 1 676 713 675
1879 2 2 0 1 896 898 897
1880 2 2 0 1 1649 1650 1648
1881 2 2 0 1 2104 3033 2105
1882 2 2 0 1 797 3935 796
1883 2 2 0 1 2526 3888 3063
1884 2 2 0 1 1154 1155 1153
1885 2 2 0 1 3467 3470 3469
1886 2 2 0 1 537 2974 541
1887 2 2 0 1 1532 2689 1534
1888 2 2 0 1 26 81 25
1889 2 2 0 1 33 75 32
1890 2 2 0 1 1698 1701 1700
1891 2 2 0 1 1763 1794 1770
1892 2 2 0 1 1677 3039 2656
1893 2 2 0 1 48 2101 47
1894 2 2 0 1 1622 2345 1631
1895 2 2 0 1 45 2172 44
1896 2 2 0 1 574 2987 2551
1897 2 2 0 1 2442 2978 96
1898 2 2 0 1 2794 3987 307
1899 2 2 0 1 1124 2886 2840
1900 2 2 0 1 2751 2956 1829
1901 2 2 0 1 3514 3578 3538
1902 2 2 0 1 2073 2545 2074
1903 2 2 0 1 3174 4046 1562
1904 2 2 0 1 84 2179 2178
1905 2 2 0 1 111 3850 112
1906 2 2 0 1 1744 2831 2756
1907 2 2 0 1 297 3959 295
1908 2 2 0 1 36 85 35
1909 2 2 0 1 2056 2057 2055
1910 2 2 0 1 1246 1248 1247
1911 2 2 0 1 1108 1111 1107
1912 2 2 0 1 1647 1649 1648
1913 2 2 0 1 375 2177 398
1914 2 2 0 1 1812 3962 1810
1915 2 2 0 1 2614 2917 915
1916 2 2 0 1 2971 3239 529
1917 2 2 0 1 857 858 518
1918 2 2 0 1 2588 3106 727
1919 2 2 0 1 127 128 126
1920 2 2 0 1 385 386 383
1921 2 2 0 1 58 2321 57
1922 2 2 0 1 31 90 30
1923 2 2 0 1 1075 3877 1074
1924 2 2 0 1 2150 2923 788
1925 2 2 0 1 1735 1795 1719
1926 2 2 0 1 1317 2761 2112
1927 2 2 0 1 23 86 22
1928 2 2 0 1 3470 3471 3469
1929 2 2 0 1 2235 2884 2128
1930 2 2 0 1 853 2700 854
1931 2 2 0 1 940 965 964
1932 2 2 0 1 2737 3257 2419
1933 2 2 0 1 227 230 229
1934 2 2 0 1 7 95 6
1935 2 2 0 1 3139 3614 3596
1936 2 2 0 1 785 2530 783
1937 2 2 0 1 490 491 489
1938 2 2 0 1 2197 3217 402
1939 2 2 0 1 2369 4102 582
1940 2 2 0 1 3212 3372 1842
1941 2 2 0 1 1617 2344 1618
1942 2 2 0 1 2306 2819 1770
1943 2 2 0 1 1338 1341 132
1944 2 2 0 1 3481 3577 3479
1945 2 2 0 1 29 73 28
1946 2 2 0 1 1929 2855 2262
1947 2 2 0 1 1850 2374 1610
1948 2 2 0 1 386 2373 383
1949 2 2 0 1 864 3794 2377
1950 2 2 0 1 998 3851 2894
1951 2 2 0 1 678 3219 1839
1952 2 2 0 1 886 888 887
1953 2 2 0 1 1607 2249 1604
1954 2 2 0 1 223 680 309
1955 2 2 0 1 420 3112 743
1956 2 2 0 1 1006 1008 1007
1957 2 2 0 1 623 624 576
1958 2 2 0 1 809 4024 2038
1959 2 2 0 1 1052 2904 2030
1960 2 2 0 1 563 2878 2480
1961 2 2 0 1 112 114 111
1962 2 2 0 1 3455 3575 3460
1963 2 2 0 1 1072 3759 2155
1964 2 2 0 1 1444 1445 1443
1965 2 2 0 1 3345 3383 1721
1966 2 2 0 1 369 4036 371
1967 2 2 0 1 326 3705 2118
1968 2 2 0 1 804 3991 803
1969 2 2 0 1 1209 2449 2448
1970 2 2 0 1 2053 2056 2055
1971 2 2 0 1 1470 1471 1467
1972 2 2 0 1 1817 4091 1828
1973 2 2 0 1 1841 2903 2427
1974 2 2 0 1 1813 3962 2646
1975 2 2 0 1 3549 3550 3548
1976 2 2 0 1 601 603 602
1977 2 2 0 1 2110 2920 1766
1978 2 2 0 1 2068 2672 2065
1979 2 2 0 1 437 439 438
1980 2 2 0 1 1367 2515 1369
1981 2 2 0 1 2190 2191 2189
1982 2 2 0 1 115 116 114
1983 2 2 0 1 964 1055 938
1984 2 2 0 1 896 899 898
1985 2 2 0 1 3057 3778 3058
1986 2 2 0 1 63 74 62
1987 2 2 0 1 1229 2821 2762
1988 2 2 0 1 1877 3738 3091
1989 2 2 0 1 1610 2374 1609
1990 2 2 0 1 1188 3336 2984
1991 2 2 0 1 818 2238 815
1992 2 2 0 1 350 3747 352
1993 2 2 0 1 593 3735 590
1994 2 2 0 1 1507 1508 1506
1995 2 2 0 1 2242 3732 1498
1996 2 2 0 1 328 3765 331
1997 2 2 0 1 2134 2163 2162
1998 2 2 0 1 1227 3363 2973
1999 2 2 0 1 1368 2515 1367
2000 2 2 0 1 953 963 951
2001 2 2 0 1 1716 1721 1720
2002 2 2 0 1 2669 2708 2634
2003 2 2 0 1 1661 2679 2678
2004 2 2 0 1 383 2373 381
2005 2 2 0 1 2346 3824 2363
2006 2 2 0 1 1454 1455 1453
2007 2 2 0 1 270 2987 574
2008 2 2 0 1 221 227 222
2009 2 2 0 1 1157 2348 1163
2010 2 2 0 1 59 76 58
2011 2 2 0 1 1363 3636 3138
2012 2 2 0 1 47 2101 2100
2013 2 2 0 1 2916 3408 2536
2014 2 2 0 1 159 3871 2690
2015 2 2 0 1 975 3348 2328
2016 2 2 0 1 472 473 471
2017 2 2 0 1 3050 4095 1131
2018 2 2 0 1 16 1767 15
2019 2 2 0 1 1452 1453 1451
2020 2 2 0 1 2571 2811 2570
2021 2 2 0 1 1442 1443 1441
2022 2 2 0 1 2155 3759 61
2023 2 2 0 1 2115 3827 230
2024 2 2 0 1 2136 2142 2138
2025 2 2 0 1 17 77 16
2026 2 2 0 1 69 84 68
2027 2 2 0 1 600 3067 3066
2028 2 2 0 1 1279 2695 1283
2029 2 2 0 1 485 646 484
2030 2 2 0 1 1625 1626 1595
2031 2 2 0 1 2560 3016 686
2032 2 2 0 1 3447 3650 3445
2033 2 2 0 1 1930 2262 1933
2034 2 2 0 1 2239 2312 613
2035 2 2 0 1 1185 2034 1187
2036 2 2 0 1 844 847 846
2037 2 2 0 1 1933 1946 1935
2038 2 2 0 1 1553 4055 1554
2039 2 2 0 1 637 2620 489
2040 2 2 0 1 192 193 191
2041 2 2 0 1 1491 1492 1490
2042 2 2 0 1 2213 2484 2338
2043 2 2 0 1 1827 2326 1824
2044 2 2 0 1 1873 2351 766
2045 2 2 0 1 1805 1806 1804
2046 2 2 0 1 574 2986 268
2047 2 2 0 1 1448 1449 1445
2048 2 2 0 1 141 142 140
2049 2 2 0 1 442 3813 443
2050 2 2 0 1 1730 2443 1728
2051 2 2 0 1 740 2362 1356
2052 2 2 0 1 1042 2752 1007
2053 2 2 0 1 1040 2564 2563
2054 2 2 0 1 1466 1467 1464
2055 2 2 0 1 1397 1398 1396
2056 2 2 0 1 1541 2427 1549
2057 2 2 0 1 249 4064 245
2058 2 2 0 1 1505 1506 1504
2059 2 2 0 1 2804 4031 1146
2060 2 2 0 1 1645 2656 1647
2061 2 2 0 1 2984 3685 1188
2062 2 2 0 1 893 896 895
2063 2 2 0 1 1684 1838 1410
2064 2 2 0 1 624 2952 677
2065 2 2 0 1 3073 3074 1846
2066 2 2 0 1 2091 2870 2092
2067 2 2 0 1 3461 3587 3463
2068 2 2 0 1 2087 3060 1591
2069 2 2 0 1 635 2335 1026
2070 2 2 0 1 1310 2849 683
2071 2 2 0 1 2592 4100 2591
2072 2 2 0 1 1822 1823 1182
2073 2 2 0 1 2958 3367 2013
2074 2 2 0 1 1233 1235 1234
2075 2 2 0 1 2668 3970 1140
2076 2 2 0 1 372 373 152
2077 2 2 0 1 61 3759 91
2078 2 2 0 1 464 465 463
2079 2 2 0 1 684 2970 2940
2080 2 2 0 1 1246 1247 1244
2081 2 2 0 1 2816 3103 741
2082 2 2 0 1 2064 2065 2063
2083 2 2 0 1 1509 1510 1508
2084 2 2 0 1 129 131 128
2085 2 2 0 1 2074 2545 2077
2086 2 2 0 1 15 92 14
2087 2 2 0 1 1247 2347 1244
2088 2 2 0 1 2421 2711 2422
2089 2 2 0 1 3463 3475 3466
2090 2 2 0 1 1556 4007 1557
2091 2 2 0 1 46 2100 71
2092 2 2 0 1 650 4093 1110
2093 2 2 0 1 2856 3329 77
2094 2 2 0 1 477 3733 564
2095 2 2 0 1 522 3754 2120
2096 2 2 0 1 2327 3161 71
2097 2 2 0 1 1561 4020 1562
2098 2 2 0 1 1208 2447 1211
2099 2 2 0 1 286 4105 287
2100 2 2 0 1 202 3026 187
2101 2 2 0 1 692 696 691
2102 2 2 0 1 490 492 491
2103 2 2 0 1 2217 2339 1813
2104 2 2 0 1 2377 3739 864
2105 2 2 0 1 3463 3466 3464
2106 2 2 0 1 2740 3310 2437
2107 2 2 0 1 277 279 278
2108 2 2 0 1 1634 1641 1635
2109 2 2 0 1 2157 2158 240
2110 2 2 0 1 704 2387 676
2111 2 2 0 1 2077 2079 2078
2112 2 2 0 1 803 3991 802
2113 2 2 0 1 2291 3228 553
2114 2 2 0 1 1463 1464 1462
2115 2 2 0 1 435 437 436
2116 2 2 0 1 2519 2895 1592
2117 2 2 0 1 244 4009 242
2118 2 2 0 1 501 503 502
2119 2 2 0 1 2276 2629 2273
2120 2 2 0 1 3480 3482 3481
2121 2 2 0 1 946 1390 962
2122 2 2 0 1 1971 1972 1970
2123 2 2 0 1 648 1368 1367
2124 2 2 0 1 744 3804 3009
2125 2 2 0 1 61 91 60
2126 2 2 0 1 1158 2348 1157
2127 2 2 0 1 2528 3268 2020
2128 2 2 0 1 857 865 858
2129 2 2 0 1 1339 2433 1340
2130 2 2 0 1 37 2261 36
2131 2 2 0 1 1328 3154 2506
2132 2 2 0 1 1152 1153 330
2133 2 2 0 1 3464 3571 3467
2134 2 2 0 1 2086 2087 1632
2135 2 2 0 1 2364 3041 2014
2136 2 2 0 1 459 2706 2589
2137 2 2 0 1 2218 2805 993
2138 2 2 0 1 2336 2346 680
2139 2 2 0 1 1483 1484 1481
2140 2 2 0 1 2882 3351 1791
2141 2 2 0 1 1488 4085 1489
2142 2 2 0 1 162 2691 161
2143 2 2 0 1 602 3365 607
2144 2 2 0 1 2901 3372 3212
2145 2 2 0 1 1211 1212 1210
2146 2 2 0 1 3119 3120 1524
2147 2 2 0 1 2295 2297 750
2148 2 2 0 1 1091 4001 1090
2149 2 2 0 1 2652 3821 1376
2150 2 2 0 1 408 3811 387
2151 2 2 0 1 1937 1938 1936
2152 2 2 0 1 2355 3038 2199
2153 2 2 0 1 2336 3947 1027
2154 2 2 0 1 287 4029 288
2155 2 2 0 1 441 3813 442
2156 2 2 0 1 1653 2724 1626
2157 2 2 0 1 1193 1198 1194
2158 2 2 0 1 2351 2564 1040
2159 2 2 0 1 1369 2515 2282
2160 2 2 0 1 945 946 944
2161 2 2 0 1 3567 3569 1365
2162 2 2 0 1 1935 1936 1934
2163 2 2 0 1 1956 1959 1957
2164 2 2 0 1 374 2501 377
2165 2 2 0 1 1772 2699 1765
2166 2 2 0 1 2918 3295 3189
2167 2 2 0 1 833 2670 843
2168 2 2 0 1 1109 3275 2547
2169 2 2 0 1 2393 2394 1284
2170 2 2 0 1 815 2238 2091
2171 2 2 0 1 1656 3286 2619
2172 2 2 0 1 280 3718 281
2173 2 2 0 1 1461 2585 2350
2174 2 2 0 1 1110 1172 1171
2175 2 2 0 1 605 1835 603
2176 2 2 0 1 2045 2047 2046
2177 2 2 0 1 2885 2897 319
2178 2 2 0 1 645 4109 660
2179 2 2 0 1 2026 2866 159
2180 2 2 0 1 1614 3312 1581
2181 2 2 0 1 1353 3407 984
2182 2 2 0 1 257 3903 260
2183 2 2 0 1 939 941 940
2184 2 2 0 1 2136 2137 2135
2185 2 2 0 1 1604 1606 1500
2186 2 2 0 1 2134 2349 2163
2187 2 2 0 1 1086 2948 1088
2188 2 2 0 1 3254 3425 1477
2189 2 2 0 1 2429 3356 1379
2190 2 2 0 1 1652 2372 1650
2191 2 2 0 1 1641 1713 1642
2192 2 2 0 1 657 3151 565
2193 2 2 0 1 89 3778 2171
2194 2 2 0 1 647 691 646
2195 2 2 0 1 468 469 249
2196 2 2 0 1 1791 3027 2882
2197 2 2 0 1 878 1887 821
2198 2 2 0 1 1621 2605 2446
2199 2 2 0 1 1638 3125 2625
2200 2 2 0 1 387 4036 2927
2201 2 2 0 1 1248 1249 1247
2202 2 2 0 1 734 1741 1740
2203 2 2 0 1 2184 2185 2178
2204 2 2 0 1 1951 2512 1954
2205 2 2 0 1 1771 1772 1765
2206 2 2 0 1 1821 2339 2338
2207 2 2 0 1 556 694 558
2208 2 2 0 1 718 2940 2151
2209 2 2 0 1 2403 2405 2401
2210 2 2 0 1 88 3150 2492
2211 2 2 0 1 967 976 968
2212 2 2 0 1 670 2296 2295
2213 2 2 0 1 2427 2903 1617
2214 2 2 0 1 2148 3416 203
2215 2 2 0 1 2730 3629 3541
2216 2 2 0 1 896 2637 899
2217 2 2 0 1 2046 2086 2043
2218 2 2 0 1 3470 3473 3471
2219 2 2 0 1 3502 3514 3506
2220 2 2 0 1 2199 3038 1677
2221 2 2 0 1 1814 3373 1812
2222 2 2 0 1 1528 3894 1530
2223 2 2 0 1 1472 1473 1471
2224 2 2 0 1 1142 3970 2668
2225 2 2 0 1 544 545 543
2226 2 2 0 1 103 2434 100
2227 2 2 0 1 788 2923 2233
2228 2 2 0 1 174 2857 725
2229 2 2 0 1 292 3180 2203
2230 2 2 0 1 192 2028 199
2231 2 2 0 1 430 3231 426
2232 2 2 0 1 2345 2389 1631
2233 2 2 0 1 1356 2220 705
2234 2 2 0 1 2233 2923 1307
2235 2 2 0 1 554 2244 556
2236 2 2 0 1 1071 2935 1069
2237 2 2 0 1 2056 2059 2057
2238 2 2 0 1 1430 2802 1431
2239 2 2 0 1 3450 3452 3451
2240 2 2 0 1 980 2524 2523
2241 2 2 0 1 1074 3877 1073
2242 2 2 0 1 1054 2586 1053
2243 2 2 0 1 1576 1714 1611
2244 2 2 0 1 1947 2367 1943
2245 2 2 0 1 381 2373 577
2246 2 2 0 1 416 417 415
2247 2 2 0 1 2051 2259 2053
2248 2 2 0 1 3466 3571 3464
2249 2 2 0 1 1279 1283 1282
2250 2 2 0 1 888 891 890
2251 2 2 0 1 3363 3907 1228
2252 2 2 0 1 1179 2522 425
2253 2 2 0 1 829 4080 3117
2254 2 2 0 1 743 2390 1180
2255 2 2 0 1 898 2173 901
2256 2 2 0 1 3482 3484 3481
2257 2 2 0 1 2571 2943 1148
2258 2 2 0 1 891 893 892
2259 2 2 0 1 2065 2672 2067
2260 2 2 0 1 3452 3626 3454
2261 2 2 0 1 1279 1282 1281
2262 2 2 0 1 66 80 65
2263 2 2 0 1 1755 3069 1725
2264 2 2 0 1 367 4121 368
2265 2 2 0 1 31 2147 90
2266 2 2 0 1 407 484 406
2267 2 2 0 1 125 126 124
2268 2 2 0 1 3598 3607 3459
2269 2 2 0 1 1282 2393 1284
2270 2 2 0 1 253 3294 1841
2271 2 2 0 1 1822 1824 1823
2272 2 2 0 1 2192 2757 2274
2273 2 2 0 1 3097 3715 2092
2274 2 2 0 1 2021 2527 2022
2275 2 2 0 1 457 2789 734
2276 2 2 0 1 117 119 116
2277 2 2 0 1 2806 2838 222
2278 2 2 0 1 2234 3954 1331
2279 2 2 0 1 1760 1763 1762
2280 2 2 0 1 630 3327 2431
2281 2 2 0 1 3478 3480 3479
2282 2 2 0 1 1118 3900 1117
2283 2 2 0 1 903 906 905
2284 2 2 0 1 1639 3396 2909
2285 2 2 0 1 191 2997 2537
2286 2 2 0 1 2144 3164 2143
2287 2 2 0 1 49 82 48
2288 2 2 0 1 1563 4046 1564
2289 2 2 0 1 1797 2889 1734
2290 2 2 0 1 46 71 45
2291 2 2 0 1 233 2322 482
2292 2 2 0 1 3480 3481 3479
2293 2 2 0 1 1734 2889 2494
2294 2 2 0 1 3065 3128 2237
2295 2 2 0 1 3523 3576 3500
2296 2 2 0 1 1801 3680 3242
2297 2 2 0 1 2531 2855 1929
2298 2 2 0 1 816 818 815
2299 2 2 0 1 3605 3613 3604
2300 2 2 0 1 680 2346 740
2301 2 2 0 1 790 3699 2187
2302 2 2 0 1 1520 3870 1515
2303 2 2 0 1 762 766 760
2304 2 2 0 1 3170 3309 2471
2305 2 2 0 1 2962 3898 1358
2306 2 2 0 1 995 2917 2614
2307 2 2 0 1 1541 1549 1542
2308 2 2 0 1 431 2861 427
2309 2 2 0 1 1562 4020 3174
2310 2 2 0 1 1875 3188 2313
2311 2 2 0 1 782 3078 971
2312 2 2 0 1 482 2153 487
2313 2 2 0 1 1701 1703 1702
2314 2 2 0 1 65 2256 64
2315 2 2 0 1 155 3161 2098
2316 2 2 0 1 238 2157 240
2317 2 2 0 1 635 3066 2335
2318 2 2 0 1 1244 2347 1242
2319 2 2 0 1 37 2890 2261
2320 2 2 0 1 2138 2139 2137
2321 2 2 0 1 12 1834 11
2322 2 2 0 1 482 2322 2153
2323 2 2 0 1 218 2226 220
2324 2 2 0 1 1890 3248 2304
2325 2 2 0 1 2160 3391 706
2326 2 2 0 1 689 726 652
2327 2 2 0 1 308 4105 2796
2328 2 2 0 1 2188 2189 2007
2329 2 2 0 1 3546 3938 3545
2330 2 2 0 1 2107 4107 3433
2331 2 2 0 1 275 277 276
2332 2 2 0 1 2153 3904 487
2333 2 2 0 1 1732 1736 1730
2334 2 2 0 1 279 3718 280
2335 2 2 0 1 814 815 813
2336 2 2 0 1 847 850 849
2337 2 2 0 1 298 300 299
2338 2 2 0 1 1006 1007 143
2339 2 2 0 1 3494 3503 3495
2340 2 2 0 1 783 4043 781
2341 2 2 0 1 57 2321 88
2342 2 2 0 1 3575 3608 3599
2343 2 2 0 1 2291 3993 2290
2344 2 2 0 1 3492 3494 3493
2345 2 2 0 1 1560 4020 1561
2346 2 2 0 1 1277 1279 1278
2347 2 2 0 1 207 3969 208
2348 2 2 0 1 1104 4048 1103
2349 2 2 0 1 341 342 340
2350 2 2 0 1 3514 3515 3506
2351 2 2 0 1 1154 1156 1155
2352 2 2 0 1 1943 2367 1940
2353 2 2 0 1 1650 2372 2193
2354 2 2 0 1 1673 2242 1607
2355 2 2 0 1 3574 3630 3478
2356 2 2 0 1 6 2247 5
2357 2 2 0 1 2036 2944 972
2358 2 2 0 1 2517 3191 2941
2359 2 2 0 1 3657 3893 1446
2360 2 2 0 1 2105 2106 86
2361 2 2 0 1 2640 2776 1825
2362 2 2 0 1 891 1843 894
2363 2 2 0 1 1948 2512 1951
2364 2 2 0 1 2941 3191 1419
2365 2 2 0 1 500 3386 521
2366 2 2 0 1 2426 2732 1225
2367 2 2 0 1 1645 1646 1626
2368 2 2 0 1 1969 1970 1968
2369 2 2 0 1 1289 3982 3756
2370 2 2 0 1 1373 2975 1370
2371 2 2 0 1 1654 4055 4049
2372 2 2 0 1 247 4008 246
2373 2 2 0 1 1861 2628 2627
2374 2 2 0 1 3484 3492 3486
2375 2 2 0 1 1290 3187 2334
2376 2 2 0 1 967 968 961
2377 2 2 0 1 976 2525 2524
2378 2 2 0 1 2639 3878 1287
2379 2 2 0 1 235 2704 234
2380 2 2 0 1 1622 1631 1623
2381 2 2 0 1 292 3356 2429
2382 2 2 0 1 1215 1217 1216
2383 2 2 0 1 964 1056 1055
2384 2 2 0 1 1084 3879 1082
2385 2 2 0 1 1090 4001 1089
2386 2 2 0 1 628 3915 630
2387 2 2 0 1 2001 2302 1956
2388 2 2 0 1 2334 3187 2727
2389 2 2 0 1 2460 2470 2462
2390 2 2 0 1 2149 2539 212
2391 2 2 0 1 3567 3596 3568
2392 2 2 0 1 44 89 43
2393 2 2 0 1 2152 2442 1889
2394 2 2 0 1 3106 3995 727
2395 2 2 0 1 1395 4075 391
2396 2 2 0 1 2024 2894 2258
2397 2 2 0 1 1283 2695 1329
2398 2 2 0 1 2204 2205 1787
2399 2 2 0 1 669 750 749
2400 2 2 0 1 858 859 518
2401 2 2 0 1 1922 2428 1925
2402 2 2 0 1 3461 3463 3462
2403 2 2 0 1 490 2431 493
2404 2 2 0 1 304 3187 269
2405 2 2 0 1 2379 2657 308
2406 2 2 0 1 1277 2695 1279
2407 2 2 0 1 2293 2549 623
2408 2 2 0 1 2312 4023 613
2409 2 2 0 1 1537 1538 1536
2410 2 2 0 1 947 948 946
2411 2 2 0 1 413 3700 3646
2412 2 2 0 1 1051 1718 1717
2413 2 2 0 1 2449 2451 2450
2414 2 2 0 1 452 3704 455
2415 2 2 0 1 1114 1115 1113
2416 2 2 0 1 1632 2087 1623
2417 2 2 0 1 1324 3279 1326
2418 2 2 0 1 737 2579 2026
2419 2 2 0 1 1461 3897 2769
2420 2 2 0 1 791 793 792
2421 2 2 0 1 1895 1896 1368
2422 2 2 0 1 294 298 297
2423 2 2 0 1 1867 3229 1392
2424 2 2 0 1 3092 3746 1877
2425 2 2 0 1 1487 2097 2039
2426 2 2 0 1 82 3159 2103
2427 2 2 0 1 867 868 865
2428 2 2 0 1 1982 1983 1981
2429 2 2 0 1 808 812 811
2430 2 2 0 1 1728 2641 1717
2431 2 2 0 1 1771 1773 1772
2432 2 2 0 1 1872 1873 766
2433 2 2 0 1 2592 3836 2840
2434 2 2 0 1 1028 3840 341
2435 2 2 0 1 967 2170 976
2436 2 2 0 1 3480 3483 3482
2437 2 2 0 1 1460 3212 1455
2438 2 2 0 1 2970 3151 657
2439 2 2 0 1 2519 3894 1798
2440 2 2 0 1 358 360 359
2441 2 2 0 1 1056 3259 2198
2442 2 2 0 1 226 2322 233
2443 2 2 0 1 1624 2200 2199
2444 2 2 0 1 132 1882 131
2445 2 2 0 1 2412 2413 2410
2446 2 2 0 1 751 2382 754
2447 2 2 0 1 858 860 859
2448 2 2 0 1 2077 2385 2079
2449 2 2 0 1 802 3991 3260
2450 2 2 0 1 1394 1855 476
2451 2 2 0 1 2496 3890 1145
2452 2 2 0 1 226 232 231
2453 2 2 0 1 1873 2564 2351
2454 2 2 0 1 3459 3575 3455
2455 2 2 0 1 1180 1185 1184
2456 2 2 0 1 783 2530 856
2457 2 2 0 1 2747 3113 633
2458 2 2 0 1 1757 1758 1746
2459 2 2 0 1 1353 3412 2661
2460 2 2 0 1 1921 2428 1922
2461 2 2 0 1 1249 2731 1247
2462 2 2 0 1 462 463 455
2463 2 2 0 1 1884 2119 726
2464 2 2 0 1 1539 1540 1538
2465 2 2 0 1 1604 2249 1606
2466 2 2 0 1 3263 3952 1077
2467 2 2 0 1 3491 3643 3585
2468 2 2 0 1 1415 2196 1685
2469 2 2 0 1 499 501 500
2470 2 2 0 1 1156 1157 1155
2471 2 2 0 1 3499 3609 3513
2472 2 2 0 1 2432 3266 1093
2473 2 2 0 1 2020 2529 2528
2474 2 2 0 1 241 2157 238
2475 2 2 0 1 1562 4046 1563
2476 2 2 0 1 728 3895 2371
2477 2 2 0 1 1126 3387 1226
2478 2 2 0 1 750 2382 751
2479 2 2 0 1 975 2671 2083
2480 2 2 0 1 223 309 219
2481 2 2 0 1 793 795 794
2482 2 2 0 1 2736 3805 1832
2483 2 2 0 1 1461 3921 3897
2484 2 2 0 1 1815 3373 1814
2485 2 2 0 1 3463 3464 3462
2486 2 2 0 1 1523 3120 1629
2487 2 2 0 1 2465 2475 2466
2488 2 2 0 1 3584 3625 3591
2489 2 2 0 1 1194 2573 1199
2490 2 2 0 1 2465 2466 2464
2491 2 2 0 1 1199 2836 1311
2492 2 2 0 1 273 275 274
2493 2 2 0 1 28 1706 27
2494 2 2 0 1 1180 2390 1185
2495 2 2 0 1 1048 2854 2820
2496 2 2 0 1 2200 2356 2355
2497 2 2 0 1 1954 2001 1956
2498 2 2 0 1 2025 2369 685
2499 2 2 0 1 220 2226 225
2500 2 2 0 1 2074 2077 2076
2501 2 2 0 1 739 3038 2355
2502 2 2 0 1 1789 3292 2774
2503 2 2 0 1 1095 4040 1094
2504 2 2 0 1 1170 1360 1359
2505 2 2 0 1 2252 2786 1836
2506 2 2 0 1 74 2155 62
2507 2 2 0 1 2172 3778 89
2508 2 2 0 1 1693 1694 1692
2509 2 2 0 1 3141 3295 3142
2510 2 2 0 1 3614 3638 3596
2511 2 2 0 1 2441 2806 2156
2512 2 2 0 1 1929 1930 1928
2513 2 2 0 1 495 3930 492
2514 2 2 0 1 1191 1192 1190
2515 2 2 0 1 39 1801 38
2516 2 2 0 1 1478 4086 1472
2517 2 2 0 1 2423 2424 1047
2518 2 2 0 1 2443 2641 1728
2519 2 2 0 1 2562 3717 90
2520 2 2 0 1 901 904 903
2521 2 2 0 1 648 1895 1368
2522 2 2 0 1 1116 1117 1115
2523 2 2 0 1 387 406 371
2524 2 2 0 1 2471 2475 2465
2525 2 2 0 1 2305 2672 2068
2526 2 2 0 1 1969 1971 1970
2527 2 2 0 1 1077 3952 1076
2528 2 2 0 1 2784 3244 1676
2529 2 2 0 1 2438 3310 839
2530 2 2 0 1 1103 4031 1102
2531 2 2 0 1 1866 3234 2292
2532 2 2 0 1 1014 1015 162
2533 2 2 0 1 1657 3193 2764
2534 2 2 0 1 3164 4110 2143
2535 2 2 0 1 512 513 511
2536 2 2 0 1 833 4044 2670
2537 2 2 0 1 2246 2783 1643
2538 2 2 0 1 3518 3620 3539
2539 2 2 0 1 64 1382 63
2540 2 2 0 1 493 494 492
2541 2 2 0 1 2550 3848 715
2542 2 2 0 1 1954 2512 2001
2543 2 2 0 1 1959 1960 1957
2544 2 2 0 1 3475 3476 3466
2545 2 2 0 1 14 1831 13
2546 2 2 0 1 1922 1925 1924
2547 2 2 0 1 1894 2822 130
2548 2 2 0 1 2874 3218 974
2549 2 2 0 1 2756 2919 1751
2550 2 2 0 1 1122 3202 2499
2551 2 2 0 1 1252 1253 1250
2552 2 2 0 1 488 2431 490
2553 2 2 0 1 1642 4028 2309
2554 2 2 0 1 2900 3072 2350
2555 2 2 0 1 949 950 948
2556 2 2 0 1 943 944 941
2557 2 2 0 1 3503 3579 3578
2558 2 2 0 1 1015 2580 2504
2559 2 2 0 1 1569 1572 1571
2560 2 2 0 1 3393 4064 249
2561 2 2 0 1 2398 2399 2397
2562 2 2 0 1 1945 1947 1943
2563 2 2 0 1 766 2351 760
2564 2 2 0 1 413 3318 3317
2565 2 2 0 1 597 3067 592
2566 2 2 0 1 1500 2659 1501
2567 2 2 0 1 3503 3578 3495
2568 2 2 0 1 2208 2301 2210
2569 2 2 0 1 1043 3839 777
2570 2 2 0 1 518 3739 514
2571 2 2 0 1 714 2580 2579
2572 2 2 0 1 2369 4068 291
2573 2 2 0 1 2047 2048 2046
2574 2 2 0 1 1185 1187 1186
2575 2 2 0 1 2470 2471 2465
2576 2 2 0 1 3554 3627 3589
2577 2 2 0 1 224 2336 223
2578 2 2 0 1 1539 2832 2487
2579 2 2 0 1 2826 4013 2110
2580 2 2 0 1 158 4006 2682
2581 2 2 0 1 285 4105 286
2582 2 2 0 1 47 2100 46
2583 2 2 0 1 665 670 667
2584 2 2 0 1 1094 4040 1093
2585 2 2 0 1 3467 3469 3468
2586 2 2 0 1 1235 1236 1234
2587 2 2 0 1 2013 3367 1339
2588 2 2 0 1 1543 1544 1540
2589 2 2 0 1 1693 1695 1694
2590 2 2 0 1 1212 1215 1213
2591 2 2 0 1 716 717 715
2592 2 2 0 1 1717 2641 1050
2593 2 2 0 1 3455 3460 3453
2594 2 2 0 1 3489 3497 3496
2595 2 2 0 1 2073 2074 2072
2596 2 2 0 1 2905 3137 1346
2597 2 2 0 1 1102 4031 1101
2598 2 2 0 1 303 3162 301
2599 2 2 0 1 1930 1933 1932
2600 2 2 0 1 2429 2809 290
2601 2 2 0 1 304 4077 2694
2602 2 2 0 1 1028 3716 1031
2603 2 2 0 1 389 3796 385
2604 2 2 0 1 676 2387 713
2605 2 2 0 1 2041 2517 2516
2606 2 2 0 1 3559 3932 3448
2607 2 2 0 1 2288 2703 156
2608 2 2 0 1 977 980 979
2609 2 2 0 1 1145 3682 2496
2610 2 2 0 1 1701 1702 1700
2611 2 2 0 1 2261 2972 85
2612 2 2 0 1 57 88 56
2613 2 2 0 1 2311 3759 1072
2614 2 2 0 1 990 3735 593
2615 2 2 0 1 2785 3676 2150
2616 2 2 0 1 388 3731 2777
2617 2 2 0 1 2403 2406 2405
2618 2 2 0 1 3309 4050 551
2619 2 2 0 1 20 2635 2175
2620 2 2 0 1 7 4115 95
2621 2 2 0 1 2208 2210 2209
2622 2 2 0 1 374 375 373
2623 2 2 0 1 3353 3792 2099
2624 2 2 0 1 3945 4010 312
2625 2 2 0 1 780 3809 3078
2626 2 2 0 1 3878 3952 1287
2627 2 2 0 1 1601 1602 1580
2628 2 2 0 1 1643 3984 2246
2629 2 2 0 1 1854 3977 2632
2630 2 2 0 1 3495 3578 3502
2631 2 2 0 1 1365 3596 3567
2632 2 2 0 1 2704 4051 234
2633 2 2 0 1 2342 2343 2231
2634 2 2 0 1 549 3684 3323
2635 2 2 0 1 442 2957 440
2636 2 2 0 1 84 2180 2179
2637 2 2 0 1 1247 2731 2347
2638 2 2 0 1 32 2147 31
2639 2 2 0 1 226 231 224
2640 2 2 0 1 695 3764 2113
2641 2 2 0 1 980 989 981
2642 2 2 0 1 233 234 232
2643 2 2 0 1 514 3739 2377
2644 2 2 0 1 1005 1881 1880
2645 2 2 0 1 587 3979 586
2646 2 2 0 1 1301 2680 2326
2647 2 2 0 1 3479 3577 3527
2648 2 2 0 1 2247 3166 2183
2649 2 2 0 1 142 2752 146
2650 2 2 0 1 1657 3981 2810
2651 2 2 0 1 2720 2896 1028
2652 2 2 0 1 3246 4032 529
2653 2 2 0 1 1371 2654 1375
2654 2 2 0 1 2180 2182 2181
2655 2 2 0 1 488 490 489
2656 2 2 0 1 1904 1905 1900
2657 2 2 0 1 2060 2064 2063
2658 2 2 0 1 795 797 796
2659 2 2 0 1 599 4113 595
2660 2 2 0 1 2617 3205 2695
2661 2 2 0 1 352 358 357
2662 2 2 0 1 1170 1361 1360
2663 2 2 0 1 899 2173 898
2664 2 2 0 1 2405 2421 2401
2665 2 2 0 1 305 2976 2167
2666 2 2 0 1 1571 1578 1568
2667 2 2 0 1 2110 4013 2109
2668 2 2 0 1 105 3093 108
2669 2 2 0 1 1354 2836 2573
2670 2 2 0 1 3508 3523 3500
2671 2 2 0 1 422 3972 424
2672 2 2 0 1 2571 3975 2811
2673 2 2 0 1 760 2351 758
2674 2 2 0 1 1340 2198 2038
2675 2 2 0 1 2716 2870 2238
2676 2 2 0 1 795 3817 794
2677 2 2 0 1 3475 3489 3487
2678 2 2 0 1 2202 2603 2323
2679 2 2 0 1 2210 2212 2211
2680 2 2 0 1 2333 2635 21
2681 2 2 0 1 3456 3598 3459
2682 2 2 0 1 3466 3595 3571
2683 2 2 0 1 1895 1898 1896
2684 2 2 0 1 3202 3366 3203
2685 2 2 0 1 1248 1250 1249
2686 2 2 0 1 689 3368 1884
2687 2 2 0 1 280 2925 278
2688 2 2 0 1 1076 3952 1075
2689 2 2 0 1 2420 3257 1226
2690 2 2 0 1 1887 2621 821
2691 2 2 0 1 3471 3472 3469
2692 2 2 0 1 238 240 228
2693 2 2 0 1 2094 2790 2093
2694 2 2 0 1 777 3839 775
2695 2 2 0 1 52 2152 83
2696 2 2 0 1 2041 2598 1430
2697 2 2 0 1 2192 2267 2191
2698 2 2 0 1 1165 1170 1169
2699 2 2 0 1 2196 3217 2197
2700 2 2 0 1 221 222 213
2701 2 2 0 1 3048 3686 3594
2702 2 2 0 1 568 3707 2577
2703 2 2 0 1 1389 3984 1643
2704 2 2 0 1 1415 1685 698
2705 2 2 0 1 223 2336 680
2706 2 2 0 1 1927 1929 1928
2707 2 2 0 1 1959 2111 1961
2708 2 2 0 1 1885 3845 239
2709 2 2 0 1 2378 3794 3148
2710 2 2 0 1 1355 4119 2363
2711 2 2 0 1 520 3418 999
2712 2 2 0 1 1768 1769 1739
2713 2 2 0 1 1344 3901 3744
2714 2 2 0 1 2188 2190 2189
2715 2 2 0 1 992 1342 1307
2716 2 2 0 1 697 698 696
2717 2 2 0 1 1591 2520 2257
2718 2 2 0 1 232 2892 231
2719 2 2 0 1 1509 3343 1624
2720 2 2 0 1 2263 2855 2000
2721 2 2 0 1 1961 1963 1962
2722 2 2 0 1 1968 2585 1966
2723 2 2 0 1 1004 2765 1894
2724 2 2 0 1 1707 3751 2832
2725 2 2 0 1 2498 2714 2713
2726 2 2 0 1 379 2754 376
2727 2 2 0 1 239 2493 242
2728 2 2 0 1 2131 3064 93
2729 2 2 0 1 3494 3495 3493
2730 2 2 0 1 820 822 818
2731 2 2 0 1 1248 1252 1250
2732 2 2 0 1 2668 3889 2669
2733 2 2 0 1 53 2152 52
2734 2 2 0 1 594 596 595
2735 2 2 0 1 2082 3977 2603
2736 2 2 0 1 1852 3004 2534
2737 2 2 0 1 2451 2452 2450
2738 2 2 0 1 2113 3331 2114
2739 2 2 0 1 211 215 214
2740 2 2 0 1 3369 3418 520
2741 2 2 0 1 3492 3493 3486
2742 2 2 0 1 369 371 368
2743 2 2 0 1 669 749 748
2744 2 2 0 1 1182 2522 1179
2745 2 2 0 1 2362 3131 432
2746 2 2 0 1 2484 3988 2338
2747 2 2 0 1 2853 3312 1614
2748 2 2 0 1 2547 3359 1109
2749 2 2 0 1 763 764 762
2750 2 2 0 1 1172 1205 1204
2751 2 2 0 1 1369 2282 2281
2752 2 2 0 1 2661 3412 1224
2753 2 2 0 1 2205 2206 1787
2754 2 2 0 1 2163 2164 2162
2755 2 2 0 1 3863 3867 2195
2756 2 2 0 1 1477 3176 2942
2757 2 2 0 1 2059 2060 2057
2758 2 2 0 1 1193 1194 1192
2759 2 2 0 1 2617 2695 1277
2760 2 2 0 1 488 489 483
2761 2 2 0 1 987 3181 2694
2762 2 2 0 1 2636 3083 738
2763 2 2 0 1 3459 3608 3575
2764 2 2 0 1 816 819 818
2765 2 2 0 1 271 273 272
2766 2 2 0 1 3333 3876 3334
2767 2 2 0 1 966 3367 2958
2768 2 2 0 1 2108 3886 3329
2769 2 2 0 1 986 2702 2240
2770 2 2 0 1 1217 1218 1216
2771 2 2 0 1 796 3817 795
2772 2 2 0 1 702 1869 1344
2773 2 2 0 1 1311 3980 1313
2774 2 2 0 1 537 4089 540
2775 2 2 0 1 2265 2999 364
2776 2 2 0 1 1026 3841 2149
2777 2 2 0 1 1696 3181 1698
2778 2 2 0 1 1621 3798 3111
2779 2 2 0 1 819 820 818
2780 2 2 0 1 497 499 498
2781 2 2 0 1 3148 3828 2378
2782 2 2 0 1 2883 2902 1269
2783 2 2 0 1 494 2325 497
2784 2 2 0 1 3476 3595 3466
2785 2 2 0 1 1898 1904 1900
2786 2 2 0 1 1211 2447 1294
2787 2 2 0 1 2394 2398 2397
2788 2 2 0 1 3460 3606 3453
2789 2 2 0 1 1318 3905 2973
2790 2 2 0 1 2993 3800 2837
2791 2 2 0 1 1106 4069 1105
2792 2 2 0 1 1672 1673 1607
2793 2 2 0 1 2516 2518 2041
2794 2 2 0 1 3589 3632 3554
2795 2 2 0 1 1264 4035 2472
2796 2 2 0 1 1982 1984 1983
2797 2 2 0 1 1211 1214 1212
2798 2 2 0 1 839 3310 3278
2799 2 2 0 1 1859 2688 1532
2800 2 2 0 1 71 3161 3058
2801 2 2 0 1 3910 3970 1142
2802 2 2 0 1 1339 3367 2433
2803 2 2 0 1 2044 2045 2043
2804 2 2 0 1 3591 3627 3568
2805 2 2 0 1 3464 3467 3465
2806 2 2 0 1 1518 2797 2584
2807 2 2 0 1 80 2256 65
2808 2 2 0 1 638 3679 1849
2809 2 2 0 1 1434 3071 1479
2810 2 2 0 1 221 2151 227
2811 2 2 0 1 2210 2211 2209
2812 2 2 0 1 3573 3574 3572
2813 2 2 0 1 2132 2349 2134
2814 2 2 0 1 247 2800 243
2815 2 2 0 1 2147 3286 1656
2816 2 2 0 1 1948 1950 1947
2817 2 2 0 1 2778 4098 510
2818 2 2 0 1 1181 1182 1179
2819 2 2 0 1 2729 3604 3560
2820 2 2 0 1 1065 3130 2364
2821 2 2 0 1 1212 2675 1215
2822 2 2 0 1 861 864 859
2823 2 2 0 1 1897 2515 1368
2824 2 2 0 1 1238 2590 1234
2825 2 2 0 1 2486 2792 1688
2826 2 2 0 1 95 3818 2247
2827 2 2 0 1 1770 2819 1771
2828 2 2 0 1 1827 2484 2326
2829 2 2 0 1 2458 2460 2459
2830 2 2 0 1 1553 1554 1552
2831 2 2 0 1 825 3314 811
2832 2 2 0 1 1585 4007 2616
2833 2 2 0 1 2251 2254 2253
2834 2 2 0 1 56 2492 55
2835 2 2 0 1 1695 1696 1694
2836 2 2 0 1 1870 1875 1871
2837 2 2 0 1 993 2861 2218
2838 2 2 0 1 3379 3380 1138
2839 2 2 0 1 1198 2573 1194
2840 2 2 0 1 761 762 760
2841 2 2 0 1 2563 2564 607
2842 2 2 0 1 781 3757 779
2843 2 2 0 1 2273 2629 2277
2844 2 2 0 1 1601 1603 1602
2845 2 2 0 1 1031 3046 2719
2846 2 2 0 1 1142 2668 2634
2847 2 2 0 1 1925 1927 1926
2848 2 2 0 1 976 977 968
2849 2 2 0 1 1787 2353 1784
2850 2 2 0 1 1731 1732 1730
2851 2 2 0 1 1807 1808 1806
2852 2 2 0 1 96 2978 54
2853 2 2 0 1 2315 3062 863
2854 2 2 0 1 1823 2522 1182
2855 2 2 0 1 667 669 668
2856 2 2 0 1 1970 2350 1968
2857 2 2 0 1 3484 3486 3481
2858 2 2 0 1 3332 3821 2111
2859 2 2 0 1 1499 1605 1604
2860 2 2 0 1 1655 3108 1656
2861 2 2 0 1 1415 2775 2196
2862 2 2 0 1 202 3691 2222
2863 2 2 0 1 3515 3517 3516
2864 2 2 0 1 1783 1784 1782
2865 2 2 0 1 2212 2213 2211
2866 2 2 0 1 2105 2507 2106
2867 2 2 0 1 2401 2421 2399
2868 2 2 0 1 865 2791 858
2869 2 2 0 1 1217 1219 1218
2870 2 2 0 1 2379 3133 2142
2871 2 2 0 1 2184 2840 2185
2872 2 2 0 1 737 1384 1308
2873 2 2 0 1 747 2879 2480
2874 2 2 0 1 506 3668 519
2875 2 2 0 1 62 2155 61
2876 2 2 0 1 1241 1242 1240
2877 2 2 0 1 2154 3904 3624
2878 2 2 0 1 70 2851 69
2879 2 2 0 1 231 2892 2860
2880 2 2 0 1 1838 3371 1837
2881 2 2 0 1 3472 3651 3572
2882 2 2 0 1 2618 2625 1476
2883 2 2 0 1 50 2288 49
2884 2 2 0 1 1151 2604 1144
2885 2 2 0 1 812 814 813
2886 2 2 0 1 1306 2102 1168
2887 2 2 0 1 3019 3989 3018
2888 2 2 0 1 1703 1704 1702
2889 2 2 0 1 2805 3919 993
2890 2 2 0 1 797 799 798
2891 2 2 0 1 1797 3345 1796
2892 2 2 0 1 700 715 685
2893 2 2 0 1 2332 2586 1054
2894 2 2 0 1 1556 1557 1554
2895 2 2 0 1 1382 3702 74
2896 2 2 0 1 2056 2084 2059
2897 2 2 0 1 1317 2762 2761
2898 2 2 0 1 3478 3479 3477
2899 2 2 0 1 269 271 270
2900 2 2 0 1 1248 2395 1252
2901 2 2 0 1 1927 2531 1929
2902 2 2 0 1 665 667 666
2903 2 2 0 1 1242 1876 1240
2904 2 2 0 1 2138 2574 2139
2905 2 2 0 1 727 3107 2588
2906 2 2 0 1 2238 2870 2091
2907 2 2 0 1 1741 1742 1740
2908 2 2 0 1 456 3281 1051
2909 2 2 0 1 1903 3071 2802
2910 2 2 0 1 494 497 496
2911 2 2 0 1 1427 3055 3054
2912 2 2 0 1 1219 1220 1218
2913 2 2 0 1 1119 3900 1118
2914 2 2 0 1 1661 3791 2679
2915 2 2 0 1 181 3234 179
2916 2 2 0 1 2115 2970 695
2917 2 2 0 1 496 3052 522
2918 2 2 0 1 1098 3152 2705
2919 2 2 0 1 960 1319 967
2920 2 2 0 1 558 4107 560
2921 2 2 0 1 2354 3994 2556
2922 2 2 0 1 2412 2414 2413
2923 2 2 0 1 3490 3595 3476
2924 2 2 0 1 633 3113 2765
2925 2 2 0 1 1664 1665 1663
2926 2 2 0 1 1703 1705 1704
2927 2 2 0 1 1961 1962 1960
2928 2 2 0 1 1909 1910 1907
2929 2 2 0 1 350 352 351
2930 2 2 0 1 1816 1817 1815
2931 2 2 0 1 2603 3977 1854
2932 2 2 0 1 744 2800 247
2933 2 2 0 1 3167 3198 3061
2934 2 2 0 1 2506 3302 1123
2935 2 2 0 1 2359 2360 2358
2936 2 2 0 1 72 3714 2248
2937 2 2 0 1 376 2754 375
2938 2 2 0 1 524 2120 528
2939 2 2 0 1 2326 2680 1824
2940 2 2 0 1 1778 2589 1781
2941 2 2 0 1 1824 2680 1823
2942 2 2 0 1 1781 1783 1782
2943 2 2 0 1 1178 1805 1804
2944 2 2 0 1 2089 3677 1654
2945 2 2 0 1 407 3730 1302
2946 2 2 0 1 2210 2301 2214
2947 2 2 0 1 364 4103 2623
2948 2 2 0 1 1745 1757 1746
2949 2 2 0 1 1579 1580 1578
2950 2 2 0 1 3553 3554 3552
2951 2 2 0 1 154 3055 2266
2952 2 2 0 1 239 3845 2493
2953 2 2 0 1 2739 3705 1361
2954 2 2 0 1 2733 3956 2243
2955 2 2 0 1 2561 2562 1655
2956 2 2 0 1 1176 2116 1178
2957 2 2 0 1 1274 1277 1276
2958 2 2 0 1 664 3805 2444
2959 2 2 0 1 3502 3506 3505
2960 2 2 0 1 3545 3547 3546
2961 2 2 0 1 209 3138 211
2962 2 2 0 1 2030 3701 2029
2963 2 2 0 1 1510 2724 1512
2964 2 2 0 1 540 3688 2509
2965 2 2 0 1 1688 3923 1689
2966 2 2 0 1 699 1415 698
2967 2 2 0 1 2064 2068 2065
2968 2 2 0 1 73 3719 1706
2969 2 2 0 1 875 882 874
2970 2 2 0 1 1946 2813 1935
2971 2 2 0 1 487 578 488
2972 2 2 0 1 2293 3803 1009
2973 2 2 0 1 2388 2513 1374
2974 2 2 0 1 1781 1782 1779
2975 2 2 0 1 2162 2379 2161
2976 2 2 0 1 2247 3818 3166
2977 2 2 0 1 2113 2114 695
2978 2 2 0 1 1889 3996 2187
2979 2 2 0 1 880 881 868
2980 2 2 0 1 1973 1974 1972
2981 2 2 0 1 586 3979 515
2982 2 2 0 1 92 3027 2776
2983 2 2 0 1 2169 3224 3117
2984 2 2 0 1 1571 1579 1578
2985 2 2 0 1 1925 2229 1927
2986 2 2 0 1 3489 3496 3487
2987 2 2 0 1 476 1855 1853
2988 2 2 0 1 1307 3328 2233
2989 2 2 0 1 2102 3750 2763
2990 2 2 0 1 3491 3626 3452
2991 2 2 0 1 3203 3204 2186
2992 2 2 0 1 753 2490 752
2993 2 2 0 1 537 541 536
2994 2 2 0 1 1831 2640 72
2995 2 2 0 1 1909 1911 1910
2996 2 2 0 1 3475 3487 3476
2997 2 2 0 1 1483 4042 2528
2998 2 2 0 1 2413 2488 2410
2999 2 2 0 1 758 2351 1040
3000 2 2 0 1 1297 3169 3143
3001 2 2 0 1 717 2550 715
3002 2 2 0 1 960 967 961
3003 2 2 0 1 2079 2080 2078
3004 2 2 0 1 1726 2329 1749
3005 2 2 0 1 2392 2590 1238
3006 2 2 0 1 1282 1284 1281
3007 2 2 0 1 241 3920 2157
3008 2 2 0 1 1778 1781 1779
3009 2 2 0 1 3577 3607 3527
3010 2 2 0 1 312 2424 315
3011 2 2 0 1 3461 3462 3458
3012 2 2 0 1 1981 1992 1979
3013 2 2 0 1 984 3412 1353
3014 2 2 0 1 550 4050 573
3015 2 2 0 1 2018 2021 2017
3016 2 2 0 1 3323 3684 2926
3017 2 2 0 1 1602 2595 1580
3018 2 2 0 1 2082 2603 2202
3019 2 2 0 1 466 3311 719
3020 2 2 0 1 1798 3894 2963
3021 2 2 0 1 389 4075 1686
3022 2 2 0 1 2079 2632 2080
3023 2 2 0 1 1107 4069 1106
3024 2 2 0 1 1307 2923 996
3025 2 2 0 1 906 909 908
3026 2 2 0 1 2915 4005 1260
3027 2 2 0 1 391 4075 389
3028 2 2 0 1 3500 3576 3490
3029 2 2 0 1 592 594 593
3030 2 2 0 1 267 269 268
3031 2 2 0 1 367 368 366
3032 2 2 0 1 2202 3669 2201
3033 2 2 0 1 1390 1391 962
3034 2 2 0 1 1569 1573 1572
3035 2 2 0 1 1214 2675 1212
3036 2 2 0 1 759 760 758
3037 2 2 0 1 1939 1940 1938
3038 2 2 0 1 2047 2049 2048
3039 2 2 0 1 758 1040 756
3040 2 2 0 1 2148 2867 2692
3041 2 2 0 1 2762 3298 2718
3042 2 2 0 1 293 2505 236
3043 2 2 0 1 2243 3956 3732
3044 2 2 0 1 1215 1321 1217
3045 2 2 0 1 1933 1934 1932
3046 2 2 0 1 1660 3928 3136
3047 2 2 0 1 1945 1948 1947
3048 2 2 0 1 2053 2259 2056
3049 2 2 0 1 669 2295 750
3050 2 2 0 1 3624 3641 3561
3051 2 2 0 1 1951 1954 1953
3052 2 2 0 1 3479 3527 3477
3053 2 2 0 1 1830 4091 1817
3054 2 2 0 1 2377 3794 2378
3055 2 2 0 1 2599 3985 1423
3056 2 2 0 1 3063 3064 2131
3057 2 2 0 1 2422 2711 315
3058 2 2 0 1 2469 3940 3324
3059 2 2 0 1 903 2435 906
3060 2 2 0 1 1925 2428 2229
3061 2 2 0 1 1120 1121 1119
3062 2 2 0 1 1662 1664 1663
3063 2 2 0 1 10 3183 9
3064 2 2 0 1 2386 2983 1041
3065 2 2 0 1 711 2291 2289
3066 2 2 0 1 195 197 193
3067 2 2 0 1 15 1767 92
3068 2 2 0 1 3453 3606 3451
3069 2 2 0 1 1112 4095 1111
3070 2 2 0 1 1809 1810 1808
3071 2 2 0 1 1207 2606 2146
3072 2 2 0 1 2163 3956 2733
3073 2 2 0 1 2405 2961 2711
3074 2 2 0 1 156 3197 2288
3075 2 2 0 1 1745 1793 1757
3076 2 2 0 1 2317 3893 3657
3077 2 2 0 1 1925 1926 1924
3078 2 2 0 1 1913 1917 1915
3079 2 2 0 1 1170 2739 1361
3080 2 2 0 1 1933 2262 1946
3081 2 2 0 1 425 3972 422
3082 2 2 0 1 331 1162 1160
3083 2 2 0 1 2268 2270 2269
3084 2 2 0 1 2410 2488 2408
3085 2 2 0 1 2356 2359 2358
3086 2 2 0 1 1818 1819 1817
3087 2 2 0 1 799 801 800
3088 2 2 0 1 767 768 764
3089 2 2 0 1 1006 2557 1008
3090 2 2 0 1 1046 2685 1048
3091 2 2 0 1 1904 1906 1905
3092 2 2 0 1 1348 2624 990
3093 2 2 0 1 3470 3525 3473
3094 2 2 0 1 1639 3164 2873
3095 2 2 0 1 831 4044 833
3096 2 2 0 1 690 704 676
3097 2 2 0 1 2077 2078 2076
3098 2 2 0 1 860 861 859
3099 2 2 0 1 735 2525 2170
3100 2 2 0 1 1617 2903 2344
3101 2 2 0 1 672 2030 2029
3102 2 2 0 1 1136 2883 1143
3103 2 2 0 1 858 2791 860
3104 2 2 0 1 857 867 865
3105 2 2 0 1 1918 1921 1920
3106 2 2 0 1 1713 4028 1642
3107 2 2 0 1 699 1416 1415
3108 2 2 0 1 1993 2367 1947
3109 2 2 0 1 1773 1776 1774
3110 2 2 0 1 483 2620 235
3111 2 2 0 1 723 4090 2650
3112 2 2 0 1 756 2490 753
3113 2 2 0 1 1391 1392 962
3114 2 2 0 1 2553 3862 87
3115 2 2 0 1 3495 3502 3501
3116 2 2 0 1 1647 2817 1649
3117 2 2 0 1 220 224 223
3118 2 2 0 1 2268 2269 2267
3119 2 2 0 1 751 754 753
3120 2 2 0 1 2524 2525 736
3121 2 2 0 1 1381 2498 2497
3122 2 2 0 1 1084 1086 1085
3123 2 2 0 1 190 192 191
3124 2 2 0 1 869 2893 1870
3125 2 2 0 1 2414 2415 2413
3126 2 2 0 1 670 2298 2296
3127 2 2 0 1 1105 4048 1104
3128 2 2 0 1 1549 1550 1542
3129 2 2 0 1 1381 2497 2496
3130 2 2 0 1 80 2592 2591
3131 2 2 0 1 2499 3948 1122
3132 2 2 0 1 966 2958 985
3133 2 2 0 1 1558 1559 1557
3134 2 2 0 1 3580 3600 3583
3135 2 2 0 1 1212 1213 1210
3136 2 2 0 1 3450 3643 3491
3137 2 2 0 1 2627 3683 1861
3138 2 2 0 1 2601 3190 2088
3139 2 2 0 1 1845 2637 894
3140 2 2 0 1 883 885 882
3141 2 2 0 1 2049 2058 2051
3142 2 2 0 1 2505 2892 236
3143 2 2 0 1 2182 2499 2181
3144 2 2 0 1 300 3303 299
3145 2 2 0 1 348 350 349
3146 2 2 0 1 1793 3843 2650
3147 2 2 0 1 2097 3274 2039
3148 2 2 0 1 3448 3643 3450
3149 2 2 0 1 467 3437 3012
3150 2 2 0 1 2041 3191 2517
3151 2 2 0 1 120 1893 119
3152 2 2 0 1 43 2391 42
3153 2 2 0 1 1851 2283 2016
3154 2 2 0 1 95 2247 6
3155 2 2 0 1 697 699 698
3156 2 2 0 1 831 833 832
3157 2 2 0 1 1202 3388 1115
3158 2 2 0 1 2087 2257 1623
3159 2 2 0 1 598 3214 992
3160 2 2 0 1 2408 2738 2406
3161 2 2 0 1 25 2790 24
3162 2 2 0 1 1906 1907 1905
3163 2 2 0 1 2619 3352 1656
3164 2 2 0 1 153 3729 3432
3165 2 2 0 1 1255 2548 1253
3166 2 2 0 1 755 756 753
3167 2 2 0 1 1414 2236 1422
3168 2 2 0 1 1185 2390 2034
3169 2 2 0 1 1380 1381 1360
3170 2 2 0 1 2112 3263 1077
3171 2 2 0 1 190 2028 192
3172 2 2 0 1 328 329 327
3173 2 2 0 1 1732 1737 1736
3174 2 2 0 1 3513 3563 3560
3175 2 2 0 1 607 2815 2662
3176 2 2 0 1 2398 2400 2399
3177 2 2 0 1 30 3717 2696
3178 2 2 0 1 1361 1380 1360
3179 2 2 0 1 2206 2353 1787
3180 2 2 0 1 1984 1985 1983
3181 2 2 0 1 343 2896 354
3182 2 2 0 1 1617 1618 1599
3183 2 2 0 1 3622 3904 2154
3184 2 2 0 1 1221 1222 1220
3185 2 2 0 1 757 758 756
3186 2 2 0 1 2171 3300 89
3187 2 2 0 1 751 753 752
3188 2 2 0 1 220 223 219
3189 2 2 0 1 2060 2063 2062
3190 2 2 0 1 362 363 360
3191 2 2 0 1 1986 1989 1985
3192 2 2 0 1 1927 1928 1926
3193 2 2 0 1 1668 1669 1666
3194 2 2 0 1 1616 1850 1610
3195 2 2 0 1 1412 3382 2236
3196 2 2 0 1 926 3097 2092
3197 2 2 0 1 775 3839 788
3198 2 2 0 1 1180 1181 1179
3199 2 2 0 1 2128 2884 1010
3200 2 2 0 1 1827 3988 2484
3201 2 2 0 1 225 226 224
3202 2 2 0 1 2991 4071 973
3203 2 2 0 1 833 842 841
3204 2 2 0 1 3576 3595 3490
3205 2 2 0 1 819 821 820
3206 2 2 0 1 1650 2193 1648
3207 2 2 0 1 2488 2738 2408
3208 2 2 0 1 2542 2650 724
3209 2 2 0 1 355 3934 2757
3210 2 2 0 1 169 3325 616
3211 2 2 0 1 1603 1609 1602
3212 2 2 0 1 233 235 234
3213 2 2 0 1 1183 1822 1182
3214 2 2 0 1 1477 4086 3176
3215 2 2 0 1 960 2445 1319
3216 2 2 0 1 1786 1787 1784
3217 2 2 0 1 3531 3640 3542
3218 2 2 0 1 1937 1939 1938
3219 2 2 0 1 94 3838 18
3220 2 2 0 1 1694 2555 1692
3221 2 2 0 1 814 816 815
3222 2 2 0 1 750 751 749
3223 2 2 0 1 2005 2188 2007
3224 2 2 0 1 2165 3404 704
3225 2 2 0 1 356 3747 350
3226 2 2 0 1 2284 2324 2323
3227 2 2 0 1 264 267 266
3228 2 2 0 1 660 662 661
3229 2 2 0 1 705 2712 309
3230 2 2 0 1 844 846 842
3231 2 2 0 1 535 536 534
3232 2 2 0 1 2042 2043 1632
3233 2 2 0 1 3458 3598 3456
3234 2 2 0 1 3239 3245 529
3235 2 2 0 1 3862 4112 87
3236 2 2 0 1 1956 1957 1955
3237 2 2 0 1 2296 2297 2295
3238 2 2 0 1 1691 1693 1692
3239 2 2 0 1 2303 3306 1890
3240 2 2 0 1 2391 3301 1423
3241 2 2 0 1 1073 3877 2032
3242 2 2 0 1 365 366 363
3243 2 2 0 1 3101 3909 1469
3244 2 2 0 1 1775 2699 1772
3245 2 2 0 1 1737 1748 1736
3246 2 2 0 1 2229 2531 1927
3247 2 2 0 1 2001 2388 2302
3248 2 2 0 1 2620 2704 235
3249 2 2 0 1 2203 3356 292
3250 2 2 0 1 2367 2554 1940
3251 2 2 0 1 2443 3736 2641
3252 2 2 0 1 205 206 204
3253 2 2 0 1 1963 1964 1962
3254 2 2 0 1 2985 2986 574
3255 2 2 0 1 2698 3151 2970
3256 2 2 0 1 1913 1915 1914
3257 2 2 0 1 2007 2446 1991
3258 2 2 0 1 1063 3816 2906
3259 2 2 0 1 287 288 286
3260 2 2 0 1 772 773 771
3261 2 2 0 1 630 3915 702
3262 2 2 0 1 1258 1259 1257
3263 2 2 0 1 754 755 753
3264 2 2 0 1 1086 1088 1087
3265 2 2 0 1 1391 2169 1867
3266 2 2 0 1 1954 1956 1955
3267 2 2 0 1 770 771 768
3268 2 2 0 1 2018 3268 2021
3269 2 2 0 1 220 225 224
3270 2 2 0 1 3515 3516 3506
3271 2 2 0 1 30 2696 29
3272 2 2 0 1 3535 3585 3565
3273 2 2 0 1 2205 2773 2208
3274 2 2 0 1 3534 3535 3512
3275 2 2 0 1 2152 2978 2442
3276 2 2 0 1 3486 3610 3577
3277 2 2 0 1 1133 2883 1136
3278 2 2 0 1 3176 4086 1478
3279 2 2 0 1 1170 1359 1169
3280 2 2 0 1 935 2979 933
3281 2 2 0 1 99 2703 97
3282 2 2 0 1 2512 2513 2001
3283 2 2 0 1 901 2173 904
3284 2 2 0 1 1113 4095 1112
3285 2 2 0 1 1125 1126 1121
3286 2 2 0 1 3586 3623 3446
3287 2 2 0 1 3473 3474 3471
3288 2 2 0 1 2139 2141 2140
3289 2 2 0 1 3556 3648 3616
3290 2 2 0 1 1921 1922 1920
3291 2 2 0 1 3530 3642 3623
3292 2 2 0 1 493 2325 494
3293 2 2 0 1 2414 2416 2415
3294 2 2 0 1 215 218 217
3295 2 2 0 1 1692 3320 1690
3296 2 2 0 1 109 3850 111
3297 2 2 0 1 487 488 483
3298 2 2 0 1 3468 3478 3477
3299 2 2 0 1 3488 3611 3609
3300 2 2 0 1 1826 1827 1824
3301 2 2 0 1 995 4027 1357
3302 2 2 0 1 3066 3067 2335
3303 2 2 0 1 2552 4115 7
3304 2 2 0 1 2685 3959 301
3305 2 2 0 1 3578 3579 3538
3306 2 2 0 1 577 2754 379
3307 2 2 0 1 1354 2661 1224
3308 2 2 0 1 1239 1241 1240
3309 2 2 0 1 2100 3353 2327
3310 2 2 0 1 2219 2521 1261
3311 2 2 0 1 1980 1982 1981
3312 2 2 0 1 2198 3357 2798
3313 2 2 0 1 290 2809 333
3314 2 2 0 1 1360 2496 1359
3315 2 2 0 1 2284 2323 2285
3316 2 2 0 1 3092 3724 876
3317 2 2 0 1 429 433 432
3318 2 2 0 1 2963 3894 1528
3319 2 2 0 1 1437 3909 1857
3320 2 2 0 1 390 2777 395
3321 2 2 0 1 1729 1730 1728
3322 2 2 0 1 880 2124 881
3323 2 2 0 1 2309 2783 1642
3324 2 2 0 1 1856 3658 1439
3325 2 2 0 1 2875 3213 158
3326 2 2 0 1 1381 2496 1360
3327 2 2 0 1 1259 2571 2570
3328 2 2 0 1 1385 3990 2319
3329 2 2 0 1 1279 1281 1278
3330 2 2 0 1 1152 2594 1154
3331 2 2 0 1 1651 1652 1650
3332 2 2 0 1 1319 2170 967
3333 2 2 0 1 1670 1682 1679
3334 2 2 0 1 1003 4036 2865
3335 2 2 0 1 751 752 749
3336 2 2 0 1 2042 2044 2043
3337 2 2 0 1 161 2691 164
3338 2 2 0 1 801 803 802
3339 2 2 0 1 3307 3869 3034
3340 2 2 0 1 2083 3892 246
3341 2 2 0 1 449 450 448
3342 2 2 0 1 1615 1616 1610
3343 2 2 0 1 2323 2533 2285
3344 2 2 0 1 3320 3349 1690
3345 2 2 0 1 2504 2580 714
3346 2 2 0 1 1781 2706 1783
3347 2 2 0 1 2511 3167 2510
3348 2 2 0 1 1299 2888 2375
3349 2 2 0 1 1784 1785 1782
3350 2 2 0 1 3456 3459 3455
3351 2 2 0 1 729 3924 2770
3352 2 2 0 1 1948 2667 2512
3353 2 2 0 1 90 3717 30
3354 2 2 0 1 3107 3768 2588
3355 2 2 0 1 346 348 347
3356 2 2 0 1 2768 3696 1494
3357 2 2 0 1 1768 2481 1769
3358 2 2 0 1 311 2611 642
3359 2 2 0 1 3461 4054 3587
3360 2 2 0 1 733 3667 445
3361 2 2 0 1 2204 2773 2205
3362 2 2 0 1 1232 1233 1231
3363 2 2 0 1 447 448 446
3364 2 2 0 1 633 2765 1016
3365 2 2 0 1 640 3917 2220
3366 2 2 0 1 1040 2490 756
3367 2 2 0 1 985 3715 3097
3368 2 2 0 1 1560 1561 1559
3369 2 2 0 1 1206 3710 1209
3370 2 2 0 1 2760 2834 2036
3371 2 2 0 1 717 2551 2550
3372 2 2 0 1 957 2445 960
3373 2 2 0 1 886 3810 889
3374 2 2 0 1 1784 2353 1785
3375 2 2 0 1 3554 3632 3552
3376 2 2 0 1 1708 2967 2966
3377 2 2 0 1 988 3018 3017
3378 2 2 0 1 2190 2192 2191
3379 2 2 0 1 1642 2783 2246
3380 2 2 0 1 2673 2908 1678
3381 2 2 0 1 2905 3707 569
3382 2 2 0 1 2837 3800 528
3383 2 2 0 1 672 2029 411
3384 2 2 0 1 3467 3468 3465
3385 2 2 0 1 2566 3899 1479
3386 2 2 0 1 3457 3461 3458
3387 2 2 0 1 1776 2587 1778
3388 2 2 0 1 1230 1231 922
3389 2 2 0 1 93 1801 39
3390 2 2 0 1 2151 2940 230
3391 2 2 0 1 2498 3773 2714
3392 2 2 0 1 226 233 232
3393 2 2 0 1 1245 1246 1244
3394 2 2 0 1 3511 3512 3497
3395 2 2 0 1 632 685 582
3396 2 2 0 1 2323 2603 2533
3397 2 2 0 1 1748 2023 1736
3398 2 2 0 1 3452 3453 3451
3399 2 2 0 1 2458 3154 2460
3400 2 2 0 1 1549 1587 1586
3401 2 2 0 1 1738 1754 1737
3402 2 2 0 1 3568 3627 3554
3403 2 2 0 1 453 2258 450
3404 2 2 0 1 2174 2639 1287
3405 2 2 0 1 2469 3428 2811
3406 2 2 0 1 1357 4022 3246
3407 2 2 0 1 2270 2272 2271
3408 2 2 0 1 1254 1255 1253
3409 2 2 0 1 2283 2284 2016
3410 2 2 0 1 788 3839 2785
3411 2 2 0 1 1391 1867 1392
3412 2 2 0 1 1917 1918 1915
3413 2 2 0 1 326 327 325
3414 2 2 0 1 1980 1981 1979
3415 2 2 0 1 1256 1257 1255
3416 2 2 0 1 1080 1082 1081
3417 2 2 0 1 2039 3273 2250
3418 2 2 0 1 427 429 428
3419 2 2 0 1 214 221 213
3420 2 2 0 1 186 3723 212
3421 2 2 0 1 2053 2055 2054
3422 2 2 0 1 3153 3299 412
3423 2 2 0 1 8 2552 7
3424 2 2 0 1 864 3739 859
3425 2 2 0 1 1966 2585 2002
3426 2 2 0 1 665 2444 670
3427 2 2 0 1 3317 3318 1363
3428 2 2 0 1 2300 3805 2736
3429 2 2 0 1 1862 2938 1860
3430 2 2 0 1 2448 2559 2447
3431 2 2 0 1 3064 3411 1799
3432 2 2 0 1 1336 2365 1865
3433 2 2 0 1 2272 2275 2273
3434 2 2 0 1 1948 1951 1950
3435 2 2 0 1 1215 2675 1321
3436 2 2 0 1 1427 3056 1413
3437 2 2 0 1 711 3194 2291
3438 2 2 0 1 3489 3511 3497
3439 2 2 0 1 2007 3193 2446
3440 2 2 0 1 2708 2710 2416
3441 2 2 0 1 2165 3256 677
3442 2 2 0 1 1986 1990 1989
3443 2 2 0 1 1961 2651 1963
3444 2 2 0 1 482 487 483
3445 2 2 0 1 490 493 492
3446 2 2 0 1 867 880 868
3447 2 2 0 1 1974 1976 1972
3448 2 2 0 1 927 3097 926
3449 2 2 0 1 1162 1165 1164
3450 2 2 0 1 2124 2228 881
3451 2 2 0 1 1580 2595 1578
3452 2 2 0 1 3521 3620 3518
3453 2 2 0 1 823 2621 831
3454 2 2 0 1 1908 1909 1907
3455 2 2 0 1 377 554 393
3456 2 2 0 1 640 2239 613
3457 2 2 0 1 1912 1913 1911
3458 2 2 0 1 309 2795 219
3459 2 2 0 1 2000 2265 2263
3460 2 2 0 1 1215 1216 1213
3461 2 2 0 1 1071 1074 1073
3462 2 2 0 1 1573 2982 2232
3463 2 2 0 1 2208 2773 2301
3464 2 2 0 1 1185 1186 1184
3465 2 2 0 1 1603 1610 1609
3466 2 2 0 1 2170 2525 976
3467 2 2 0 1 1313 2743 1366
3468 2 2 0 1 1181 1183 1182
3469 2 2 0 1 2731 3258 2347
3470 2 2 0 1 1361 2255 1380
3471 2 2 0 1 66 3836 80
3472 2 2 0 1 480 3096 2540
3473 2 2 0 1 3451 3606 3528
3474 2 2 0 1 2192 2268 2267
3475 2 2 0 1 578 2431 488
3476 2 2 0 1 2141 2144 2143
3477 2 2 0 1 2462 2464 2463
3478 2 2 0 1 873 2364 852
3479 2 2 0 1 3586 3637 3528
3480 2 2 0 1 3798 3913 1466
3481 2 2 0 1 2581 2938 1862
3482 2 2 0 1 670 2444 2298
3483 2 2 0 1 2476 3284 3247
3484 2 2 0 1 2400 2401 2399
3485 2 2 0 1 3517 3518 3516
3486 2 2 0 1 716 2156 717
3487 2 2 0 1 1162 1164 1160
3488 2 2 0 1 3478 3630 3480
3489 2 2 0 1 997 1348 991
3490 2 2 0 1 1689 3923 2696
3491 2 2 0 1 60 3795 59
3492 2 2 0 1 561 2502 1355
3493 2 2 0 1 2582 2583 707
3494 2 2 0 1 1967 1969 1968
3495 2 2 0 1 803 805 804
3496 2 2 0 1 3451 3528 3449
3497 2 2 0 1 3464 3465 3462
3498 2 2 0 1 1088 1090 1089
3499 2 2 0 1 2048 2748 2046
3500 2 2 0 1 1180 1184 1181
3501 2 2 0 1 1069 3672 1068
3502 2 2 0 1 1252 1254 1253
3503 2 2 0 1 821 2621 820
3504 2 2 0 1 677 3256 626
3505 2 2 0 1 1616 1851 1850
3506 2 2 0 1 1701 3181 2701
3507 2 2 0 1 189 202 187
3508 2 2 0 1 1801 3242 2890
3509 2 2 0 1 533 534 532
3510 2 2 0 1 551 3774 2475
3511 2 2 0 1 1241 1243 1242
3512 2 2 0 1 1649 1651 1650
3513 2 2 0 1 820 823 822
3514 2 2 0 1 2756 2831 1790
3515 2 2 0 1 1157 1163 1159
3516 2 2 0 1 699 1417 1416
3517 2 2 0 1 1668 1670 1669
3518 2 2 0 1 1246 2395 1248
3519 2 2 0 1 301 3959 297
3520 2 2 0 1 2684 3792 3353
3521 2 2 0 1 1129 1130 1126
3522 2 2 0 1 2205 2208 2207
3523 2 2 0 1 1277 1278 1276
3524 2 2 0 1 260 262 261
3525 2 2 0 1 1143 1144 1141
3526 2 2 0 1 3606 3697 3564
3527 2 2 0 1 262 264 263
3528 2 2 0 1 2662 3706 602
3529 2 2 0 1 3471 3619 3472
3530 2 2 0 1 1974 1978 1977
3531 2 2 0 1 2810 3193 1657
3532 2 2 0 1 636 2838 2441
3533 2 2 0 1 1984 1986 1985
3534 2 2 0 1 330 2035 329
3535 2 2 0 1 2942 3254 1477
3536 2 2 0 1 1970 2900 2350
3537 2 2 0 1 1475 3425 1878
3538 2 2 0 1 2049 2766 2058
3539 2 2 0 1 344 346 345
3540 2 2 0 1 1040 2563 2490
3541 2 2 0 1 218 220 219
3542 2 2 0 1 2392 2742 921
3543 2 2 0 1 1773 1774 1772
3544 2 2 0 1 2399 2421 2404
3545 2 2 0 1 1544 3127 1546
3546 2 2 0 1 1285 2393 1282
3547 2 2 0 1 638 1350 671
3548 2 2 0 1 164 167 166
3549 2 2 0 1 720 746 583
3550 2 2 0 1 2611 2612 642
3551 2 2 0 1 2757 3698 355
3552 2 2 0 1 2411 2412 2410
3553 2 2 0 1 48 4087 2101
3554 2 2 0 1 2490 2491 752
3555 2 2 0 1 2242 2249 1607
3556 2 2 0 1 3575 3790 3460
3557 2 2 0 1 1380 3165 2968
3558 2 2 0 1 2530 2643 1000
3559 2 2 0 1 2350 2585 1968
3560 2 2 0 1 3564 3620 3521
3561 2 2 0 1 2245 2322 225
3562 2 2 0 1 847 849 846
3563 2 2 0 1 868 1058 865
3564 2 2 0 1 1516 2797 1518
3565 2 2 0 1 143 2752 142
3566 2 2 0 1 823 831 826
3567 2 2 0 1 1971 1973 1972
3568 2 2 0 1 551 4050 550
3569 2 2 0 1 824 2716 822
3570 2 2 0 1 215 217 214
3571 2 2 0 1 1274 2617 1277
3572 2 2 0 1 805 807 806
3573 2 2 0 1 1698 1700 1699
3574 2 2 0 1 886 887 885
3575 2 2 0 1 2472 3025 1264
3576 2 2 0 1 3334 3351 1747
3577 2 2 0 1 1340 2038 1019
3578 2 2 0 1 820 2621 823
3579 2 2 0 1 884 1333 1332
3580 2 2 0 1 962 4061 944
3581 2 2 0 1 3475 3587 3489
3582 2 2 0 1 485 3929 648
3583 2 2 0 1 829 3117 3105
3584 2 2 0 1 1630 2767 1660
3585 2 2 0 1 3700 3785 3593
3586 2 2 0 1 2693 2867 216
3587 2 2 0 1 1243 1244 1242
3588 2 2 0 1 2669 2709 2708
3589 2 2 0 1 3516 3599 3506
3590 2 2 0 1 2709 2710 2708
3591 2 2 0 1 212 3723 2538
3592 2 2 0 1 410 3679 638
3593 2 2 0 1 2251 2253 2252
3594 2 2 0 1 2320 2977 1325
3595 2 2 0 1 3529 3564 3521
3596 2 2 0 1 1701 2701 1703
3597 2 2 0 1 3463 3587 3475
3598 2 2 0 1 774 775 773
3599 2 2 0 1 1220 2477 1218
3600 2 2 0 1 422 424 423
3601 2 2 0 1 1387 3342 2319
3602 2 2 0 1 3450 3491 3452
3603 2 2 0 1 482 483 235
3604 2 2 0 1 1011 2128 1010
3605 2 2 0 1 1160 2594 1152
3606 2 2 0 1 2277 3254 2942
3607 2 2 0 1 624 626 625
3608 2 2 0 1 1568 2660 478
3609 2 2 0 1 2308 3075 567
3610 2 2 0 1 2109 4013 2699
3611 2 2 0 1 285 286 284
3612 2 2 0 1 2127 3384 1596
3613 2 2 0 1 176 2857 174
3614 2 2 0 1 323 325 322
3615 2 2 0 1 573 650 649
3616 2 2 0 1 2796 3133 308
3617 2 2 0 1 2458 2459 2457
3618 2 2 0 1 909 914 913
3619 2 2 0 1 3567 3568 3554
3620 2 2 0 1 1981 2223 1992
3621 2 2 0 1 1562 1563 1561
3622 2 2 0 1 2738 2961 2406
3623 2 2 0 1 2406 2961 2405
3624 2 2 0 1 589 3735 2624
3625 2 2 0 1 2394 2425 2398
3626 2 2 0 1 527 530 525
3627 2 2 0 1 2210 2214 2212
3628 2 2 0 1 3064 3680 93
3629 2 2 0 1 739 3039 3038
3630 2 2 0 1 1763 1764 1762
3631 2 2 0 1 3502 3505 3501
3632 2 2 0 1 1435 3909 1437
3633 2 2 0 1 2123 3422 1098
3634 2 2 0 1 811 3896 808
3635 2 2 0 1 1897 2516 2515
3636 2 2 0 1 2393 2425 2394
3637 2 2 0 1 1405 1407 1404
3638 2 2 0 1 901 902 900
3639 2 2 0 1 1165 2739 1170
3640 2 2 0 1 1983 2223 1981
3641 2 2 0 1 2284 2285 2016
3642 2 2 0 1 2275 2276 2273
3643 2 2 0 1 2407 2408 2406
3644 2 2 0 1 1659 3410 2495
3645 2 2 0 1 1222 1271 1220
3646 2 2 0 1 3736 3788 2641
3647 2 2 0 1 3435 3775 1597
3648 2 2 0 1 2183 2937 2247
3649 2 2 0 1 1832 3779 1308
3650 2 2 0 1 1148 3975 2571
3651 2 2 0 1 1691 1692 1690
3652 2 2 0 1 2475 2676 2466
3653 2 2 0 1 521 2715 498
3654 2 2 0 1 683 1052 672
3655 2 2 0 1 2104 3403 3033
3656 2 2 0 1 3531 3532 3524
3657 2 2 0 1 210 2838 636
3658 2 2 0 1 1139 3420 3419
3659 2 2 0 1 1259 2570 2569
3660 2 2 0 1 377 393 378
3661 2 2 0 1 980 981 979
3662 2 2 0 1 3482 3485 3484
3663 2 2 0 1 272 4059 2987
3664 2 2 0 1 2378 2778 1888
3665 2 2 0 1 999 3418 2380
3666 2 2 0 1 898 900 897
3667 2 2 0 1 1193 1261 1198
3668 2 2 0 1 1008 1009 1007
3669 2 2 0 1 2348 2836 1354
3670 2 2 0 1 1909 1912 1911
3671 2 2 0 1 208 3969 209
3672 2 2 0 1 1074 1076 1075
3673 2 2 0 1 706 2609 2160
3674 2 2 0 1 2450 2456 2448
3675 2 2 0 1 336 3218 2874
3676 2 2 0 1 1722 1728 1717
3677 2 2 0 1 486 568 401
3678 2 2 0 1 3153 3725 3299
3679 2 2 0 1 2056 2259 2084
3680 2 2 0 1 2728 3901 1869
3681 2 2 0 1 164 166 165
3682 2 2 0 1 2635 2843 2175
3683 2 2 0 1 2304 2305 2068
3684 2 2 0 1 3494 3600 3503
3685 2 2 0 1 1259 2569 1257
3686 2 2 0 1 445 446 444
3687 2 2 0 1 1974 1977 1976
3688 2 2 0 1 2441 2825 636
3689 2 2 0 1 755 757 756
3690 2 2 0 1 3420 3948 2500
3691 2 2 0 1 3454 3455 3453
3692 2 2 0 1 851 1324 1323
3693 2 2 0 1 1053 2785 1043
3694 2 2 0 1 2415 2897 2413
3695 2 2 0 1 2447 2559 1294
3696 2 2 0 1 1090 1092 1091
3697 2 2 0 1 250 3393 2085
3698 2 2 0 1 3058 3161 157
3699 2 2 0 1 88 2492 56
3700 2 2 0 1 1064 1067 1066
3701 2 2 0 1 1861 3683 2779
3702 2 2 0 1 3483 3589 3482
3703 2 2 0 1 2466 2468 2467
3704 2 2 0 1 954 955 953
3705 2 2 0 1 49 2288 82
3706 2 2 0 1 1050 3788 449
3707 2 2 0 1 1903 2598 1902
3708 2 2 0 1 1469 3909 1435
3709 2 2 0 1 2409 2410 2408
3710 2 2 0 1 1362 3090 3089
3711 2 2 0 1 1633 2689 2688
3712 2 2 0 1 1705 2309 1704
3713 2 2 0 1 923 3996 2442
3714 2 2 0 1 2124 2644 2228
3715 2 2 0 1 1162 2739 1165
3716 2 2 0 1 434 3919 2774
3717 2 2 0 1 604 605 603
3718 2 2 0 1 1732 1738 1737
3719 2 2 0 1 2754 3734 2177
3720 2 2 0 1 2213 2217 2211
3721 2 2 0 1 1698 3181 1701
3722 2 2 0 1 1219 1221 1220
3723 2 2 0 1 2633 3910 1142
3724 2 2 0 1 2082 2202 2201
3725 2 2 0 1 1138 3381 3204
3726 2 2 0 1 257 260 259
3727 2 2 0 1 516 2583 2582
3728 2 2 0 1 2028 3958 3834
3729 2 2 0 1 336 2874 2612
3730 2 2 0 1 1708 2775 1416
3731 2 2 0 1 1337 3368 1338
3732 2 2 0 1 2479 3949 302
3733 2 2 0 1 1569 2982 1573
3734 2 2 0 1 35 2767 34
3735 2 2 0 1 2281 2941 1417
3736 2 2 0 1 1963 1965 1964
3737 2 2 0 1 295 3959 1046
3738 2 2 0 1 531 532 530
3739 2 2 0 1 424 427 426
3740 2 2 0 1 3512 3616 3497
3741 2 2 0 1 1618 1620 1619
3742 2 2 0 1 2455 2506 2458
3743 2 2 0 1 3527 3598 3597
3744 2 2 0 1 1501 2019 2018
3745 2 2 0 1 728 3402 533
3746 2 2 0 1 3495 3501 3493
3747 2 2 0 1 3492 3504 3494
3748 2 2 0 1 1235 1239 1237
3749 2 2 0 1 642 2793 2505
3750 2 2 0 1 550 573 572
3751 2 2 0 1 3644 3646 3602
3752 2 2 0 1 1637 2665 2664
3753 2 2 0 1 3182 3415 722
3754 2 2 0 1 1913 1914 1911
3755 2 2 0 1 3544 3938 3543
3756 2 2 0 1 2347 3258 1876
3757 2 2 0 1 378 379 376
3758 2 2 0 1 3535 3639 3585
3759 2 2 0 1 2292 3436 1350
3760 2 2 0 1 1673 2733 2243
3761 2 2 0 1 227 2151 230
3762 2 2 0 1 1132 1133 1130
3763 2 2 0 1 1057 3742 1378
3764 2 2 0 1 1881 2165 1880
3765 2 2 0 1 1930 1931 1928
3766 2 2 0 1 3539 3599 3516
3767 2 2 0 1 1862 3930 2581
3768 2 2 0 1 198 201 200
3769 2 2 0 1 1940 2554 1938
3770 2 2 0 1 2244 3271 694
3771 2 2 0 1 807 2014 808
3772 2 2 0 1 3499 3500 3490
3773 2 2 0 1 675 3110 673
3774 2 2 0 1 175 176 174
3775 2 2 0 1 489 2620 483
3776 2 2 0 1 1696 1698 1697
3777 2 2 0 1 2433 3837 932
3778 2 2 0 1 740 2363 2362
3779 2 2 0 1 2005 2007 1991
3780 2 2 0 1 2118 3705 2739
3781 2 2 0 1 2037 3417 1097
3782 2 2 0 1 2307 2767 1630
3783 2 2 0 1 2402 2403 2401
3784 2 2 0 1 2084 2085 2059
3785 2 2 0 1 1222 1273 1272
3786 2 2 0 1 164 165 163
3787 2 2 0 1 564 3733 1331
3788 2 2 0 1 2530 3399 856
3789 2 2 0 1 2331 2332 1054
3790 2 2 0 1 952 2945 954
3791 2 2 0 1 3487 3488 3476
3792 2 2 0 1 1833 2704 2620
3793 2 2 0 1 1876 2482 1240
3794 2 2 0 1 1896 1897 1368
3795 2 2 0 1 2484 2485 2326
3796 2 2 0 1 29 2696 73
3797 2 2 0 1 2394 2397 2396
3798 2 2 0 1 1067 1069 1068
3799 2 2 0 1 1217 2782 1219
3800 2 2 0 1 2014 3041 812
3801 2 2 0 1 321 322 320
3802 2 2 0 1 1930 1932 1931
3803 2 2 0 1 1907 2440 1905
3804 2 2 0 1 1403 1404 1402
3805 2 2 0 1 2515 2516 2282
3806 2 2 0 1 700 716 715
3807 2 2 0 1 850 874 849
3808 2 2 0 1 3484 3590 3492
3809 2 2 0 1 1745 1746 1743
3810 2 2 0 1 459 2707 2706
3811 2 2 0 1 1776 1778 1777
3812 2 2 0 1 1297 3245 3239
3813 2 2 0 1 570 1010 300
3814 2 2 0 1 2073 3022 2545
3815 2 2 0 1 2460 2462 2461
3816 2 2 0 1 1916 2990 2781
3817 2 2 0 1 3535 3556 3512
3818 2 2 0 1 896 897 895
3819 2 2 0 1 118 4063 2866
3820 2 2 0 1 59 3795 3442
3821 2 2 0 1 3414 3682 1343
3822 2 2 0 1 1851 2016 2015
3823 2 2 0 1 80 2591 2256
3824 2 2 0 1 218 219 217
3825 2 2 0 1 1257 1262 1255
3826 2 2 0 1 2538 2540 693
3827 2 2 0 1 752 2532 749
3828 2 2 0 1 1879 4042 2629
3829 2 2 0 1 2270 2271 2269
3830 2 2 0 1 1100 1102 1101
3831 2 2 0 1 1836 3261 2252
3832 2 2 0 1 1239 1240 1237
3833 2 2 0 1 1741 1743 1742
3834 2 2 0 1 1435 1437 1436
3835 2 2 0 1 920 921 919
3836 2 2 0 1 1603 1615 1610
3837 2 2 0 1 2437 2438 2321
3838 2 2 0 1 2490 2563 2491
3839 2 2 0 1 316 317 313
3840 2 2 0 1 2485 2788 1301
3841 2 2 0 1 513 1002 517
3842 2 2 0 1 776 777 775
3843 2 2 0 1 1942 1943 1940
3844 2 2 0 1 291 2925 280
3845 2 2 0 1 283 284 282
3846 2 2 0 1 2272 2352 2275
3847 2 2 0 1 681 4002 1852
3848 2 2 0 1 1564 1565 1563
3849 2 2 0 1 2847 3216 3155
3850 2 2 0 1 2049 2050 2048
3851 2 2 0 1 2046 2748 2086
3852 2 2 0 1 2272 2273 2271
3853 2 2 0 1 906 910 909
3854 2 2 0 1 1664 1666 1665
3855 2 2 0 1 225 2322 226
3856 2 2 0 1 1872 2313 1874
3857 2 2 0 1 564 654 565
3858 2 2 0 1 2573 2836 1199
3859 2 2 0 1 1884 2822 2119
3860 2 2 0 1 1076 1078 1077
3861 2 2 0 1 1749 2755 1751
3862 2 2 0 1 42 3985 79
3863 2 2 0 1 1880 2557 1006
3864 2 2 0 1 183 338 181
3865 2 2 0 1 950 970 952
3866 2 2 0 1 1729 1731 1730
3867 2 2 0 1 85 3928 35
3868 2 2 0 1 1157 1159 1155
3869 2 2 0 1 1397 1399 1398
3870 2 2 0 1 903 905 902
3871 2 2 0 1 1051 3281 2827
3872 2 2 0 1 729 2770 2381
3873 2 2 0 1 1990 1991 1989
3874 2 2 0 1 724 3030 2306
3875 2 2 0 1 169 616 171
3876 2 2 0 1 2525 4098 736
3877 2 2 0 1 1678 2768 2673
3878 2 2 0 1 1162 3765 2739
3879 2 2 0 1 1477 3425 1473
3880 2 2 0 1 1773 1788 1776
3881 2 2 0 1 741 3126 3104
3882 2 2 0 1 1978 1979 1977
3883 2 2 0 1 1265 4112 2116
3884 2 2 0 1 1093 3963 2432
3885 2 2 0 1 2726 3434 1012
3886 2 2 0 1 3042 3797 1203
3887 2 2 0 1 563 2480 612
3888 2 2 0 1 3488 3490 3476
3889 2 2 0 1 18 2852 17
3890 2 2 0 1 3542 3543 3532
3891 2 2 0 1 1150 1151 1144
3892 2 2 0 1 3943 4043 856
3893 2 2 0 1 1660 3220 1482
3894 2 2 0 1 1972 2900 1970
3895 2 2 0 1 933 2979 942
3896 2 2 0 1 78 2552 8
3897 2 2 0 1 629 3613 3605
3898 2 2 0 1 460 2957 442
3899 2 2 0 1 2296 2875 2297
3900 2 2 0 1 1154 1161 1156
3901 2 2 0 1 1473 3425 1475
3902 2 2 0 1 3596 3638 3568
3903 2 2 0 1 2029 3134 396
3904 2 2 0 1 3474 3619 3471
3905 2 2 0 1 1665 2033 1663
3906 2 2 0 1 1631 1632 1623
3907 2 2 0 1 237 2930 294
3908 2 2 0 1 2349 3956 2163
3909 2 2 0 1 3159 3315 2103
3910 2 2 0 1 1082 3178 1081
3911 2 2 0 1 1002 2887 517
3912 2 2 0 1 477 564 479
3913 2 2 0 1 2394 2396 1284
3914 2 2 0 1 1207 2146 1205
3915 2 2 0 1 1913 2567 1917
3916 2 2 0 1 2737 3340 1134
3917 2 2 0 1 3465 3597 3462
3918 2 2 0 1 1205 2146 2117
3919 2 2 0 1 588 590 589
3920 2 2 0 1 1240 2482 1237
3921 2 2 0 1 1686 4075 3727
3922 2 2 0 1 3497 3498 3496
3923 2 2 0 1 2413 2897 2488
3924 2 2 0 1 1304 2731 1249
3925 2 2 0 1 2139 2140 2137
3926 2 2 0 1 950 2375 970
3927 2 2 0 1 927 4099 835
3928 2 2 0 1 1792 3812 2776
3929 2 2 0 1 2403 2407 2406
3930 2 2 0 1 1000 3961 2530
3931 2 2 0 1 515 1002 513
3932 2 2 0 1 3039 4083 731
3933 2 2 0 1 89 2391 43
3934 2 2 0 1 1991 2605 1989
3935 2 2 0 1 186 212 188
3936 2 2 0 1 1631 2389 2042
3937 2 2 0 1 2120 3754 870
3938 2 2 0 1 734 2789 1741
3939 2 2 0 1 1222 2787 1273
3940 2 2 0 1 1221 2787 1222
3941 2 2 0 1 2666 3045 1302
3942 2 2 0 1 3547 3549 3548
3943 2 2 0 1 1425 3128 3065
3944 2 2 0 1 843 2670 853
3945 2 2 0 1 3585 3639 3491
3946 2 2 0 1 1092 1094 1093
3947 2 2 0 1 2234 2595 1602
3948 2 2 0 1 2047 2766 2049
3949 2 2 0 1 228 2806 222
3950 2 2 0 1 1400 1402 1398
3951 2 2 0 1 2547 4035 3359
3952 2 2 0 1 1494 3696 1496
3953 2 2 0 1 2080 2082 2081
3954 2 2 0 1 2060 2062 2057
3955 2 2 0 1 1695 2694 1696
3956 2 2 0 1 1056 2798 1055
3957 2 2 0 1 2123 2395 1246
3958 2 2 0 1 914 917 916
3959 2 2 0 1 917 920 919
3960 2 2 0 1 1682 1690 1679
3961 2 2 0 1 973 4071 2845
3962 2 2 0 1 2488 2897 2885
3963 2 2 0 1 3514 3537 3515
3964 2 2 0 1 2634 3722 1142
3965 2 2 0 1 2533 2534 2285
3966 2 2 0 1 1595 2724 1510
3967 2 2 0 1 1227 3900 1119
3968 2 2 0 1 1786 2204 1787
3969 2 2 0 1 596 3706 595
3970 2 2 0 1 828 2716 824
3971 2 2 0 1 2655 3296 1629
3972 2 2 0 1 1851 2015 1850
3973 2 2 0 1 1714 1715 1611
3974 2 2 0 1 2835 3065 1709
3975 2 2 0 1 1843 1865 1844
3976 2 2 0 1 1283 1285 1282
3977 2 2 0 1 943 945 944
3978 2 2 0 1 337 3848 2550
3979 2 2 0 1 3469 3635 3468
3980 2 2 0 1 2637 2638 899
3981 2 2 0 1 1519 3439 2341
3982 2 2 0 1 2250 3911 2039
3983 2 2 0 1 2466 2676 2468
3984 2 2 0 1 1499 2998 1605
3985 2 2 0 1 904 2435 903
3986 2 2 0 1 1431 1433 1432
3987 2 2 0 1 314 4010 3945
3988 2 2 0 1 1967 1975 1969
3989 2 2 0 1 311 642 296
3990 2 2 0 1 1696 1697 1694
3991 2 2 0 1 1661 1662 1652
3992 2 2 0 1 318 320 317
3993 2 2 0 1 2163 2733 2164
3994 2 2 0 1 2371 2392 1238
3995 2 2 0 1 1623 2257 1620
3996 2 2 0 1 2001 2513 2388
3997 2 2 0 1 1015 2504 2278
3998 2 2 0 1 1935 2813 1937
3999 2 2 0 1 1592 3894 2519
4000 2 2 0 1 1236 1238 1234
4001 2 2 0 1 1101 4031 2804
4002 2 2 0 1 965 2597 964
4003 2 2 0 1 3462 3597 3458
4004 2 2 0 1 1670 2596 1682
4005 2 2 0 1 1906 1908 1907
4006 2 2 0 1 628 630 578
4007 2 2 0 1 1156 1158 1157
4008 2 2 0 1 1327 3309 3170
4009 2 2 0 1 3488 3499 3490
4010 2 2 0 1 2147 3108 90
4011 2 2 0 1 2451 2453 2452
4012 2 2 0 1 2540 3096 693
4013 2 2 0 1 3633 3902 3588
4014 2 2 0 1 1691 3663 2864
4015 2 2 0 1 717 4037 3856
4016 2 2 0 1 2741 3104 605
4017 2 2 0 1 2028 3744 199
4018 2 2 0 1 211 214 213
4019 2 2 0 1 731 4083 3946
4020 2 2 0 1 1173 1174 1151
4021 2 2 0 1 702 1344 703
4022 2 2 0 1 281 282 280
4023 2 2 0 1 3454 3456 3455
4024 2 2 0 1 77 3222 2856
4025 2 2 0 1 2626 2733 1673
4026 2 2 0 1 1838 3734 3371
4027 2 2 0 1 893 895 892
4028 2 2 0 1 549 4004 3684
4029 2 2 0 1 2219 2989 2521
4030 2 2 0 1 2881 3290 2318
4031 2 2 0 1 233 482 235
4032 2 2 0 1 3527 3597 3477
4033 2 2 0 1 616 618 617
4034 2 2 0 1 382 383 381
4035 2 2 0 1 954 2945 957
4036 2 2 0 1 2231 2824 1735
4037 2 2 0 1 2788 3983 1301
4038 2 2 0 1 198 3830 3628
4039 2 2 0 1 3168 3954 2234
4040 2 2 0 1 3053 3056 3054
4041 2 2 0 1 2694 2727 304
4042 2 2 0 1 2065 2066 2063
4043 2 2 0 1 388 389 385
4044 2 2 0 1 2122 3316 855
4045 2 2 0 1 1732 2494 1738
4046 2 2 0 1 363 2878 360
4047 2 2 0 1 3518 3539 3516
4048 2 2 0 1 2356 2357 2355
4049 2 2 0 1 2264 2813 1946
4050 2 2 0 1 1201 3890 2497
4051 2 2 0 1 1605 1672 1607
4052 2 2 0 1 2567 2568 1917
4053 2 2 0 1 3225 4078 1345
4054 2 2 0 1 1950 1993 1947
4055 2 2 0 1 3541 3662 3631
4056 2 2 0 1 778 779 777
4057 2 2 0 1 1235 1237 1236
4058 2 2 0 1 1614 3144 2853
4059 2 2 0 1 757 759 758
4060 2 2 0 1 443 444 442
4061 2 2 0 1 1356 3787 2221
4062 2 2 0 1 669 748 668
4063 2 2 0 1 2407 2409 2408
4064 2 2 0 1 1967 1968 1966
4065 2 2 0 1 1912 2567 1913
4066 2 2 0 1 1600 1601 1580
4067 2 2 0 1 1673 2243 2242
4068 2 2 0 1 3604 3767 1868
4069 2 2 0 1 3477 3597 3465
4070 2 2 0 1 614 2698 684
4071 2 2 0 1 177 409 176
4072 2 2 0 1 1741 1745 1743
4073 2 2 0 1 1793 4015 3843
4074 2 2 0 1 2196 2197 1685
4075 2 2 0 1 3895 3924 729
4076 2 2 0 1 1397 1409 1399
4077 2 2 0 1 410 638 621
4078 2 2 0 1 1910 2440 1907
4079 2 2 0 1 1426 1429 1428
4080 2 2 0 1 2743 3826 1161
4081 2 2 0 1 2609 3760 2160
4082 2 2 0 1 1566 1567 1565
4083 2 2 0 1 2416 3277 2708
4084 2 2 0 1 475 1394 476
4085 2 2 0 1 888 890 887
4086 2 2 0 1 1979 2631 1977
4087 2 2 0 1 1908 2575 1909
4088 2 2 0 1 3468 3477 3465
4089 2 2 0 1 1954 1955 1953
4090 2 2 0 1 180 2955 480
4091 2 2 0 1 741 3104 2816
4092 2 2 0 1 1199 1311 1200
4093 2 2 0 1 1052 3822 2879
4094 2 2 0 1 1058 2791 865
4095 2 2 0 1 1758 1759 1746
4096 2 2 0 1 1256 1258 1257
4097 2 2 0 1 1668 2596 1670
4098 2 2 0 1 688 2560 686
4099 2 2 0 1 1437 1439 1438
4100 2 2 0 1 2707 3292 1789
4101 2 2 0 1 1102 1104 1103
4102 2 2 0 1 1675 2784 1676
4103 2 2 0 1 1342 3214 3188
4104 2 2 0 1 3580 3583 3582
4105 2 2 0 1 3506 3599 3505
4106 2 2 0 1 1296 2675 1214
4107 2 2 0 1 3035 3869 2511
4108 2 2 0 1 554 556 555
4109 2 2 0 1 1767 2882 92
4110 2 2 0 1 622 672 411
4111 2 2 0 1 3525 3612 3473
4112 2 2 0 1 1898 1900 1899
4113 2 2 0 1 1847 2691 162
4114 2 2 0 1 167 168 166
4115 2 2 0 1 1716 1720 1715
4116 2 2 0 1 1783 1786 1784
4117 2 2 0 1 1851 2543 2283
4118 2 2 0 1 2213 2338 2217
4119 2 2 0 1 1254 1256 1255
4120 2 2 0 1 1211 1294 1214
4121 2 2 0 1 2080 2081 2078
4122 2 2 0 1 3511 3534 3512
4123 2 2 0 1 1408 1410 1407
4124 2 2 0 1 936 937 935
4125 2 2 0 1 2587 2589 1778
4126 2 2 0 1 2415 3335 2897
4127 2 2 0 1 1697 2555 1694
4128 2 2 0 1 2630 3345 1716
4129 2 2 0 1 875 3814 884
4130 2 2 0 1 586 588 587
4131 2 2 0 1 378 380 379
4132 2 2 0 1 2065 2067 2066
4133 2 2 0 1 556 558 557
4134 2 2 0 1 891 892 890
4135 2 2 0 1 1341 1883 1882
4136 2 2 0 1 632 700 685
4137 2 2 0 1 1423 3985 2391
4138 2 2 0 1 853 854 845
4139 2 2 0 1 2589 2706 1781
4140 2 2 0 1 749 2532 748
4141 2 2 0 1 1776 1777 1774
4142 2 2 0 1 2356 2358 2357
4143 2 2 0 1 358 359 357
4144 2 2 0 1 1909 2575 1912
4145 2 2 0 1 3544 3640 2154
4146 2 2 0 1 2208 2209 2207
4147 2 2 0 1 2371 2615 728
4148 2 2 0 1 384 385 383
4149 2 2 0 1 3452 3454 3453
4150 2 2 0 1 1973 2833 1974
4151 2 2 0 1 2713 2714 2709
4152 2 2 0 1 412 3135 2560
4153 2 2 0 1 3457 3458 3456
4154 2 2 0 1 2366 3279 1324
4155 2 2 0 1 1992 2631 1979
4156 2 2 0 1 3489 3587 3511
4157 2 2 0 1 2195 3867 1452
4158 2 2 0 1 618 620 619
4159 2 2 0 1 1969 2929 1971
4160 2 2 0 1 190 191 189
4161 2 2 0 1 2836 3297 1311
4162 2 2 0 1 1938 1941 1936
4163 2 2 0 1 1416 2775 1415
4164 2 2 0 1 721 4079 283
4165 2 2 0 1 961 972 958
4166 2 2 0 1 989 2315 981
4167 2 2 0 1 1616 2543 1851
4168 2 2 0 1 2446 2605 1991
4169 2 2 0 1 2711 3945 315
4170 2 2 0 1 2049 2051 2050
4171 2 2 0 1 954 957 956
4172 2 2 0 1 1380 2968 1381
4173 2 2 0 1 1739 2572 733
4174 2 2 0 1 1788 2587 1776
4175 2 2 0 1 117 4063 2994
4176 2 2 0 1 2664 2828 1637
4177 2 2 0 1 1563 3198 1561
4178 2 2 0 1 279 280 278
4179 2 2 0 1 790 2187 923
4180 2 2 0 1 2253 3229 2786
4181 2 2 0 1 3175 3903 258
4182 2 2 0 1 2125 2984 1806
4183 2 2 0 1 1742 3358 1740
4184 2 2 0 1 1741 2789 1745
4185 2 2 0 1 1609 2234 1602
4186 2 2 0 1 920 922 921
4187 2 2 0 1 3563 3992 3631
4188 2 2 0 1 240 4037 2806
4189 2 2 0 1 3597 3598 3458
4190 2 2 0 1 1754 2663 1737
4191 2 2 0 1 3009 3920 2800
4192 2 2 0 1 998 2894 2839
4193 2 2 0 1 1390 3224 1391
4194 2 2 0 1 1627 2912 2911
4195 2 2 0 1 3515 3601 3517
4196 2 2 0 1 2292 3234 338
4197 2 2 0 1 243 2800 241
4198 2 2 0 1 1273 2617 1274
4199 2 2 0 1 2205 2207 2206
4200 2 2 0 1 3762 3990 1386
4201 2 2 0 1 1187 1190 1189
4202 2 2 0 1 1094 1096 1095
4203 2 2 0 1 780 781 779
4204 2 2 0 1 1104 1106 1105
4205 2 2 0 1 1009 2576 1042
4206 2 2 0 1 737 2026 1384
4207 2 2 0 1 2669 2713 2709
4208 2 2 0 1 2368 2554 2367
4209 2 2 0 1 3834 3958 2539
4210 2 2 0 1 917 919 916
4211 2 2 0 1 3010 3207 3059
4212 2 2 0 1 3015 3955 3885
4213 2 2 0 1 2948 4100 3831
4214 2 2 0 1 735 3421 508
4215 2 2 0 1 2466 2467 2464
4216 2 2 0 1 960 961 958
4217 2 2 0 1 1766 2920 2919
4218 2 2 0 1 1396 3721 400
4219 2 2 0 1 2411 2732 2426
4220 2 2 0 1 197 2997 193
4221 2 2 0 1 2387 2658 713
4222 2 2 0 1 1027 3824 2346
4223 2 2 0 1 2141 2143 2140
4224 2 2 0 1 881 2483 868
4225 2 2 0 1 964 2597 1056
4226 2 2 0 1 1918 2780 1921
4227 2 2 0 1 728 3924 3895
4228 2 2 0 1 441 442 440
4229 2 2 0 1 1705 2310 2309
4230 2 2 0 1 1620 2257 1683
4231 2 2 0 1 823 824 822
4232 2 2 0 1 34 2767 2307
4233 2 2 0 1 2437 3310 2438
4234 2 2 0 1 2350 3072 1461
4235 2 2 0 1 1175 1176 1174
4236 2 2 0 1 2268 2719 2270
4237 2 2 0 1 411 2029 396
4238 2 2 0 1 136 3315 3158
4239 2 2 0 1 581 1022 631
4240 2 2 0 1 2141 3415 3182
4241 2 2 0 1 2270 3046 2272
4242 2 2 0 1 3101 4016 3100
4243 2 2 0 1 1194 1199 1195
4244 2 2 0 1 1123 3692 2506
4245 2 2 0 1 2258 3737 2024
4246 2 2 0 1 2446 2810 1621
4247 2 2 0 1 2512 2667 2513
4248 2 2 0 1 2776 3812 1825
4249 2 2 0 1 2225 3080 1842
4250 2 2 0 1 2067 2072 2071
4251 2 2 0 1 934 935 933
4252 2 2 0 1 196 3445 3444
4253 2 2 0 1 3496 3611 3487
4254 2 2 0 1 2154 3624 3561
4255 2 2 0 1 2460 2461 2459
4256 2 2 0 1 1737 2663 1748
4257 2 2 0 1 3585 3932 3565
4258 2 2 0 1 2455 2458 2457
4259 2 2 0 1 1731 2494 1732
4260 2 2 0 1 1439 1441 1440
4261 2 2 0 1 1245 2123 1246
4262 2 2 0 1 2476 3247 1123
4263 2 2 0 1 3503 3580 3579
4264 2 2 0 1 665 666 662
4265 2 2 0 1 787 4070 785
4266 2 2 0 1 2082 2201 2081
4267 2 2 0 1 173 174 172
4268 2 2 0 1 1682 1691 1690
4269 2 2 0 1 1820 3853 1808
4270 2 2 0 1 1904 2666 1906
4271 2 2 0 1 1345 3271 3225
4272 2 2 0 1 1154 2594 1161
4273 2 2 0 1 292 2429 288
4274 2 2 0 1 945 947 946
4275 2 2 0 1 1718 1722 1717
4276 2 2 0 1 2527 2528 1879
4277 2 2 0 1 3550 3553 3552
4278 2 2 0 1 2779 3683 2128
4279 2 2 0 1 2710 3073 2416
4280 2 2 0 1 1222 1272 1271
4281 2 2 0 1 2266 3057 154
4282 2 2 0 1 2399 2404 2397
4283 2 2 0 1 953 3013 963
4284 2 2 0 1 661 2816 2803
4285 2 2 0 1 2770 3209 2381
4286 2 2 0 1 957 2945 2445
4287 2 2 0 1 1163 1224 1166
4288 2 2 0 1 1587 1599 1598
4289 2 2 0 1 1422 1424 1423
4290 2 2 0 1 460 4039 2312
4291 2 2 0 1 1917 2780 1918
4292 2 2 0 1 3331 3689 2114
4293 2 2 0 1 2145 3133 2796
4294 2 2 0 1 3527 3607 3598
4295 2 2 0 1 1654 3677 2601
4296 2 2 0 1 2381 2742 729
4297 2 2 0 1 1034 1379 1036
4298 2 2 0 1 1990 2005 1991
4299 2 2 0 1 3367 3837 2433
4300 2 2 0 1 1479 3071 3070
4301 2 2 0 1 2692 2693 1320
4302 2 2 0 1 1666 2959 1665
4303 2 2 0 1 1311 1313 1312
4304 2 2 0 1 710 2149 709
4305 2 2 0 1 2491 2532 752
4306 2 2 0 1 3153 3354 1022
4307 2 2 0 1 1939 1942 1940
4308 2 2 0 1 759 761 760
4309 2 2 0 1 2356 2872 2359
4310 2 2 0 1 3076 3802 1821
4311 2 2 0 1 390 391 389
4312 2 2 0 1 1418 1708 1416
4313 2 2 0 1 1944 1945 1943
4314 2 2 0 1 674 690 676
4315 2 2 0 1 3157 3407 2521
4316 2 2 0 1 3446 3637 3586
4317 2 2 0 1 2142 2145 2138
4318 2 2 0 1 3454 3457 3456
4319 2 2 0 1 3009 3804 566
4320 2 2 0 1 687 2308 2148
4321 2 2 0 1 2262 2855 2263
4322 2 2 0 1 1049 2818 2396
4323 2 2 0 1 3493 3610 3486
4324 2 2 0 1 3508 3524 3523
4325 2 2 0 1 3656 3906 1858
4326 2 2 0 1 2189 3193 2007
4327 2 2 0 1 439 440 438
4328 2 2 0 1 629 3622 3557
4329 2 2 0 1 2781 3015 1916
4330 2 2 0 1 1721 1747 1720
4331 2 2 0 1 2678 2679 305
4332 2 2 0 1 180 480 182
4333 2 2 0 1 3505 3533 3501
4334 2 2 0 1 402 3217 1397
4335 2 2 0 1 2051 2053 2052
4336 2 2 0 1 1397 3217 1409
4337 2 2 0 1 516 2582 2340
4338 2 2 0 1 612 2916 611
4339 2 2 0 1 1149 2948 1086
4340 2 2 0 1 1528 1530 1529
4341 2 2 0 1 947 949 948
4342 2 2 0 1 2220 2712 705
4343 2 2 0 1 1243 1245 1244
4344 2 2 0 1 234 4051 237
4345 2 2 0 1 2060 2759 2064
4346 2 2 0 1 782 783 781
4347 2 2 0 1 236 2892 232
4348 2 2 0 1 1693 2334 1695
4349 2 2 0 1 2345 3690 254
4350 2 2 0 1 1060 2700 878
4351 2 2 0 1 2325 2814 497
4352 2 2 0 1 472 475 473
4353 2 2 0 1 3124 3998 1520
4354 2 2 0 1 2074 2076 2075
4355 2 2 0 1 1726 3678 2329
4356 2 2 0 1 1021 3783 2714
4357 2 2 0 1 113 3849 3213
4358 2 2 0 1 1501 2659 2019
4359 2 2 0 1 2032 2365 1336
4360 2 2 0 1 2629 4042 1878
4361 2 2 0 1 450 2258 452
4362 2 2 0 1 1521 3971 2873
4363 2 2 0 1 3286 3978 2619
4364 2 2 0 1 1670 1679 1671
4365 2 2 0 1 1390 3740 3224
4366 2 2 0 1 2913 3926 1444
4367 2 2 0 1 1918 1920 1919
4368 2 2 0 1 435 436 433
4369 2 2 0 1 392 399 391
4370 2 2 0 1 1262 2548 1255
4371 2 2 0 1 871 2771 1045
4372 2 2 0 1 1329 4021 3905
4373 2 2 0 1 84 2851 2180
4374 2 2 0 1 381 577 379
4375 2 2 0 1 1566 3360 1567
4376 2 2 0 1 2009 3072 2900
4377 2 2 0 1 860 2791 1059
4378 2 2 0 1 2692 2867 2693
4379 2 2 0 1 2816 3104 2741
4380 2 2 0 1 277 278 276
4381 2 2 0 1 2656 2817 1647
4382 2 2 0 1 2267 3176 1478
4383 2 2 0 1 258 3903 257
4384 2 2 0 1 2574 3415 2139
4385 2 2 0 1 1898 1899 1896
4386 2 2 0 1 352 357 351
4387 2 2 0 1 2453 2454 2452
4388 2 2 0 1 1631 2042 1632
4389 2 2 0 1 1895 3929 3045
4390 2 2 0 1 313 3931 316
4391 2 2 0 1 2445 2648 1319
4392 2 2 0 1 942 2979 2798
4393 2 2 0 1 2168 2986 2985
4394 2 2 0 1 1978 1980 1979
4395 2 2 0 1 1593 1594 1590
4396 2 2 0 1 2609 2610 1866
4397 2 2 0 1 1945 2667 1948
4398 2 2 0 1 1374 3014 2388
4399 2 2 0 1 2994 4063 118
4400 2 2 0 1 2573 2661 1354
4401 2 2 0 1 1144 3377 1343
4402 2 2 0 1 1460 3921 3072
4403 2 2 0 1 2372 3665 2193
4404 2 2 0 1 1965 1966 1964
4405 2 2 0 1 675 3370 3110
4406 2 2 0 1 2933 2963 1527
4407 2 2 0 1 1633 3713 2689
4408 2 2 0 1 2906 3887 1268
4409 2 2 0 1 3501 3610 3493
4410 2 2 0 1 141 4096 3337
4411 2 2 0 1 1989 1999 1985
4412 2 2 0 1 1825 3812 1819
4413 2 2 0 1 2059 2759 2060
4414 2 2 0 1 561 1355 615
4415 2 2 0 1 633 1016 165
4416 2 2 0 1 1039 3847 1033
4417 2 2 0 1 2739 3765 2118
4418 2 2 0 1 899 2174 2173
4419 2 2 0 1 605 3104 1835
4420 2 2 0 1 857 2887 867
4421 2 2 0 1 3487 3611 3488
4422 2 2 0 1 1978 2008 1980
4423 2 2 0 1 2127 2792 1522
4424 2 2 0 1 3473 3562 3474
4425 2 2 0 1 1527 2934 2933
4426 2 2 0 1 2488 2885 2738
4427 2 2 0 1 833 841 832
4428 2 2 0 1 1414 1422 1421
4429 2 2 0 1 1993 2368 2367
4430 2 2 0 1 170 172 168
4431 2 2 0 1 3454 3626 3457
4432 2 2 0 1 1911 2565 1910
4433 2 2 0 1 77 3886 16
4434 2 2 0 1 86 2333 22
4435 2 2 0 1 2412 2417 2414
4436 2 2 0 1 1455 4038 1457
4437 2 2 0 1 531 4027 995
4438 2 2 0 1 2328 2671 975
4439 2 2 0 1 614 684 641
4440 2 2 0 1 1201 3889 2668
4441 2 2 0 1 1210 2606 1207
4442 2 2 0 1 3557 3640 3531
4443 2 2 0 1 1491 3346 2349
4444 2 2 0 1 949 2375 950
4445 2 2 0 1 1013 2793 746
4446 2 2 0 1 2266 3055 1427
4447 2 2 0 1 742 2961 2738
4448 2 2 0 1 196 3444 3443
4449 2 2 0 1 2623 4103 361
4450 2 2 0 1 59 3442 76
4451 2 2 0 1 3529 3586 3564
4452 2 2 0 1 1542 3175 258
4453 2 2 0 1 2386 2632 2079
4454 2 2 0 1 3566 3634 3570
4455 2 2 0 1 1636 3064 3063
4456 2 2 0 1 3573 3630 3574
4457 2 2 0 1 2501 3225 2244
4458 2 2 0 1 2860 2892 1013
4459 2 2 0 1 1572 2988 1571
4460 2 2 0 1 1722 1729 1728
4461 2 2 0 1 2886 3233 2592
4462 2 2 0 1 153 3432 2576
4463 2 2 0 1 906 908 905
4464 2 2 0 1 2597 3259 1056
4465 2 2 0 1 3272 3430 153
4466 2 2 0 1 3155 3964 2006
4467 2 2 0 1 2493 3844 468
4468 2 2 0 1 1578 2660 1568
4469 2 2 0 1 784 785 783
4470 2 2 0 1 3269 3733 477
4471 2 2 0 1 74 3695 2155
4472 2 2 0 1 552 3361 2235
4473 2 2 0 1 600 601 596
4474 2 2 0 1 2752 2753 146
4475 2 2 0 1 968 2746 961
4476 2 2 0 1 1014 2823 2580
4477 2 2 0 1 2478 3355 303
4478 2 2 0 1 831 832 826
4479 2 2 0 1 711 2289 712
4480 2 2 0 1 909 2607 914
4481 2 2 0 1 1116 3366 1118
4482 2 2 0 1 1895 3045 1898
4483 2 2 0 1 470 472 471
4484 2 2 0 1 1110 1171 650
4485 2 2 0 1 573 4050 1327
4486 2 2 0 1 27 2655 26
4487 2 2 0 1 1966 2002 1964
4488 2 2 0 1 333 340 339
4489 2 2 0 1 2200 2872 2356
4490 2 2 0 1 846 2876 842
4491 2 2 0 1 1769 2572 1739
4492 2 2 0 1 2016 3004 2015
4493 2 2 0 1 2096 3347 250
4494 2 2 0 1 2111 2651 1961
4495 2 2 0 1 2440 3070 2541
4496 2 2 0 1 3497 3616 3498
4497 2 2 0 1 1455 1457 1456
4498 2 2 0 1 1516 1518 1517
4499 2 2 0 1 1698 1699 1697
4500 2 2 0 1 209 211 210
4501 2 2 0 1 288 2429 290
4502 2 2 0 1 1778 1779 1777
4503 2 2 0 1 1411 1684 1410
4504 2 2 0 1 3449 3637 3447
4505 2 2 0 1 720 1013 746
4506 2 2 0 1 834 4099 828
4507 2 2 0 1 2656 3039 731
4508 2 2 0 1 2340 3394 507
4509 2 2 0 1 1165 1169 1167
4510 2 2 0 1 1283 1329 1318
4511 2 2 0 1 1258 2943 1259
4512 2 2 0 1 1342 3188 2893
4513 2 2 0 1 2507 2508 2106
4514 2 2 0 1 970 2945 952
4515 2 2 0 1 687 688 686
4516 2 2 0 1 1449 1451 1450
4517 2 2 0 1 2727 3187 304
4518 2 2 0 1 1345 3272 3271
4519 2 2 0 1 167 169 168
4520 2 2 0 1 2249 2250 1606
4521 2 2 0 1 1922 1924 1923
4522 2 2 0 1 3572 3651 3555
4523 2 2 0 1 213 2838 210
4524 2 2 0 1 1259 2943 2571
4525 2 2 0 1 2580 2823 2579
4526 2 2 0 1 142 146 145
4527 2 2 0 1 2568 2780 1917
4528 2 2 0 1 437 438 436
4529 2 2 0 1 2845 4120 610
4530 2 2 0 1 275 276 274
4531 2 2 0 1 2025 4068 2369
4532 2 2 0 1 2562 3108 1655
4533 2 2 0 1 424 3972 1300
4534 2 2 0 1 1974 2833 1978
4535 2 2 0 1 245 468 249
4536 2 2 0 1 1872 1874 1873
4537 2 2 0 1 1905 2541 1900
4538 2 2 0 1 1758 1760 1759
4539 2 2 0 1 2206 2751 2353
4540 2 2 0 1 939 943 941
4541 2 2 0 1 1549 1586 1550
4542 2 2 0 1 2141 3182 2144
4543 2 2 0 1 2273 2277 2271
4544 2 2 0 1 2899 3257 2420
4545 2 2 0 1 335 3364 404
4546 2 2 0 1 1465 3125 1638
4547 2 2 0 1 2837 3293 877
4548 2 2 0 1 2419 3257 2899
4549 2 2 0 1 2324 3669 2202
4550 2 2 0 1 166 633 165
4551 2 2 0 1 667 668 666
4552 2 2 0 1 3072 3921 1461
4553 2 2 0 1 1321 2782 1217
4554 2 2 0 1 1253 2608 1250
4555 2 2 0 1 1685 2503 698
4556 2 2 0 1 719 2982 1569
4557 2 2 0 1 3402 4005 535
4558 2 2 0 1 786 787 785
4559 2 2 0 1 2171 2266 1427
4560 2 2 0 1 1530 1532 1531
4561 2 2 0 1 2385 2386 2079
4562 2 2 0 1 3329 3886 77
4563 2 2 0 1 3112 4003 421
4564 2 2 0 1 1198 2661 2573
4565 2 2 0 1 3507 3508 3500
4566 2 2 0 1 2058 2766 2260
4567 2 2 0 1 2676 3774 2469
4568 2 2 0 1 81 2790 25
4569 2 2 0 1 2150 3676 997
4570 2 2 0 1 1260 4005 2615
4571 2 2 0 1 131 135 134
4572 2 2 0 1 2168 2985 2158
4573 2 2 0 1 3565 3932 3922
4574 2 2 0 1 2214 2215 2212
4575 2 2 0 1 102 3884 3724
4576 2 2 0 1 1257 2569 1262
4577 2 2 0 1 468 470 469
4578 2 2 0 1 2248 3960 72
4579 2 2 0 1 2352 3046 1031
4580 2 2 0 1 921 2742 919
4581 2 2 0 1 1273 1274 1272
4582 2 2 0 1 3194 3228 2291
4583 2 2 0 1 3561 3641 3615
4584 2 2 0 1 1765 2699 1764
4585 2 2 0 1 2298 2299 2296
4586 2 2 0 1 2157 3920 2168
4587 2 2 0 1 567 3416 2308
4588 2 2 0 1 1108 1112 1111
4589 2 2 0 1 1579 1600 1580
4590 2 2 0 1 164 2691 167
4591 2 2 0 1 1740 3358 1768
4592 2 2 0 1 517 2887 857
4593 2 2 0 1 1053 3676 2785
4594 2 2 0 1 1106 1108 1107
4595 2 2 0 1 1518 1524 1523
4596 2 2 0 1 779 3757 2771
4597 2 2 0 1 1782 2907 1779
4598 2 2 0 1 188 190 189
4599 2 2 0 1 2159 3760 3256
4600 2 2 0 1 509 512 511
4601 2 2 0 1 2460 3154 2470
4602 2 2 0 1 1484 1486 1485
4603 2 2 0 1 1771 2772 1773
4604 2 2 0 1 2359 2868 2360
4605 2 2 0 1 1235 2686 1239
4606 2 2 0 1 1745 2789 1793
4607 2 2 0 1 2968 3165 324
4608 2 2 0 1 3953 3954 3168
4609 2 2 0 1 1822 1826 1824
4610 2 2 0 1 1532 1534 1533
4611 2 2 0 1 1583 1719 1584
4612 2 2 0 1 82 4087 48
4613 2 2 0 1 1420 1427 1413
4614 2 2 0 1 1379 2998 1036
4615 2 2 0 1 658 2741 2287
4616 2 2 0 1 1081 3178 3177
4617 2 2 0 1 1457 1462 1458
4618 2 2 0 1 2595 2660 1578
4619 2 2 0 1 1876 2914 2482
4620 2 2 0 1 350 351 349
4621 2 2 0 1 2708 3277 2634
4622 2 2 0 1 1746 2831 1743
4623 2 2 0 1 984 3407 3157
4624 2 2 0 1 3225 3271 2244
4625 2 2 0 1 2400 2402 2401
4626 2 2 0 1 698 2503 696
4627 2 2 0 1 2083 3241 975
4628 2 2 0 1 2022 3847 1039
4629 2 2 0 1 3825 4084 3248
4630 2 2 0 1 2692 3354 688
4631 2 2 0 1 3556 3616 3512
4632 2 2 0 1 2279 2787 1221
4633 2 2 0 1 1976 2900 1972
4634 2 2 0 1 1928 3031 1926
4635 2 2 0 1 3517 3519 3518
4636 2 2 0 1 708 709 679
4637 2 2 0 1 1591 3966 2520
4638 2 2 0 1 1573 1574 1572
4639 2 2 0 1 308 3133 2379
4640 2 2 0 1 3318 3758 3582
4641 2 2 0 1 2623 3163 2622
4642 2 2 0 1 1990 2006 2005
4643 2 2 0 1 761 763 762
4644 2 2 0 1 2284 3173 2324
4645 2 2 0 1 3071 4116 3070
4646 2 2 0 1 1738 3661 1754
4647 2 2 0 1 1574 1583 1582
4648 2 2 0 1 1010 3653 300
4649 2 2 0 1 1819 2110 2109
4650 2 2 0 1 1669 2959 1666
4651 2 2 0 1 1823 2954 2522
4652 2 2 0 1 1989 2605 1999
4653 2 2 0 1 2457 2472 2454
4654 2 2 0 1 2455 3302 2506
4655 2 2 0 1 558 560 559
4656 2 2 0 1 338 3234 181
4657 2 2 0 1 1271 2477 1220
4658 2 2 0 1 1510 1512 1511
4659 2 2 0 1 356 3400 2654
4660 2 2 0 1 954 956 955
4661 2 2 0 1 3504 3600 3494
4662 2 2 0 1 499 553 501
4663 2 2 0 1 1164 2763 1160
4664 2 2 0 1 2213 3675 2484
4665 2 2 0 1 1985 2842 1983
4666 2 2 0 1 1957 1958 1955
4667 2 2 0 1 1239 2687 1241
4668 2 2 0 1 789 791 787
4669 2 2 0 1 503 516 505
4670 2 2 0 1 1843 1844 894
4671 2 2 0 1 380 381 379
4672 2 2 0 1 2869 3164 2868
4673 2 2 0 1 1785 2907 1782
4674 2 2 0 1 2156 4037 717
4675 2 2 0 1 1465 1638 1630
4676 2 2 0 1 1330 2279 1221
4677 2 2 0 1 1667 1668 1666
4678 2 2 0 1 2568 2781 2780
4679 2 2 0 1 1384 1832 1308
4680 2 2 0 1 1492 1494 1493
4681 2 2 0 1 1022 3354 1320
4682 2 2 0 1 2366 2977 1066
4683 2 2 0 1 1751 2919 1753
4684 2 2 0 1 2534 3004 2285
4685 2 2 0 1 201 204 203
4686 2 2 0 1 2294 3803 2293
4687 2 2 0 1 1703 2240 1705
4688 2 2 0 1 2928 3925 1627
4689 2 2 0 1 2262 2263 1946
4690 2 2 0 1 2799 3228 2583
4691 2 2 0 1 1165 1167 1164
4692 2 2 0 1 541 543 542
4693 2 2 0 1 997 3676 2586
4694 2 2 0 1 1534 1536 1535
4695 2 2 0 1 2456 2559 2448
4696 2 2 0 1 3104 3126 1835
4697 2 2 0 1 581 2936 1022
4698 2 2 0 1 1494 1496 1495
4699 2 2 0 1 2227 3902 3633
4700 2 2 0 1 2500 3948 2499
4701 2 2 0 1 1294 1295 1214
4702 2 2 0 1 563 612 611
4703 2 2 0 1 2051 2052 2050
4704 2 2 0 1 53 2978 2152
4705 2 2 0 1 1453 3129 1451
4706 2 2 0 1 87 3183 10
4707 2 2 0 1 3588 3820 1365
4708 2 2 0 1 1921 2990 2428
4709 2 2 0 1 1670 1671 1669
4710 2 2 0 1 3337 4096 144
4711 2 2 0 1 2755 2756 1751
4712 2 2 0 1 928 929 927
4713 2 2 0 1 716 2441 2156
4714 2 2 0 1 3616 3648 3536
4715 2 2 0 1 1509 3971 3343
4716 2 2 0 1 1122 3948 3424
4717 2 2 0 1 1160 2763 2594
4718 2 2 0 1 516 2799 2583
4719 2 2 0 1 2331 4106 610
4720 2 2 0 1 222 2838 213
4721 2 2 0 1 1810 1814 1812
4722 2 2 0 1 1783 2706 1789
4723 2 2 0 1 1287 4082 2891
4724 2 2 0 1 3732 3956 3346
4725 2 2 0 1 1724 1726 1725
4726 2 2 0 1 2402 2899 2403
4727 2 2 0 1 453 3737 2258
4728 2 2 0 1 1464 3125 1462
4729 2 2 0 1 2521 2989 421
4730 2 2 0 1 2341 2960 1519
4731 2 2 0 1 856 3250 3008
4732 2 2 0 1 687 2148 688
4733 2 2 0 1 1218 1223 1216
4734 2 2 0 1 2390 2989 2034
4735 2 2 0 1 1042 2753 2752
4736 2 2 0 1 69 2851 84
4737 2 2 0 1 2560 3153 412
4738 2 2 0 1 3482 3589 3485
4739 2 2 0 1 1320 3354 2692
4740 2 2 0 1 3492 3590 3504
4741 2 2 0 1 3000 3703 1298
4742 2 2 0 1 3143 3245 1297
4743 2 2 0 1 1274 1276 1275
4744 2 2 0 1 3514 3538 3537
4745 2 2 0 1 1902 2598 2518
4746 2 2 0 1 747 2878 363
4747 2 2 0 1 2098 3161 2327
4748 2 2 0 1 2145 2574 2138
4749 2 2 0 1 2481 2827 1769
4750 2 2 0 1 1319 2649 2170
4751 2 2 0 1 273 274 272
4752 2 2 0 1 2576 3432 1042
4753 2 2 0 1 1273 3270 2617
4754 2 2 0 1 290 333 332
4755 2 2 0 1 2409 2411 2410
4756 2 2 0 1 2137 2673 2135
4757 2 2 0 1 1918 1919 1915
4758 2 2 0 1 3380 3381 1138
4759 2 2 0 1 1691 2864 1693
4760 2 2 0 1 404 415 414
4761 2 2 0 1 2646 3962 1812
4762 2 2 0 1 2272 3046 2352
4763 2 2 0 1 2211 2645 2209
4764 2 2 0 1 1980 2735 1982
4765 2 2 0 1 3499 3507 3500
4766 2 2 0 1 2182 2500 2499
4767 2 2 0 1 1184 2717 1181
4768 2 2 0 1 996 2923 2150
4769 2 2 0 1 3498 3509 3496
4770 2 2 0 1 2360 2361 2358
4771 2 2 0 1 1350 1383 671
4772 2 2 0 1 914 916 913
4773 2 2 0 1 1096 3192 1095
4774 2 2 0 1 1629 3308 2655
4775 2 2 0 1 372 4078 3225
4776 2 2 0 1 2455 2457 2454
4777 2 2 0 1 1606 2659 1500
4778 2 2 0 1 146 148 147
4779 2 2 0 1 3535 3565 3556
4780 2 2 0 1 3599 3608 3505
4781 2 2 0 1 909 913 908
4782 2 2 0 1 989 3148 2315
4783 2 2 0 1 211 213 210
4784 2 2 0 1 1963 1996 1965
4785 2 2 0 1 3084 3418 1863
4786 2 2 0 1 1496 1504 1503
4787 2 2 0 1 1627 2913 2912
4788 2 2 0 1 3343 3971 1521
4789 2 2 0 1 188 189 187
4790 2 2 0 1 2544 4046 1588
4791 2 2 0 1 2081 2664 2078
4792 2 2 0 1 708 711 710
4793 2 2 0 1 914 918 917
4794 2 2 0 1 1601 2514 1603
4795 2 2 0 1 119 122 121
4796 2 2 0 1 1718 1724 1723
4797 2 2 0 1 3573 4058 3630
4798 2 2 0 1 1801 2890 38
4799 2 2 0 1 2663 2839 1748
4800 2 2 0 1 1646 1653 1626
4801 2 2 0 1 2918 3189 907
4802 2 2 0 1 319 3833 2885
4803 2 2 0 1 1672 2626 1673
4804 2 2 0 1 2674 2834 794
4805 2 2 0 1 567 2997 197
4806 2 2 0 1 1341 1882 132
4807 2 2 0 1 1944 2004 1945
4808 2 2 0 1 420 4003 3112
4809 2 2 0 1 1589 1590 1550
4810 2 2 0 1 2225 2631 1992
4811 2 2 0 1 611 686 481
4812 2 2 0 1 1891 4084 3825
4813 2 2 0 1 2507 3866 2508
4814 2 2 0 1 830 878 821
4815 2 2 0 1 1022 1320 631
4816 2 2 0 1 1870 2893 1875
4817 2 2 0 1 2980 3006 139
4818 2 2 0 1 3533 3610 3501
4819 2 2 0 1 2731 3688 3258
4820 2 2 0 1 2215 4019 2788
4821 2 2 0 1 1409 2966 1399
4822 2 2 0 1 1015 1847 162
4823 2 2 0 1 2300 2690 113
4824 2 2 0 1 2648 2888 519
4825 2 2 0 1 1965 1967 1966
4826 2 2 0 1 1512 1514 1513
4827 2 2 0 1 2650 3843 723
4828 2 2 0 1 1036 2998 1499
4829 2 2 0 1 3457 3618 3461
4830 2 2 0 1 2894 3851 462
4831 2 2 0 1 2502 3231 1355
4832 2 2 0 1 2649 3421 735
4833 2 2 0 1 2289 3745 712
4834 2 2 0 1 1977 1995 1976
4835 2 2 0 1 2685 2854 1048
4836 2 2 0 1 2140 2673 2137
4837 2 2 0 1 1951 1953 1952
4838 2 2 0 1 348 349 347
4839 2 2 0 1 702 703 630
4840 2 2 0 1 1571 2988 1579
4841 2 2 0 1 1250 1251 1249
4842 2 2 0 1 1936 2721 1934
4843 2 2 0 1 2451 2476 2453
4844 2 2 0 1 2997 3075 2537
4845 2 2 0 1 1412 2236 1414
4846 2 2 0 1 3279 3409 1326
4847 2 2 0 1 1876 3258 2914
4848 2 2 0 1 3885 3955 370
4849 2 2 0 1 3636 3649 3140
4850 2 2 0 1 1324 1326 1323
4851 2 2 0 1 1965 3023 1967
4852 2 2 0 1 2535 2537 2536
4853 2 2 0 1 2053 2054 2052
4854 2 2 0 1 1236 1260 1238
4855 2 2 0 1 2382 2383 754
4856 2 2 0 1 792 3789 2318
4857 2 2 0 1 2045 2328 2047
4858 2 2 0 1 3091 3118 102
4859 2 2 0 1 2285 3004 2016
4860 2 2 0 1 2698 2970 684
4861 2 2 0 1 1721 3334 1747
4862 2 2 0 1 1112 1114 1113
4863 2 2 0 1 3052 3754 522
4864 2 2 0 1 632 2095 700
4865 2 2 0 1 243 4008 247
4866 2 2 0 1 2217 2645 2211
4867 2 2 0 1 2840 3380 1124
4868 2 2 0 1 3503 3600 3580
4869 2 2 0 1 1710 3838 2510
4870 2 2 0 1 878 2700 1887
4871 2 2 0 1 957 960 958
4872 2 2 0 1 1867 4011 3229
4873 2 2 0 1 432 3131 428
4874 2 2 0 1 1982 2862 1984
4875 2 2 0 1 2064 2303 2068
4876 2 2 0 1 2533 3882 1853
4877 2 2 0 1 2074 2075 2072
4878 2 2 0 1 2078 2664 2076
4879 2 2 0 1 611 2916 687
4880 2 2 0 1 2194 3727 2430
4881 2 2 0 1 2576 3431 153
4882 2 2 0 1 2839 3011 998
4883 2 2 0 1 267 3950 986
4884 2 2 0 1 2781 2990 2780
4885 2 2 0 1 2794 3182 722
4886 2 2 0 1 1942 1944 1943
4887 2 2 0 1 2701 3181 987
4888 2 2 0 1 2282 2941 2281
4889 2 2 0 1 823 826 824
4890 2 2 0 1 2790 3403 24
4891 2 2 0 1 3509 3611 3496
4892 2 2 0 1 1544 1546 1545
4893 2 2 0 1 1295 1296 1214
4894 2 2 0 1 1399 1400 1398
4895 2 2 0 1 2283 3173 2284
4896 2 2 0 1 2139 3415 2141
4897 2 2 0 1 2453 2455 2454
4898 2 2 0 1 512 515 513
4899 2 2 0 1 2452 2546 2450
4900 2 2 0 1 1226 3257 2737
4901 2 2 0 1 1009 1042 1007
4902 2 2 0 1 711 712 710
4903 2 2 0 1 1302 3730 2666
4904 2 2 0 1 2416 3073 2415
4905 2 2 0 1 2057 2600 2055
4906 2 2 0 1 1019 3823 806
4907 2 2 0 1 2464 2473 2463
4908 2 2 0 1 2297 2681 2382
4909 2 2 0 1 1938 2554 1941
4910 2 2 0 1 380 382 381
4911 2 2 0 1 1977 2631 1995
4912 2 2 0 1 397 3156 2904
4913 2 2 0 1 961 2746 972
4914 2 2 0 1 2924 3770 2195
4915 2 2 0 1 2342 3012 2343
4916 2 2 0 1 3498 3616 3536
4917 2 2 0 1 1788 2588 2587
4918 2 2 0 1 681 2758 654
4919 2 2 0 1 1963 2651 1996
4920 2 2 0 1 2110 3812 2920
4921 2 2 0 1 1894 3755 2822
4922 2 2 0 1 2898 3070 2440
4923 2 2 0 1 3485 3590 3484
4924 2 2 0 1 2299 2875 2296
4925 2 2 0 1 660 661 645
4926 2 2 0 1 207 208 206
4927 2 2 0 1 868 2483 1058
4928 2 2 0 1 190 3958 2028
4929 2 2 0 1 3473 3612 3562
4930 2 2 0 1 2612 3288 336
4931 2 2 0 1 2021 3268 2527
4932 2 2 0 1 1633 1634 1594
4933 2 2 0 1 2583 3194 707
4934 2 2 0 1 135 138 137
4935 2 2 0 1 2086 3060 2087
4936 2 2 0 1 3505 3608 3533
4937 2 2 0 1 1172 1204 1171
4938 2 2 0 1 2480 2849 612
4939 2 2 0 1 1590 3780 1550
4940 2 2 0 1 1268 3086 2311
4941 2 2 0 1 984 3748 3412
4942 2 2 0 1 2020 3268 2018
4943 2 2 0 1 1674 2596 1668
4944 2 2 0 1 906 2435 910
4945 2 2 0 1 1219 1330 1221
4946 2 2 0 1 1898 3045 1904
4947 2 2 0 1 160 2994 1014
4948 2 2 0 1 1260 2371 1238
4949 2 2 0 1 525 2581 523
4950 2 2 0 1 1790 2919 2756
4951 2 2 0 1 3395 3999 988
4952 2 2 0 1 1693 2864 2334
4953 2 2 0 1 2472 3195 3025
4954 2 2 0 1 1218 2477 1223
4955 2 2 0 1 271 272 270
4956 2 2 0 1 1015 2278 1847
4957 2 2 0 1 1417 1418 1416
4958 2 2 0 1 1233 2686 1235
4959 2 2 0 1 1700 1798 1699
4960 2 2 0 1 359 563 481
4961 2 2 0 1 3444 3650 1018
4962 2 2 0 1 630 2431 578
4963 2 2 0 1 577 3734 2754
4964 2 2 0 1 2384 3429 840
4965 2 2 0 1 2535 2536 1310
4966 2 2 0 1 1284 2818 1281
4967 2 2 0 1 743 3112 2390
4968 2 2 0 1 193 2997 191
4969 2 2 0 1 361 2975 2623
4970 2 2 0 1 1342 3908 1307
4971 2 2 0 1 288 290 289
4972 2 2 0 1 725 3113 2747
4973 2 2 0 1 1098 3265 3152
4974 2 2 0 1 554 555 393
4975 2 2 0 1 1425 3065 2835
4976 2 2 0 1 1931 3031 1928
4977 2 2 0 1 3146 4047 639
4978 2 2 0 1 2548 2608 1253
4979 2 2 0 1 1706 3719 3296
4980 2 2 0 1 2044 2671 2045
4981 2 2 0 1 3633 3652 2227
4982 2 2 0 1 1475 1481 1480
4983 2 2 0 1 1908 2927 2575
4984 2 2 0 1 1653 2725 2724
4985 2 2 0 1 2732 2931 1226
4986 2 2 0 1 1333 1334 1332
4987 2 2 0 1 3565 3922 3048
4988 2 2 0 1 122 124 123
4989 2 2 0 1 2301 2805 2214
4990 2 2 0 1 1996 3023 1965
4991 2 2 0 1 3359 4035 1264
4992 2 2 0 1 763 767 764
4993 2 2 0 1 1546 1552 1551
4994 2 2 0 1 1213 2606 1210
4995 2 2 0 1 2421 2422 2404
4996 2 2 0 1 35 3928 2767
4997 2 2 0 1 957 958 956
4998 2 2 0 1 3139 3965 1364
4999 2 2 0 1 1114 1116 1115
5000 2 2 0 1 2098 3199 155
5001 2 2 0 1 2209 2216 2207
5002 2 2 0 1 955 3013 953
5003 2 2 0 1 690 2159 704
5004 2 2 0 1 253 4117 3294
5005 2 2 0 1 1915 3099 1914
5006 2 2 0 1 1779 1780 1777
5007 2 2 0 1 988 3999 3018
5008 2 2 0 1 1384 2736 1832
5009 2 2 0 1 1340 3357 2198
5010 2 2 0 1 570 1011 1010
5011 2 2 0 1 2333 2843 2635
5012 2 2 0 1 819 830 821
5013 2 2 0 1 16 3886 1767
5014 2 2 0 1 3138 3139 1364
5015 2 2 0 1 3140 3649 3582
5016 2 2 0 1 2822 3755 2119
5017 2 2 0 1 627 3760 2609
5018 2 2 0 1 1473 1475 1474
5019 2 2 0 1 1411 3056 1684
5020 2 2 0 1 1261 1353 1198
5021 2 2 0 1 622 683 672
5022 2 2 0 1 2363 3131 2362
5023 2 2 0 1 1205 2117 1204
5024 2 2 0 1 3156 4123 2904
5025 2 2 0 1 3207 3937 1374
5026 2 2 0 1 1805 1807 1806
5027 2 2 0 1 2303 2304 2068
5028 2 2 0 1 2407 2420 2409
5029 2 2 0 1 329 335 334
5030 2 2 0 1 3431 3433 3272
5031 2 2 0 1 2690 3871 112
5032 2 2 0 1 796 3935 3427
5033 2 2 0 1 2806 4037 2156
5034 2 2 0 1 2037 2686 1233
5035 2 2 0 1 452 455 454
5036 2 2 0 1 2396 3095 1049
5037 2 2 0 1 1603 2514 1615
5038 2 2 0 1 2622 3163 1997
5039 2 2 0 1 2912 3029 2722
5040 2 2 0 1 2864 3663 1291
5041 2 2 0 1 3498 3536 3510
5042 2 2 0 1 2148 2692 688
5043 2 2 0 1 2780 2990 1921
5044 2 2 0 1 1664 1667 1666
5045 2 2 0 1 3499 3513 3507
5046 2 2 0 1 1709 2967 1708
5047 2 2 0 1 298 570 300
5048 2 2 0 1 1381 2968 2498
5049 2 2 0 1 560 576 575
5050 2 2 0 1 2879 3102 397
5051 2 2 0 1 661 3103 2816
5052 2 2 0 1 3833 3945 742
5053 2 2 0 1 2360 2794 2361
5054 2 2 0 1 1922 1923 1920
5055 2 2 0 1 2215 2788 2485
5056 2 2 0 1 1281 2241 1278
5057 2 2 0 1 2085 2759 2059
5058 2 2 0 1 1003 2844 2575
5059 2 2 0 1 3431 3803 2294
5060 2 2 0 1 2247 2937 5
5061 2 2 0 1 1615 1687 1616
5062 2 2 0 1 2223 2224 1992
5063 2 2 0 1 1363 3649 3636
5064 2 2 0 1 2102 3654 1366
5065 2 2 0 1 1984 1988 1986
5066 2 2 0 1 1903 2802 2598
5067 2 2 0 1 684 718 641
5068 2 2 0 1 718 1352 641
5069 2 2 0 1 684 2940 718
5070 2 2 0 1 861 3062 864
5071 2 2 0 1 1796 3345 2630
5072 2 2 0 1 1187 1189 1186
5073 2 2 0 1 1904 3045 2666
5074 2 2 0 1 2459 3195 2457
5075 2 2 0 1 1116 1118 1117
5076 2 2 0 1 3936 3939 924
5077 2 2 0 1 718 1886 1352
5078 2 2 0 1 638 671 621
5079 2 2 0 1 186 188 187
5080 2 2 0 1 1262 2926 2548
5081 2 2 0 1 90 3108 2562
5082 2 2 0 1 344 345 342
5083 2 2 0 1 3014 3865 1376
5084 2 2 0 1 1403 1405 1404
5085 2 2 0 1 2885 3833 742
5086 2 2 0 1 198 200 197
5087 2 2 0 1 1771 2819 2772
5088 2 2 0 1 2280 3388 1202
5089 2 2 0 1 1759 2831 1746
5090 2 2 0 1 2760 3766 848
5091 2 2 0 1 2004 2667 1945
5092 2 2 0 1 852 2014 807
5093 2 2 0 1 2903 3690 2344
5094 2 2 0 1 1456 3129 1453
5095 2 2 0 1 1313 1366 1314
5096 2 2 0 1 346 347 345
5097 2 2 0 1 17 2852 77
5098 2 2 0 1 1886 2795 1352
5099 2 2 0 1 1998 2833 1973
5100 2 2 0 1 3087 3210 2362
5101 2 2 0 1 2676 2811 2468
5102 2 2 0 1 3089 3093 1362
5103 2 2 0 1 1914 2565 1911
5104 2 2 0 1 708 710 709
5105 2 2 0 1 1181 2717 1183
5106 2 2 0 1 631 632 582
5107 2 2 0 1 1865 2365 1844
5108 2 2 0 1 2300 2736 2690
5109 2 2 0 1 1618 1619 1599
5110 2 2 0 1 2810 3981 1470
5111 2 2 0 1 3553 3567 3554
5112 2 2 0 1 3448 3932 3643
5113 2 2 0 1 2702 3950 264
5114 2 2 0 1 2433 3357 1340
5115 2 2 0 1 867 973 880
5116 2 2 0 1 78 3769 2552
5117 2 2 0 1 1743 1744 1742
5118 2 2 0 1 2495 3114 1608
5119 2 2 0 1 2419 2899 2402
5120 2 2 0 1 1951 1952 1950
5121 2 2 0 1 3015 3807 1916
5122 2 2 0 1 217 3957 214
5123 2 2 0 1 1168 2763 1164
5124 2 2 0 1 611 687 686
5125 2 2 0 1 2798 2979 1055
5126 2 2 0 1 1045 4065 2330
5127 2 2 0 1 1521 2873 2869
5128 2 2 0 1 1227 3907 3363
5129 2 2 0 1 1012 3434 2771
5130 2 2 0 1 1978 2833 2008
5131 2 2 0 1 1219 2782 1330
5132 2 2 0 1 2523 3828 989
5133 2 2 0 1 335 404 403
5134 2 2 0 1 269 270 268
5135 2 2 0 1 584 3137 2905
5136 2 2 0 1 1814 1816 1815
5137 2 2 0 1 1587 1598 1586
5138 2 2 0 1 3523 3621 3612
5139 2 2 0 1 2380 3418 3084
5140 2 2 0 1 2700 4026 854
5141 2 2 0 1 3687 4014 2950
5142 2 2 0 1 2908 2909 1678
5143 2 2 0 1 2400 2418 2402
5144 2 2 0 1 2246 4118 1635
5145 2 2 0 1 3272 3433 3271
5146 2 2 0 1 2403 2899 2407
5147 2 2 0 1 3911 4085 2039
5148 2 2 0 1 2724 2725 1512
5149 2 2 0 1 553 3228 2799
5150 2 2 0 1 1476 3125 1464
5151 2 2 0 1 382 384 383
5152 2 2 0 1 1163 1166 1159
5153 2 2 0 1 854 2320 845
5154 2 2 0 1 2492 3150 2166
5155 2 2 0 1 1153 2035 330
5156 2 2 0 1 1158 3297 2348
5157 2 2 0 1 1167 1168 1164
5158 2 2 0 1 2360 4053 2794
5159 2 2 0 1 1667 1674 1668
5160 2 2 0 1 2228 2726 881
5161 2 2 0 1 2218 4019 2215
5162 2 2 0 1 1330 2280 2279
5163 2 2 0 1 186 187 185
5164 2 2 0 1 2811 3975 2468
5165 2 2 0 1 1298 3748 3000
5166 2 2 0 1 2482 3753 1237
5167 2 2 0 1 2506 3692 1328
5168 2 2 0 1 2984 3336 1197
5169 2 2 0 1 113 3213 2299
5170 2 2 0 1 3248 4084 2304
5171 2 2 0 1 1605 2998 2203
5172 2 2 0 1 1846 3335 3073
5173 2 2 0 1 2119 2857 726
5174 2 2 0 1 3628 3642 3592
5175 2 2 0 1 2581 3930 523
5176 2 2 0 1 2288 3197 82
5177 2 2 0 1 2632 3977 2080
5178 2 2 0 1 1621 3111 2605
5179 2 2 0 1 1903 4116 3071
5180 2 2 0 1 3030 3995 732
5181 2 2 0 1 1807 1809 1808
5182 2 2 0 1 1183 2697 1822
5183 2 2 0 1 2173 2891 904
5184 2 2 0 1 2310 2783 2309
5185 2 2 0 1 2567 3160 2568
5186 2 2 0 1 1726 1749 1727
5187 2 2 0 1 1547 3127 1544
5188 2 2 0 1 1867 4080 4011
5189 2 2 0 1 219 2795 217
5190 2 2 0 1 3549 3652 3633
5191 2 2 0 1 2478 3949 2479
5192 2 2 0 1 644 3846 2504
5193 2 2 0 1 2462 2463 2461
5194 2 2 0 1 2434 3724 100
5195 2 2 0 1 1288 2906 873
5196 2 2 0 1 3100 3341 2578
5197 2 2 0 1 1672 3180 2626
5198 2 2 0 1 1202 3797 3042
5199 2 2 0 1 1932 1994 1931
5200 2 2 0 1 1400 1403 1402
5201 2 2 0 1 2092 3715 825
5202 2 2 0 1 3247 3284 1286
5203 2 2 0 1 919 2381 916
5204 2 2 0 1 2614 2770 539
5205 2 2 0 1 1687 2543 1616
5206 2 2 0 1 2719 3046 2270
5207 2 2 0 1 2555 3320 1692
5208 2 2 0 1 591 592 590
5209 2 2 0 1 153 3431 3272
5210 2 2 0 1 2359 2872 2869
5211 2 2 0 1 1829 3373 1815
5212 2 2 0 1 654 2758 656
5213 2 2 0 1 1274 1275 1272
5214 2 2 0 1 2033 3665 2372
5215 2 2 0 1 2999 4103 364
5216 2 2 0 1 450 452 451
5217 2 2 0 1 303 3355 2841
5218 2 2 0 1 1399 1401 1400
5219 2 2 0 1 2311 3426 1268
5220 2 2 0 1 1309 2535 1310
5221 2 2 0 1 1831 2776 2640
5222 2 2 0 1 2034 2989 2219
5223 2 2 0 1 240 2806 228
5224 2 2 0 1 2395 2705 1252
5225 2 2 0 1 1753 2920 1792
5226 2 2 0 1 254 4117 2939
5227 2 2 0 1 2318 3789 2881
5228 2 2 0 1 3324 3940 548
5229 2 2 0 1 2556 3994 1828
5230 2 2 0 1 2380 3084 937
5231 2 2 0 1 429 432 428
5232 2 2 0 1 1155 3147 1153
5233 2 2 0 1 1702 2519 1700
5234 2 2 0 1 1783 1789 1786
5235 2 2 0 1 1667 2167 1674
5236 2 2 0 1 210 636 208
5237 2 2 0 1 1975 2929 1969
5238 2 2 0 1 1949 4101 3059
5239 2 2 0 1 3536 3594 3541
5240 2 2 0 1 2125 3685 2984
5241 2 2 0 1 1873 2815 2564
5242 2 2 0 1 604 634 605
5243 2 2 0 1 1011 2779 2128
5244 2 2 0 1 2765 3113 1894
5245 2 2 0 1 2083 2671 2044
5246 2 2 0 1 1995 2009 1976
5247 2 2 0 1 2463 2804 2461
5248 2 2 0 1 4066 4111 1516
5249 2 2 0 1 3480 3630 3483
5250 2 2 0 1 601 604 603
5251 2 2 0 1 1703 2701 2240
5252 2 2 0 1 977 978 968
5253 2 2 0 1 735 4098 2525
5254 2 2 0 1 1003 2865 2844
5255 2 2 0 1 3433 4107 694
5256 2 2 0 1 1031 3390 2352
5257 2 2 0 1 91 3795 60
5258 2 2 0 1 1230 1232 1231
5259 2 2 0 1 2442 3996 1889
5260 2 2 0 1 2680 2954 1823
5261 2 2 0 1 1120 1125 1121
5262 2 2 0 1 2359 2869 2868
5263 2 2 0 1 2294 3433 3431
5264 2 2 0 1 1358 3898 3088
5265 2 2 0 1 2616 4055 1654
5266 2 2 0 1 1718 1723 1722
5267 2 2 0 1 2545 3022 1892
5268 2 2 0 1 1118 1120 1119
5269 2 2 0 1 1309 1310 683
5270 2 2 0 1 2494 3933 1738
5271 2 2 0 1 1620 1683 1619
5272 2 2 0 1 1349 2974 2509
5273 2 2 0 1 257 259 255
5274 2 2 0 1 678 707 679
5275 2 2 0 1 877 2876 846
5276 2 2 0 1 1502 3763 2562
5277 2 2 0 1 1816 1818 1817
5278 2 2 0 1 2616 4007 1556
5279 2 2 0 1 1897 2518 2516
5280 2 2 0 1 1194 1195 1192
5281 2 2 0 1 2440 2541 1905
5282 2 2 0 1 2611 3288 2612
5283 2 2 0 1 2008 2735 1980
5284 2 2 0 1 1704 2895 1702
5285 2 2 0 1 2106 2333 86
5286 2 2 0 1 107 4006 3752
5287 2 2 0 1 1845 2638 2637
5288 2 2 0 1 144 4096 3006
5289 2 2 0 1 3491 3639 3626
5290 2 2 0 1 681 3344 2758
5291 2 2 0 1 375 398 373
5292 2 2 0 1 3086 3759 2311
5293 2 2 0 1 1760 1762 1761
5294 2 2 0 1 1774 1775 1772
5295 2 2 0 1 360 2878 359
5296 2 2 0 1 3857 4017 3858
5297 2 2 0 1 3038 3039 1677
5298 2 2 0 1 2418 2419 2402
5299 2 2 0 1 1912 2844 2567
5300 2 2 0 1 1347 2704 1833
5301 2 2 0 1 267 268 266
5302 2 2 0 1 977 979 978
5303 2 2 0 1 2585 2769 2002
5304 2 2 0 1 1748 2024 2023
5305 2 2 0 1 687 2916 2308
5306 2 2 0 1 1849 3989 3019
5307 2 2 0 1 2968 3773 2498
5308 2 2 0 1 436 3087 433
5309 2 2 0 1 1729 1733 1731
5310 2 2 0 1 2396 2818 1284
5311 2 2 0 1 359 2878 563
5312 2 2 0 1 2735 2862 1982
5313 2 2 0 1 2348 3297 2836
5314 2 2 0 1 1881 3404 2165
5315 2 2 0 1 399 486 401
5316 2 2 0 1 2061 2748 2048
5317 2 2 0 1 421 3157 2521
5318 2 2 0 1 519 2649 2648
5319 2 2 0 1 1347 1833 1011
5320 2 2 0 1 106 156 104
5321 2 2 0 1 2192 2274 2268
5322 2 2 0 1 1542 3780 3175
5323 2 2 0 1 2398 3049 2400
5324 2 2 0 1 2915 3753 2482
5325 2 2 0 1 428 3131 430
5326 2 2 0 1 827 828 824
5327 2 2 0 1 2882 3027 92
5328 2 2 0 1 409 706 653
5329 2 2 0 1 2575 2844 1912
5330 2 2 0 1 3334 3383 3333
5331 2 2 0 1 3256 3760 626
5332 2 2 0 1 2064 2759 2303
5333 2 2 0 1 2796 4105 285
5334 2 2 0 1 700 2825 716
5335 2 2 0 1 1983 2842 2223
5336 2 2 0 1 3224 3740 963
5337 2 2 0 1 1083 1084 1082
5338 2 2 0 1 867 2887 973
5339 2 2 0 1 2417 3277 2414
5340 2 2 0 1 2917 2918 907
5341 2 2 0 1 3519 3521 3518
5342 2 2 0 1 666 3103 662
5343 2 2 0 1 1136 1143 1141
5344 2 2 0 1 2337 3653 2884
5345 2 2 0 1 3359 4069 1109
5346 2 2 0 1 1818 1825 1819
5347 2 2 0 1 1941 2721 1936
5348 2 2 0 1 942 3357 2433
5349 2 2 0 1 1926 3032 1924
5350 2 2 0 1 1009 3803 2576
5351 2 2 0 1 1651 1661 1652
5352 2 2 0 1 3014 3332 2388
5353 2 2 0 1 2353 2354 1785
5354 2 2 0 1 2450 2546 2456
5355 2 2 0 1 1435 1436 1433
5356 2 2 0 1 313 2611 311
5357 2 2 0 1 2654 3747 356
5358 2 2 0 1 2076 2665 2075
5359 2 2 0 1 303 3321 3162
5360 2 2 0 1 2257 2520 1683
5361 2 2 0 1 3158 3315 3159
5362 2 2 0 1 585 2340 1839
5363 2 2 0 1 1072 3695 2812
5364 2 2 0 1 1016 3858 2808
5365 2 2 0 1 2825 3232 636
5366 2 2 0 1 1644 4020 2829
5367 2 2 0 1 563 611 481
5368 2 2 0 1 2023 3736 2443
5369 2 2 0 1 1649 2817 1840
5370 2 2 0 1 3524 3621 3523
5371 2 2 0 1 2770 3924 539
5372 2 2 0 1 2967 3065 2237
5373 2 2 0 1 1986 2846 1990
5374 2 2 0 1 2893 3188 1875
5375 2 2 0 1 556 557 555
5376 2 2 0 1 1636 3411 3064
5377 2 2 0 1 82 3197 3159
5378 2 2 0 1 1987 2011 2003
5379 2 2 0 1 1225 3910 2633
5380 2 2 0 1 2055 2069 2054
5381 2 2 0 1 2677 3124 1653
5382 2 2 0 1 1779 2907 1780
5383 2 2 0 1 2467 2473 2464
5384 2 2 0 1 1125 1129 1126
5385 2 2 0 1 1066 4018 2366
5386 2 2 0 1 767 770 768
5387 2 2 0 1 1026 2538 693
5388 2 2 0 1 2642 3786 3315
5389 2 2 0 1 2050 2061 2048
5390 2 2 0 1 101 3118 1362
5391 2 2 0 1 931 934 933
5392 2 2 0 1 2765 3857 1016
5393 2 2 0 1 2374 3168 1609
5394 2 2 0 1 2431 3327 493
5395 2 2 0 1 184 186 185
5396 2 2 0 1 581 582 580
5397 2 2 0 1 2738 2885 742
5398 2 2 0 1 2358 2636 2357
5399 2 2 0 1 1769 3281 2572
5400 2 2 0 1 1648 2677 1646
5401 2 2 0 1 3045 3929 1302
5402 2 2 0 1 904 2436 2435
5403 2 2 0 1 1252 2705 1254
5404 2 2 0 1 696 2577 691
5405 2 2 0 1 1146 4031 3025
5406 2 2 0 1 852 2364 2014
5407 2 2 0 1 2913 4073 1446
5408 2 2 0 1 1431 1432 1429
5409 2 2 0 1 581 631 582
5410 2 2 0 1 1937 1997 1939
5411 2 2 0 1 2751 3994 2354
5412 2 2 0 1 860 862 861
5413 2 2 0 1 1934 3115 1932
5414 2 2 0 1 2112 3423 3262
5415 2 2 0 1 2412 2426 2417
5416 2 2 0 1 1646 2677 1653
5417 2 2 0 1 2792 3923 1688
5418 2 2 0 1 1391 3224 2169
5419 2 2 0 1 2499 3202 2181
5420 2 2 0 1 590 3735 589
5421 2 2 0 1 1443 2495 1441
5422 2 2 0 1 2411 2426 2412
5423 2 2 0 1 3091 3738 769
5424 2 2 0 1 2539 3958 212
5425 2 2 0 1 1567 2853 1576
5426 2 2 0 1 2640 3714 72
5427 2 2 0 1 466 3997 3311
5428 2 2 0 1 2232 3986 2342
5429 2 2 0 1 622 1309 683
5430 2 2 0 1 3155 3216 353
5431 2 2 0 1 3172 4040 1095
5432 2 2 0 1 422 423 419
5433 2 2 0 1 849 877 846
5434 2 2 0 1 1232 2037 1233
5435 2 2 0 1 1129 1132 1130
5436 2 2 0 1 3311 3997 467
5437 2 2 0 1 2576 3803 3431
5438 2 2 0 1 1399 2966 1401
5439 2 2 0 1 1378 3350 1057
5440 2 2 0 1 1186 1188 1184
5441 2 2 0 1 2214 2218 2215
5442 2 2 0 1 2610 3234 1866
5443 2 2 0 1 1353 2661 1198
5444 2 2 0 1 1379 2734 2429
5445 2 2 0 1 2269 3176 2267
5446 2 2 0 1 3727 4075 1395
5447 2 2 0 1 2690 2736 159
5448 2 2 0 1 2392 3895 2742
5449 2 2 0 1 417 2502 415
5450 2 2 0 1 1405 1408 1407
5451 2 2 0 1 340 2936 339
5452 2 2 0 1 3596 3965 3139
5453 2 2 0 1 2643 4070 2318
5454 2 2 0 1 3537 3601 3515
5455 2 2 0 1 2628 4047 3146
5456 2 2 0 1 842 2876 841
5457 2 2 0 1 2114 2115 695
5458 2 2 0 1 3033 3208 1548
5459 2 2 0 1 3116 3149 2439
5460 2 2 0 1 2510 3167 1613
5461 2 2 0 1 1362 3091 3090
5462 2 2 0 1 2475 3774 2676
5463 2 2 0 1 2487 2932 1539
5464 2 2 0 1 1749 1751 1750
5465 2 2 0 1 1426 1428 1424
5466 2 2 0 1 2072 3184 2071
5467 2 2 0 1 851 1325 1324
5468 2 2 0 1 1661 2678 1662
5469 2 2 0 1 770 772 771
5470 2 2 0 1 3277 3722 2634
5471 2 2 0 1 184 185 183
5472 2 2 0 1 1251 1304 1249
5473 2 2 0 1 1744 2756 2755
5474 2 2 0 1 1962 2010 1960
5475 2 2 0 1 2325 3327 2290
5476 2 2 0 1 264 266 263
5477 2 2 0 1 545 552 543
5478 2 2 0 1 2180 2183 2182
5479 2 2 0 1 814 817 816
5480 2 2 0 1 2135 2768 1497
5481 2 2 0 1 427 428 426
5482 2 2 0 1 1097 3123 2687
5483 2 2 0 1 707 3194 708
5484 2 2 0 1 209 210 208
5485 2 2 0 1 731 2817 2656
5486 2 2 0 1 1525 3775 3435
5487 2 2 0 1 497 2814 499
5488 2 2 0 1 624 625 576
5489 2 2 0 1 3485 3591 3590
5490 2 2 0 1 2844 3160 2567
5491 2 2 0 1 2389 2939 1017
5492 2 2 0 1 2485 3675 2215
5493 2 2 0 1 1856 3906 3656
5494 2 2 0 1 3549 3666 3550
5495 2 2 0 1 959 1292 955
5496 2 2 0 1 212 3958 188
5497 2 2 0 1 2832 3891 1707
5498 2 2 0 1 380 3017 382
5499 2 2 0 1 2062 2600 2057
5500 2 2 0 1 707 708 679
5501 2 2 0 1 1005 3337 1881
5502 2 2 0 1 1159 3147 1155
5503 2 2 0 1 860 1059 862
5504 2 2 0 1 1383 2222 671
5505 2 2 0 1 2099 3792 137
5506 2 2 0 1 570 1347 1011
5507 2 2 0 1 1373 3207 3010
5508 2 2 0 1 2909 3396 1505
5509 2 2 0 1 1132 1147 1133
5510 2 2 0 1 2714 3783 2709
5511 2 2 0 1 879 1060 878
5512 2 2 0 1 359 481 357
5513 2 2 0 1 2390 3112 2989
5514 2 2 0 1 1123 3302 2476
5515 2 2 0 1 2757 3934 354
5516 2 2 0 1 615 720 583
5517 2 2 0 1 550 572 547
5518 2 2 0 1 2664 2665 2076
5519 2 2 0 1 656 3764 695
5520 2 2 0 1 2328 2766 2047
5521 2 2 0 1 109 2850 106
5522 2 2 0 1 2180 2851 2183
5523 2 2 0 1 2012 2928 1952
5524 2 2 0 1 615 1027 720
5525 2 2 0 1 2853 3360 3312
5526 2 2 0 1 2263 2264 1946
5527 2 2 0 1 1960 2921 1957
5528 2 2 0 1 591 678 597
5529 2 2 0 1 1844 1845 894
5530 2 2 0 1 2088 3185 2616
5531 2 2 0 1 654 656 565
5532 2 2 0 1 93 3680 1801
5533 2 2 0 1 2840 3836 2185
5534 2 2 0 1 1794 4041 2542
5535 2 2 0 1 2598 2802 1430
5536 2 2 0 1 1891 3825 471
5537 2 2 0 1 265 3249 2702
5538 2 2 0 1 2866 4063 115
5539 2 2 0 1 2414 3277 2416
5540 2 2 0 1 493 3327 2325
5541 2 2 0 1 2518 3285 1902
5542 2 2 0 1 863 3062 861
5543 2 2 0 1 187 3026 185
5544 2 2 0 1 2861 4019 2218
5545 2 2 0 1 2866 3871 159
5546 2 2 0 1 614 640 613
5547 2 2 0 1 3206 3207 1374
5548 2 2 0 1 3522 3529 3521
5549 2 2 0 1 969 1288 873
5550 2 2 0 1 163 1893 120
5551 2 2 0 1 252 744 247
5552 2 2 0 1 262 263 261
5553 2 2 0 1 686 3016 481
5554 2 2 0 1 2209 2645 2216
5555 2 2 0 1 1758 4041 1760
5556 2 2 0 1 2391 3985 42
5557 2 2 0 1 165 2808 163
5558 2 2 0 1 2647 2740 1393
5559 2 2 0 1 573 649 572
5560 2 2 0 1 553 2799 501
5561 2 2 0 1 835 4099 834
5562 2 2 0 1 2063 3190 2062
5563 2 2 0 1 713 3370 675
5564 2 2 0 1 1325 2977 2366
5565 2 2 0 1 1256 1377 1258
5566 2 2 0 1 1199 1200 1195
5567 2 2 0 1 463 2593 455
5568 2 2 0 1 1964 3005 1962
5569 2 2 0 1 1773 2772 1788
5570 2 2 0 1 837 3389 2740
5571 2 2 0 1 1942 1949 1944
5572 2 2 0 1 431 3983 2788
5573 2 2 0 1 1328 4092 3170
5574 2 2 0 1 1695 2727 2694
5575 2 2 0 1 206 216 204
5576 2 2 0 1 2897 3335 319
5577 2 2 0 1 848 4057 2834
5578 2 2 0 1 2271 2942 2269
5579 2 2 0 1 2648 2649 1319
5580 2 2 0 1 2201 2828 2081
5581 2 2 0 1 1697 2933 2555
5582 2 2 0 1 3622 3640 3557
5583 2 2 0 1 3255 3751 1707
5584 2 2 0 1 501 2799 503
5585 2 2 0 1 2417 3722 3277
5586 2 2 0 1 486 569 568
5587 2 2 0 1 920 1229 922
5588 2 2 0 1 2945 4025 2445
5589 2 2 0 1 772 774 773
5590 2 2 0 1 2200 3343 2872
5591 2 2 0 1 965 3261 2597
5592 2 2 0 1 1042 3432 2753
5593 2 2 0 1 2253 2786 2252
5594 2 2 0 1 3247 4093 1123
5595 2 2 0 1 421 4003 3157
5596 2 2 0 1 1987 2929 2011
5597 2 2 0 1 260 261 259
5598 2 2 0 1 3632 4058 3552
5599 2 2 0 1 2009 2900 1976
5600 2 2 0 1 3562 3566 3474
5601 2 2 0 1 882 1316 874
5602 2 2 0 1 2556 2907 1785
5603 2 2 0 1 2255 3165 1380
5604 2 2 0 1 2313 2314 1874
5605 2 2 0 1 1641 2613 1713
5606 2 2 0 1 3212 4038 1455
5607 2 2 0 1 2207 2956 2206
5608 2 2 0 1 3294 4117 254
5609 2 2 0 1 872 873 852
5610 2 2 0 1 2830 3976 606
5611 2 2 0 1 435 3292 2707
5612 2 2 0 1 2468 3171 2467
5613 2 2 0 1 1079 1080 1078
5614 2 2 0 1 2542 4041 1758
5615 2 2 0 1 1437 1438 1436
5616 2 2 0 1 1810 3238 1814
5617 2 2 0 1 2865 4036 369
5618 2 2 0 1 1283 1318 1285
5619 2 2 0 1 3584 3614 3140
5620 2 2 0 1 2143 2908 2140
5621 2 2 0 1 3155 3934 355
5622 2 2 0 1 3138 3969 1363
5623 2 2 0 1 354 2896 2720
5624 2 2 0 1 607 3221 2563
5625 2 2 0 1 1188 2717 1184
5626 2 2 0 1 3121 3726 2093
5627 2 2 0 1 614 641 640
5628 2 2 0 1 2375 2888 970
5629 2 2 0 1 1753 1792 1791
5630 2 2 0 1 1995 2901 2009
5631 2 2 0 1 925 3052 2715
5632 2 2 0 1 3624 3904 2153
5633 2 2 0 1 2508 2843 2106
5634 2 2 0 1 2329 2755 1749
5635 2 2 0 1 2364 3743 1065
5636 2 2 0 1 1724 1725 1723
5637 2 2 0 1 862 863 861
5638 2 2 0 1 477 479 465
5639 2 2 0 1 2578 3101 3100
5640 2 2 0 1 1143 1150 1144
5641 2 2 0 1 2908 4110 2909
5642 2 2 0 1 339 580 332
5643 2 2 0 1 3472 3635 3469
5644 2 2 0 1 2965 4007 1585
5645 2 2 0 1 424 426 423
5646 2 2 0 1 1111 4095 3050
5647 2 2 0 1 716 2825 2441
5648 2 2 0 1 2066 3190 2063
5649 2 2 0 1 66 3927 3836
5650 2 2 0 1 836 852 807
5651 2 2 0 1 1061 1062 1060
5652 2 2 0 1 3498 3510 3509
5653 2 2 0 1 2362 3210 1356
5654 2 2 0 1 1576 1611 1577
5655 2 2 0 1 1016 2808 165
5656 2 2 0 1 1439 1440 1438
5657 2 2 0 1 2055 2600 2069
5658 2 2 0 1 2721 3115 1934
5659 2 2 0 1 1639 4110 3164
5660 2 2 0 1 1147 2902 2883
5661 2 2 0 1 3218 3243 974
5662 2 2 0 1 1790 2831 1759
5663 2 2 0 1 2224 2225 1992
5664 2 2 0 1 333 339 332
5665 2 2 0 1 384 388 385
5666 2 2 0 1 2002 3005 1964
5667 2 2 0 1 1829 3994 2751
5668 2 2 0 1 704 3404 2387
5669 2 2 0 1 873 3743 2364
5670 2 2 0 1 3483 3632 3589
5671 2 2 0 1 3517 3520 3519
5672 2 2 0 1 910 2607 909
5673 2 2 0 1 620 2803 658
5674 2 2 0 1 635 693 634
5675 2 2 0 1 1243 1270 1245
5676 2 2 0 1 738 3718 279
5677 2 2 0 1 1150 1173 1151
5678 2 2 0 1 1383 3230 3026
5679 2 2 0 1 1987 1998 1973
5680 2 2 0 1 3594 3686 2730
5681 2 2 0 1 2193 2677 1648
5682 2 2 0 1 1278 2820 1276
5683 2 2 0 1 594 600 596
5684 2 2 0 1 1795 1796 1719
5685 2 2 0 1 3154 3170 2470
5686 2 2 0 1 1700 2519 1798
5687 2 2 0 1 2612 2793 642
5688 2 2 0 1 2510 3838 94
5689 2 2 0 1 2973 3905 1127
5690 2 2 0 1 2095 2825 700
5691 2 2 0 1 3592 3642 3530
5692 2 2 0 1 2810 3913 1621
5693 2 2 0 1 2981 3691 1309
5694 2 2 0 1 3692 4092 1328
5695 2 2 0 1 2411 2931 2732
5696 2 2 0 1 543 2627 542
5697 2 2 0 1 1461 2769 2585
5698 2 2 0 1 1441 1447 1440
5699 2 2 0 1 18 3838 2852
5700 2 2 0 1 3120 3308 1629
5701 2 2 0 1 1971 2929 1987
5702 2 2 0 1 959 2036 1293
5703 2 2 0 1 2308 3416 2148
5704 2 2 0 1 2380 3385 999
5705 2 2 0 1 2686 2687 1239
5706 2 2 0 1 899 2638 2174
5707 2 2 0 1 1224 1298 1166
5708 2 2 0 1 3412 3748 1298
5709 2 2 0 1 917 2821 920
5710 2 2 0 1 564 565 479
5711 2 2 0 1 3744 3901 199
5712 2 2 0 1 2748 3060 2086
5713 2 2 0 1 1567 1576 1570
5714 2 2 0 1 1260 2615 2371
5715 2 2 0 1 1538 1548 1536
5716 2 2 0 1 1710 2510 1613
5717 2 2 0 1 1967 3023 1975
5718 2 2 0 1 2190 3698 2757
5719 2 2 0 1 585 3394 2340
5720 2 2 0 1 2909 4110 1639
5721 2 2 0 1 635 1026 693
5722 2 2 0 1 755 1358 757
5723 2 2 0 1 366 747 363
5724 2 2 0 1 1070 1071 1069
5725 2 2 0 1 3581 3758 3645
5726 2 2 0 1 2067 2071 2066
5727 2 2 0 1 1577 3061 1570
5728 2 2 0 1 182 184 183
5729 2 2 0 1 2343 3012 3011
5730 2 2 0 1 936 2380 937
5731 2 2 0 1 3026 3230 185
5732 2 2 0 1 1326 4056 1323
5733 2 2 0 1 2910 3055 154
5734 2 2 0 1 1900 1901 1899
5735 2 2 0 1 816 2871 819
5736 2 2 0 1 1071 2812 1074
5737 2 2 0 1 1586 1589 1550
5738 2 2 0 1 992 3214 1342
5739 2 2 0 1 2222 3691 2981
5740 2 2 0 1 339 581 580
5741 2 2 0 1 2354 2556 1785
5742 2 2 0 1 2029 3801 3134
5743 2 2 0 1 2215 3675 2212
5744 2 2 0 1 1705 3249 2310
5745 2 2 0 1 2627 2628 542
5746 2 2 0 1 869 3908 2893
5747 2 2 0 1 2344 3690 2345
5748 2 2 0 1 3519 3522 3521
5749 2 2 0 1 1999 2842 1985
5750 2 2 0 1 2054 3145 2052
5751 2 2 0 1 2781 3955 3015
5752 2 2 0 1 1638 3852 2307
5753 2 2 0 1 201 203 200
5754 2 2 0 1 415 561 414
5755 2 2 0 1 723 3813 441
5756 2 2 0 1 349 412 347
5757 2 2 0 1 1561 3198 1575
5758 2 2 0 1 956 959 955
5759 2 2 0 1 1173 1175 1174
5760 2 2 0 1 1751 1753 1752
5761 2 2 0 1 691 1346 646
5762 2 2 0 1 1323 4056 3814
5763 2 2 0 1 2695 3205 1329
5764 2 2 0 1 2835 3191 2040
5765 2 2 0 1 2393 3362 2425
5766 2 2 0 1 3305 3847 2022
5767 2 2 0 1 1612 1613 1577
5768 2 2 0 1 2457 3195 2472
5769 2 2 0 1 1957 2921 1958
5770 2 2 0 1 3618 4054 3461
5771 2 2 0 1 626 627 625
5772 2 2 0 1 2949 3047 2950
5773 2 2 0 1 1955 2801 1953
5774 2 2 0 1 1335 1336 1334
5775 2 2 0 1 3432 3729 149
5776 2 2 0 1 650 2337 649
5777 2 2 0 1 3545 3938 3544
5778 2 2 0 1 2881 3789 848
5779 2 2 0 1 2449 3284 2451
5780 2 2 0 1 2425 3049 2398
5781 2 2 0 1 1847 3325 2691
5782 2 2 0 1 2563 3221 2491
5783 2 2 0 1 530 2581 525
5784 2 2 0 1 1311 1312 1200
5785 2 2 0 1 1659 3136 2972
5786 2 2 0 1 1272 2841 1271
5787 2 2 0 1 1777 3002 1774
5788 2 2 0 1 856 3399 3250
5789 2 2 0 1 2397 3095 2396
5790 2 2 0 1 216 2867 204
5791 2 2 0 1 1638 2307 1630
5792 2 2 0 1 3848 3883 2925
5793 2 2 0 1 2075 3184 2072
5794 2 2 0 1 561 583 414
5795 2 2 0 1 1099 1100 1096
5796 2 2 0 1 371 397 368
5797 2 2 0 1 1012 4043 3943
5798 2 2 0 1 2316 3656 1858
5799 2 2 0 1 919 2742 2381
5800 2 2 0 1 2691 3325 167
5801 2 2 0 1 3534 3639 3535
5802 2 2 0 1 936 3385 2380
5803 2 2 0 1 1883 2980 1882
5804 2 2 0 1 499 2814 553
5805 2 2 0 1 1516 4111 2797
5806 2 2 0 1 158 2682 2681
5807 2 2 0 1 1643 3375 1322
5808 2 2 0 1 558 559 557
5809 2 2 0 1 182 183 181
5810 2 2 0 1 1422 1423 1421
5811 2 2 0 1 79 4052 2526
5812 2 2 0 1 1665 2959 2341
5813 2 2 0 1 1971 1987 1973
5814 2 2 0 1 1665 2341 2033
5815 2 2 0 1 678 679 597
5816 2 2 0 1 2252 3261 965
5817 2 2 0 1 461 613 454
5818 2 2 0 1 2675 2996 1321
5819 2 2 0 1 2786 3229 924
5820 2 2 0 1 1413 3056 1411
5821 2 2 0 1 2927 4094 408
5822 2 2 0 1 981 982 979
5823 2 2 0 1 3545 3615 3547
5824 2 2 0 1 2575 2927 1003
5825 2 2 0 1 534 639 532
5826 2 2 0 1 3173 3174 2324
5827 2 2 0 1 1637 3875 2965
5828 2 2 0 1 3460 3697 3606
5829 2 2 0 1 971 3078 3077
5830 2 2 0 1 1682 3663 1691
5831 2 2 0 1 173 175 174
5832 2 2 0 1 2114 3827 2115
5833 2 2 0 1 355 3964 3155
5834 2 2 0 1 774 776 775
5835 2 2 0 1 1548 3211 2376
5836 2 2 0 1 1118 3366 1122
5837 2 2 0 1 859 3739 518
5838 2 2 0 1 1034 2734 1379
5839 2 2 0 1 2709 3783 2710
5840 2 2 0 1 1449 1450 1445
5841 2 2 0 1 2473 2474 2463
5842 2 2 0 1 621 622 411
5843 2 2 0 1 3531 3542 3532
5844 2 2 0 1 2947 4087 2103
5845 2 2 0 1 754 2962 755
5846 2 2 0 1 2774 3292 434
5847 2 2 0 1 175 177 176
5848 2 2 0 1 958 2944 956
5849 2 2 0 1 3962 4060 1811
5850 2 2 0 1 2934 3320 2555
5851 2 2 0 1 881 2726 2483
5852 2 2 0 1 2564 2815 607
5853 2 2 0 1 793 839 795
5854 2 2 0 1 1392 4061 962
5855 2 2 0 1 3843 4015 2744
5856 2 2 0 1 2203 3180 1672
5857 2 2 0 1 2028 3745 3744
5858 2 2 0 1 1345 3430 3272
5859 2 2 0 1 561 615 583
5860 2 2 0 1 1333 4056 3409
5861 2 2 0 1 386 3227 3226
5862 2 2 0 1 2335 3860 709
5863 2 2 0 1 2045 2671 2328
5864 2 2 0 1 3673 3696 1678
5865 2 2 0 1 694 4107 558
5866 2 2 0 1 2484 3675 2485
5867 2 2 0 1 2742 3895 729
5868 2 2 0 1 1554 1555 1552
5869 2 2 0 1 2478 2479 1223
5870 2 2 0 1 810 3861 2013
5871 2 2 0 1 720 2860 1013
5872 2 2 0 1 2095 3941 2693
5873 2 2 0 1 1822 2697 1826
5874 2 2 0 1 170 173 172
5875 2 2 0 1 1937 2813 1997
5876 2 2 0 1 567 3075 2997
5877 2 2 0 1 1920 3341 1919
5878 2 2 0 1 3350 3385 1057
5879 2 2 0 1 2798 3357 942
5880 2 2 0 1 3630 4058 3483
5881 2 2 0 1 3724 3884 100
5882 2 2 0 1 2673 2768 2135
5883 2 2 0 1 2869 2872 1521
5884 2 2 0 1 541 542 536
5885 2 2 0 1 972 2944 958
5886 2 2 0 1 983 3728 3374
5887 2 2 0 1 2031 2032 1336
5888 2 2 0 1 2636 3973 2357
5889 2 2 0 1 1408 1411 1410
5890 2 2 0 1 503 2799 516
5891 2 2 0 1 1506 2486 1504
5892 2 2 0 1 3186 3664 1566
5893 2 2 0 1 2914 4089 538
5894 2 2 0 1 1649 1840 1651
5895 2 2 0 1 484 584 406
5896 2 2 0 1 1375 2654 2653
5897 2 2 0 1 2140 2908 2673
5898 2 2 0 1 2228 4065 3434
5899 2 2 0 1 1292 3013 955
5900 2 2 0 1 3280 3409 3279
5901 2 2 0 1 1281 2818 2241
5902 2 2 0 1 1748 2839 2024
5903 2 2 0 1 978 2746 968
5904 2 2 0 1 900 911 897
5905 2 2 0 1 1884 2969 2822
5906 2 2 0 1 1733 1734 1731
5907 2 2 0 1 2177 3053 398
5908 2 2 0 1 2663 3011 2839
5909 2 2 0 1 2003 2319 1998
5910 2 2 0 1 1883 3006 2980
5911 2 2 0 1 1679 1680 1671
5912 2 2 0 1 173 3338 175
5913 2 2 0 1 1455 1456 1453
5914 2 2 0 1 1599 3132 1598
5915 2 2 0 1 3590 3625 3504
5916 2 2 0 1 2453 3302 2455
5917 2 2 0 1 591 597 592
5918 2 2 0 1 1467 1476 1464
5919 2 2 0 1 895 912 892
5920 2 2 0 1 2750 3145 2995
5921 2 2 0 1 1743 2831 1744
5922 2 2 0 1 747 3102 2879
5923 2 2 0 1 2387 3405 2658
5924 2 2 0 1 585 586 515
5925 2 2 0 1 2702 3249 2240
5926 2 2 0 1 388 390 389
5927 2 2 0 1 2388 3332 2302
5928 2 2 0 1 1634 1859 1641
5929 2 2 0 1 2220 3917 2712
5930 2 2 0 1 1441 2495 1447
5931 2 2 0 1 3031 3032 1926
5932 2 2 0 1 616 617 171
5933 2 2 0 1 1941 2722 2721
5934 2 2 0 1 152 2910 150
5935 2 2 0 1 1528 1529 1526
5936 2 2 0 1 914 2607 918
5937 2 2 0 1 204 2867 203
5938 2 2 0 1 2894 3704 2258
5939 2 2 0 1 3180 4029 745
5940 2 2 0 1 2744 4015 457
5941 2 2 0 1 1488 2561 1486
5942 2 2 0 1 415 2502 561
5943 2 2 0 1 627 2609 1866
5944 2 2 0 1 1175 1265 1176
5945 2 2 0 1 776 778 777
5946 2 2 0 1 2933 2934 2555
5947 2 2 0 1 2755 3819 1744
5948 2 2 0 1 724 4090 3030
5949 2 2 0 1 786 789 787
5950 2 2 0 1 2593 3151 2698
5951 2 2 0 1 2722 3406 2912
5952 2 2 0 1 385 3796 386
5953 2 2 0 1 1619 3132 1599
5954 2 2 0 1 1276 1280 1275
5955 2 2 0 1 461 614 613
5956 2 2 0 1 1574 1581 1572
5957 2 2 0 1 1032 2734 1034
5958 2 2 0 1 2340 2582 1839
5959 2 2 0 1 1556 4055 2616
5960 2 2 0 1 604 635 634
5961 2 2 0 1 2061 2750 2749
5962 2 2 0 1 2335 3841 1026
5963 2 2 0 1 2678 3081 1662
5964 2 2 0 1 150 154 148
5965 2 2 0 1 169 170 168
5966 2 2 0 1 739 4083 3039
5967 2 2 0 1 1699 2933 1697
5968 2 2 0 1 1294 3276 1295
5969 2 2 0 1 2081 2828 2664
5970 2 2 0 1 723 3843 2744
5971 2 2 0 1 2722 2723 2721
5972 2 2 0 1 2532 2830 748
5973 2 2 0 1 3604 3613 3560
5974 2 2 0 1 237 4051 2930
5975 2 2 0 1 2834 4057 794
5976 2 2 0 1 2006 3964 2005
5977 2 2 0 1 784 786 785
5978 2 2 0 1 3517 3601 3520
5979 2 2 0 1 1229 1230 922
5980 2 2 0 1 290 332 289
5981 2 2 0 1 1420 2171 1427
5982 2 2 0 1 2559 3276 1294
5983 2 2 0 1 2407 2899 2420
5984 2 2 0 1 3665 3998 2193
5985 2 2 0 1 2570 3287 2569
5986 2 2 0 1 3536 3541 3510
5987 2 2 0 1 455 461 454
5988 2 2 0 1 1761 1790 1759
5989 2 2 0 1 1833 2779 1011
5990 2 2 0 1 1424 2599 1423
5991 2 2 0 1 114 136 111
5992 2 2 0 1 2182 3166 2500
5993 2 2 0 1 2212 3675 2213
5994 2 2 0 1 582 4102 580
5995 2 2 0 1 778 780 779
5996 2 2 0 1 2697 3076 1826
5997 2 2 0 1 2327 3353 2099
5998 2 2 0 1 1589 1593 1590
5999 2 2 0 1 3529 3623 3586
6000 2 2 0 1 1754 3661 2824
6001 2 2 0 1 2483 3008 1058
6002 2 2 0 1 597 3860 3067
6003 2 2 0 1 3770 3863 2195
6004 2 2 0 1 1451 1459 1450
6005 2 2 0 1 1900 2541 1901
6006 2 2 0 1 1484 1485 1481
6007 2 2 0 1 2277 2942 2271
6008 2 2 0 1 474 2983 2386
6009 2 2 0 1 3528 3637 3449
6010 2 2 0 1 1534 1535 1533
6011 2 2 0 1 142 145 140
6012 2 2 0 1 2827 3281 1769
6013 2 2 0 1 3090 3091 769
6014 2 2 0 1 410 621 411
6015 2 2 0 1 2975 3392 1370
6016 2 2 0 1 1063 1064 1062
6017 2 2 0 1 1228 3049 2425
6018 2 2 0 1 1744 3819 1742
6019 2 2 0 1 1734 2494 1731
6020 2 2 0 1 2472 3024 2454
6021 2 2 0 1 885 2971 882
6022 2 2 0 1 1462 1465 1458
6023 2 2 0 1 1371 3747 2654
6024 2 2 0 1 2597 3261 3260
6025 2 2 0 1 2865 3160 2844
6026 2 2 0 1 780 782 781
6027 2 2 0 1 2334 2727 1695
6028 2 2 0 1 1579 1711 1600
6029 2 2 0 1 2890 3242 2261
6030 2 2 0 1 1600 3326 1601
6031 2 2 0 1 601 3066 604
6032 2 2 0 1 2454 3024 2452
6033 2 2 0 1 789 3149 791
6034 2 2 0 1 782 784 783
6035 2 2 0 1 126 133 124
6036 2 2 0 1 2125 3853 3215
6037 2 2 0 1 2746 2760 972
6038 2 2 0 1 2274 2719 2268
6039 2 2 0 1 1350 3436 1383
6040 2 2 0 1 1516 1517 1514
6041 2 2 0 1 2865 4121 370
6042 2 2 0 1 2315 3007 981
6043 2 2 0 1 2595 3398 2660
6044 2 2 0 1 890 1297 887
6045 2 2 0 1 1418 1709 1708
6046 2 2 0 1 2149 3841 709
6047 2 2 0 1 706 3391 653
6048 2 2 0 1 2342 3986 467
6049 2 2 0 1 1313 3980 2743
6050 2 2 0 1 294 2930 298
6051 2 2 0 1 529 4030 2971
6052 2 2 0 1 872 1393 969
6053 2 2 0 1 364 2623 2622
6054 2 2 0 1 2430 3721 1396
6055 2 2 0 1 3605 3842 629
6056 2 2 0 1 835 928 927
6057 2 2 0 1 1932 3115 1994
6058 2 2 0 1 3522 3530 3529
6059 2 2 0 1 2352 3390 1038
6060 2 2 0 1 656 695 657
6061 2 2 0 1 884 4056 1333
6062 2 2 0 1 1522 2792 2486
6063 2 2 0 1 1161 3826 1156
6064 2 2 0 1 1994 2316 1931
6065 2 2 0 1 3594 3648 3048
6066 2 2 0 1 1990 2846 2006
6067 2 2 0 1 2911 2912 2368
6068 2 2 0 1 913 915 908
6069 2 2 0 1 2071 2088 2066
6070 2 2 0 1 1896 3285 1897
6071 2 2 0 1 1444 4073 2913
6072 2 2 0 1 2400 3049 2418
6073 2 2 0 1 2913 3029 2912
6074 2 2 0 1 1376 3332 3014
6075 2 2 0 1 3017 3028 988
6076 2 2 0 1 1605 2203 1672
6077 2 2 0 1 1241 3123 1243
6078 2 2 0 1 2432 2943 1258
6079 2 2 0 1 2651 2652 1996
6080 2 2 0 1 2260 3347 2096
6081 2 2 0 1 840 3429 870
6082 2 2 0 1 1457 1458 1456
6083 2 2 0 1 3376 3414 1343
6084 2 2 0 1 1190 1196 1189
6085 2 2 0 1 342 2877 340
6086 2 2 0 1 2422 2423 2404
6087 2 2 0 1 1637 2965 2665
6088 2 2 0 1 2013 3314 2958
6089 2 2 0 1 2828 2829 1637
6090 2 2 0 1 1690 3349 1679
6091 2 2 0 1 1352 3917 641
6092 2 2 0 1 2658 3006 1883
6093 2 2 0 1 2787 3270 1273
6094 2 2 0 1 3569 3588 1365
6095 2 2 0 1 620 658 619
6096 2 2 0 1 2593 2698 461
6097 2 2 0 1 3142 3143 912
6098 2 2 0 1 2696 3717 1689
6099 2 2 0 1 1760 1761 1759
6100 2 2 0 1 1532 1533 1531
6101 2 2 0 1 1544 1545 1540
6102 2 2 0 1 2404 3095 2397
6103 2 2 0 1 552 2627 543
6104 2 2 0 1 2587 3768 2589
6105 2 2 0 1 3749 3886 2108
6106 2 2 0 1 131 134 128
6107 2 2 0 1 1583 1584 1582
6108 2 2 0 1 2019 2020 2018
6109 2 2 0 1 608 4120 2845
6110 2 2 0 1 3611 3992 3609
6111 2 2 0 1 282 291 280
6112 2 2 0 1 3262 3263 2112
6113 2 2 0 1 3589 3627 3485
6114 2 2 0 1 2361 2636 2358
6115 2 2 0 1 180 182 181
6116 2 2 0 1 1722 3021 1729
6117 2 2 0 1 934 936 935
6118 2 2 0 1 1984 2862 1988
6119 2 2 0 1 1887 4044 2621
6120 2 2 0 1 1557 3034 1554
6121 2 2 0 1 1250 2608 1251
6122 2 2 0 1 2142 3133 2145
6123 2 2 0 1 2503 2577 696
6124 2 2 0 1 600 3066 601
6125 2 2 0 1 905 907 902
6126 2 2 0 1 3105 3117 1292
6127 2 2 0 1 3083 3718 738
6128 2 2 0 1 2526 3063 2131
6129 2 2 0 1 3019 3999 571
6130 2 2 0 1 1014 2994 2823
6131 2 2 0 1 2314 2662 1874
6132 2 2 0 1 2297 2875 2681
6133 2 2 0 1 1469 4016 3101
6134 2 2 0 1 1835 3126 2830
6135 2 2 0 1 1377 2432 1258
6136 2 2 0 1 3509 3992 3611
6137 2 2 0 1 608 4071 2991
6138 2 2 0 1 3018 3999 3019
6139 2 2 0 1 2103 4087 82
6140 2 2 0 1 185 3230 183
6141 2 2 0 1 404 414 403
6142 2 2 0 1 584 4123 3156
6143 2 2 0 1 2689 3891 1537
6144 2 2 0 1 2949 3443 194
6145 2 2 0 1 2516 2517 2282
6146 2 2 0 1 1613 3061 1577
6147 2 2 0 1 1417 2941 1419
6148 2 2 0 1 1417 1419 1418
6149 2 2 0 1 3629 3662 3541
6150 2 2 0 1 708 3194 711
6151 2 2 0 1 67 3927 66
6152 2 2 0 1 1530 1531 1529
6153 2 2 0 1 555 988 393
6154 2 2 0 1 632 3941 2095
6155 2 2 0 1 1536 3208 1535
6156 2 2 0 1 1216 2992 1213
6157 2 2 0 1 337 4059 274
6158 2 2 0 1 2518 2598 2041
6159 2 2 0 1 3061 3880 1570
6160 2 2 0 1 2292 3001 663
6161 2 2 0 1 645 2803 620
6162 2 2 0 1 3213 3849 110
6163 2 2 0 1 1447 1799 1440
6164 2 2 0 1 959 2944 2036
6165 2 2 0 1 2794 4053 3182
6166 2 2 0 1 2537 3075 2536
6167 2 2 0 1 2745 3808 1107
6168 2 2 0 1 2527 3268 2528
6169 2 2 0 1 2584 3775 1525
6170 2 2 0 1 1653 3124 2725
6171 2 2 0 1 837 2740 2647
6172 2 2 0 1 1993 2911 2368
6173 2 2 0 1 2750 3179 3145
6174 2 2 0 1 276 337 274
6175 2 2 0 1 3536 3648 3594
6176 2 2 0 1 292 4029 3180
6177 2 2 0 1 1593 1633 1594
6178 2 2 0 1 1908 4094 2927
6179 2 2 0 1 826 827 824
6180 2 2 0 1 540 4089 2914
6181 2 2 0 1 200 567 197
6182 2 2 0 1 1848 3709 3001
6183 2 2 0 1 2942 3176 2269
6184 2 2 0 1 1070 2311 1072
6185 2 2 0 1 2206 2956 2751
6186 2 2 0 1 2477 2478 1223
6187 2 2 0 1 1486 1655 1485
6188 2 2 0 1 1919 3099 1915
6189 2 2 0 1 2536 3408 1310
6190 2 2 0 1 2681 2875 158
6191 2 2 0 1 2426 2633 2417
6192 2 2 0 1 3054 3055 2910
6193 2 2 0 1 1403 1406 1405
6194 2 2 0 1 2028 3834 3745
6195 2 2 0 1 390 392 391
6196 2 2 0 1 1924 2558 1923
6197 2 2 0 1 2551 3856 2985
6198 2 2 0 1 1546 1551 1545
6199 2 2 0 1 3656 3657 1856
6200 2 2 0 1 115 3871 2866
6201 2 2 0 1 970 4025 2945
6202 2 2 0 1 2658 3405 144
6203 2 2 0 1 3001 3304 663
6204 2 2 0 1 3334 3876 2129
6205 2 2 0 1 790 923 866
6206 2 2 0 1 1518 1523 1517
6207 2 2 0 1 1726 1727 1725
6208 2 2 0 1 329 334 327
6209 2 2 0 1 759 765 761
6210 2 2 0 1 2127 3719 2792
6211 2 2 0 1 2960 3712 1681
6212 2 2 0 1 1447 1800 1799
6213 2 2 0 1 3215 3853 1820
6214 2 2 0 1 618 619 617
6215 2 2 0 1 588 591 590
6216 2 2 0 1 1057 3385 936
6217 2 2 0 1 1266 1267 1147
6218 2 2 0 1 1251 1349 1304
6219 2 2 0 1 2623 4101 3163
6220 2 2 0 1 1436 3201 1433
6221 2 2 0 1 1027 2860 720
6222 2 2 0 1 288 289 286
6223 2 2 0 1 180 181 179
6224 2 2 0 1 3294 3690 2903
6225 2 2 0 1 1260 3753 2915
6226 2 2 0 1 3619 3651 3472
6227 2 2 0 1 1504 1688 1503
6228 2 2 0 1 1630 1660 1482
6229 2 2 0 1 2338 2339 2217
6230 2 2 0 1 1680 1681 1671
6231 2 2 0 1 2216 2956 2207
6232 2 2 0 1 668 741 666
6233 2 2 0 1 1510 1511 1508
6234 2 2 0 1 2955 3338 1020
6235 2 2 0 1 2889 3933 2494
6236 2 2 0 1 1780 3002 1777
6237 2 2 0 1 2319 3082 1385
6238 2 2 0 1 709 3860 679
6239 2 2 0 1 4011 4080 3936
6240 2 2 0 1 1551 2376 1545
6241 2 2 0 1 2498 3914 2497
6242 2 2 0 1 382 394 384
6243 2 2 0 1 2693 3941 1320
6244 2 2 0 1 1715 2856 1611
6245 2 2 0 1 1349 2509 1304
6246 2 2 0 1 1084 1149 1086
6247 2 2 0 1 1166 1351 1159
6248 2 2 0 1 339 2936 581
6249 2 2 0 1 410 411 396
6250 2 2 0 1 923 2166 866
6251 2 2 0 1 2723 3115 2721
6252 2 2 0 1 1366 3654 2027
6253 2 2 0 1 612 3408 2916
6254 2 2 0 1 2716 4076 2870
6255 2 2 0 1 331 3765 1162
6256 2 2 0 1 507 3394 509
6257 2 2 0 1 1687 2544 2543
6258 2 2 0 1 3170 4092 1327
6259 2 2 0 1 3237 3878 2639
6260 2 2 0 1 1658 1659 1608
6261 2 2 0 1 2174 2891 2173
6262 2 2 0 1 2666 4094 1906
6263 2 2 0 1 3063 3201 1636
6264 2 2 0 1 1310 3408 2849
6265 2 2 0 1 2948 3831 1088
6266 2 2 0 1 943 1863 945
6267 2 2 0 1 2290 3993 2325
6268 2 2 0 1 1581 2988 1572
6269 2 2 0 1 2761 2762 918
6270 2 2 0 1 3174 3669 2324
6271 2 2 0 1 1122 3366 3202
6272 2 2 0 1 1147 2883 1133
6273 2 2 0 1 738 3973 2636
6274 2 2 0 1 1099 3233 2886
6275 2 2 0 1 403 974 334
6276 2 2 0 1 392 3134 399
6277 2 2 0 1 840 3109 2384
6278 2 2 0 1 2589 3768 459
6279 2 2 0 1 786 790 789
6280 2 2 0 1 89 3301 2391
6281 2 2 0 1 458 3995 3030
6282 2 2 0 1 1857 3101 2578
6283 2 2 0 1 3633 3666 3549
6284 2 2 0 1 2451 3284 2476
6285 2 2 0 1 1153 3147 2035
6286 2 2 0 1 1658 3136 1659
6287 2 2 0 1 836 2647 872
6288 2 2 0 1 119 121 116
6289 2 2 0 1 378 3028 380
6290 2 2 0 1 433 3087 432
6291 2 2 0 1 797 838 799
6292 2 2 0 1 1624 3343 2200
6293 2 2 0 1 3897 3921 1454
6294 2 2 0 1 2603 3882 2533
6295 2 2 0 1 3003 3942 1830
6296 2 2 0 1 1609 3168 2234
6297 2 2 0 1 1470 3913 2810
6298 2 2 0 1 840 870 855
6299 2 2 0 1 455 2593 461
6300 2 2 0 1 405 3820 3588
6301 2 2 0 1 3397 3400 356
6302 2 2 0 1 1846 3772 3335
6303 2 2 0 1 2476 3302 2453
6304 2 2 0 1 1535 2093 1533
6305 2 2 0 1 214 3957 221
6306 2 2 0 1 3522 3558 3530
6307 2 2 0 1 2706 2707 1789
6308 2 2 0 1 1465 1482 1458
6309 2 2 0 1 562 3087 436
6310 2 2 0 1 1874 2815 1873
6311 2 2 0 1 1209 3710 2449
6312 2 2 0 1 2546 2547 2456
6313 2 2 0 1 461 2698 614
6314 2 2 0 1 2315 3148 3062
6315 2 2 0 1 1000 1001 863
6316 2 2 0 1 653 3391 674
6317 2 2 0 1 1496 1503 1495
6318 2 2 0 1 3029 3893 2723
6319 2 2 0 1 662 3103 661
6320 2 2 0 1 3226 3227 1864
6321 2 2 0 1 1236 3753 1260
6322 2 2 0 1 3612 3621 3562
6323 2 2 0 1 124 2683 123
6324 2 2 0 1 1585 3196 2965
6325 2 2 0 1 2605 3111 1999
6326 2 2 0 1 2279 3042 2787
6327 2 2 0 1 475 2113 1394
6328 2 2 0 1 452 454 451
6329 2 2 0 1 959 1293 1292
6330 2 2 0 1 2972 4062 1659
6331 2 2 0 1 1953 2012 1952
6332 2 2 0 1 1492 1493 1490
6333 2 2 0 1 1502 2562 2561
6334 2 2 0 1 444 460 442
6335 2 2 0 1 1029 2809 1032
6336 2 2 0 1 1459 1608 1450
6337 2 2 0 1 1910 2898 2440
6338 2 2 0 1 3847 4074 1033
6339 2 2 0 1 2610 3771 179
6340 2 2 0 1 2143 4110 2908
6341 2 2 0 1 317 2611 313
6342 2 2 0 1 2234 3398 2595
6343 2 2 0 1 937 3084 939
6344 2 2 0 1 2638 2639 2174
6345 2 2 0 1 874 2993 849
6346 2 2 0 1 357 3016 351
6347 2 2 0 1 3241 3864 975
6348 2 2 0 1 1359 3414 1169
6349 2 2 0 1 2877 2936 340
6350 2 2 0 1 2382 2681 2383
6351 2 2 0 1 1132 1266 1147
6352 2 2 0 1 2031 2935 2032
6353 2 2 0 1 3511 4054 3534
6354 2 2 0 1 1719 2630 1584
6355 2 2 0 1 1795 2889 1796
6356 2 2 0 1 656 657 565
6357 2 2 0 1 1266 3223 1267
6358 2 2 0 1 2670 4044 1887
6359 2 2 0 1 2061 2749 2748
6360 2 2 0 1 2240 3249 1705
6361 2 2 0 1 2106 2843 2333
6362 2 2 0 1 1561 1575 1559
6363 2 2 0 1 1267 2902 1147
6364 2 2 0 1 1305 1306 1168
6365 2 2 0 1 830 879 878
6366 2 2 0 1 1333 1335 1334
6367 2 2 0 1 2725 3124 1515
6368 2 2 0 1 3210 3787 1356
6369 2 2 0 1 1325 2366 1324
6370 2 2 0 1 2241 2820 1278
6371 2 2 0 1 1914 2566 2565
6372 2 2 0 1 2776 3027 1792
6373 2 2 0 1 3346 3918 1498
6374 2 2 0 1 827 840 834
6375 2 2 0 1 1901 1902 1899
6376 2 2 0 1 428 430 426
6377 2 2 0 1 2353 2751 2354
6378 2 2 0 1 1201 3914 3889
6379 2 2 0 1 1988 2846 1986
6380 2 2 0 1 3870 4066 1515
6381 2 2 0 1 790 866 789
6382 2 2 0 1 3020 3186 1566
6383 2 2 0 1 3073 3335 2415
6384 2 2 0 1 1438 1636 1436
6385 2 2 0 1 841 2384 832
6386 2 2 0 1 1512 1513 1511
6387 2 2 0 1 1612 1710 1613
6388 2 2 0 1 1135 3970 3910
6389 2 2 0 1 2479 2992 1223
6390 2 2 0 1 674 3391 690
6391 2 2 0 1 591 3219 678
6392 2 2 0 1 2854 3162 1280
6393 2 2 0 1 335 403 334
6394 2 2 0 1 2026 3951 2866
6395 2 2 0 1 1473 1474 1471
6396 2 2 0 1 322 336 320
6397 2 2 0 1 3205 4021 1329
6398 2 2 0 1 1494 1495 1493
6399 2 2 0 1 3620 3790 3539
6400 2 2 0 1 3570 3634 3546
6401 2 2 0 1 3314 3715 2958
6402 2 2 0 1 1313 1314 1312
6403 2 2 0 1 2975 3010 2623
6404 2 2 0 1 2660 3269 478
6405 2 2 0 1 2316 3031 1931
6406 2 2 0 1 622 2981 1309
6407 2 2 0 1 450 451 448
6408 2 2 0 1 1315 3628 3592
6409 2 2 0 1 2558 3032 1858
6410 2 2 0 1 1433 3201 1432
6411 2 2 0 1 3659 3769 78
6412 2 2 0 1 438 562 436
6413 2 2 0 1 2910 3094 3054
6414 2 2 0 1 3012 3437 998
6415 2 2 0 1 679 3860 597
6416 2 2 0 1 3324 4004 549
6417 2 2 0 1 1804 2984 1197
6418 2 2 0 1 1535 2094 2093
6419 2 2 0 1 1899 3285 1896
6420 2 2 0 1 1465 1630 1482
6421 2 2 0 1 560 575 559
6422 2 2 0 1 825 3715 3314
6423 2 2 0 1 2769 3897 3868
6424 2 2 0 1 1688 1689 1503
6425 2 2 0 1 1459 1658 1608
6426 2 2 0 1 939 3084 943
6427 2 2 0 1 2062 2601 2600
6428 2 2 0 1 1374 3937 3014
6429 2 2 0 1 1361 3705 2255
6430 2 2 0 1 585 1839 586
6431 2 2 0 1 106 2850 156
6432 2 2 0 1 2644 4065 2228
6433 2 2 0 1 1662 3081 1664
6434 2 2 0 1 3457 3626 3618
6435 2 2 0 1 691 2577 1346
6436 2 2 0 1 2666 3730 408
6437 2 2 0 1 270 574 268
6438 2 2 0 1 2687 3123 1241
6439 2 2 0 1 2868 3164 2144
6440 2 2 0 1 3015 3885 1023
6441 2 2 0 1 1362 3118 3091
6442 2 2 0 1 1683 2487 1619
6443 2 2 0 1 2717 2953 1183
6444 2 2 0 1 1178 2116 1805
6445 2 2 0 1 2586 3676 1053
6446 2 2 0 1 879 1065 1061
6447 2 2 0 1 526 4032 3246
6448 2 2 0 1 3058 3778 2172
6449 2 2 0 1 2667 3206 2513
6450 2 2 0 1 1944 3059 2004
6451 2 2 0 1 1285 3362 2393
6452 2 2 0 1 2470 3170 2471
6453 2 2 0 1 1079 2859 2858
6454 2 2 0 1 2039 4085 1487
6455 2 2 0 1 2607 2761 918
6456 2 2 0 1 395 410 396
6457 2 2 0 1 3526 3647 3603
6458 2 2 0 1 1727 1755 1725
6459 2 2 0 1 569 3701 2905
6460 2 2 0 1 2558 2578 1923
6461 2 2 0 1 1295 2745 1296
6462 2 2 0 1 598 4113 3214
6463 2 2 0 1 2513 3206 1374
6464 2 2 0 1 1597 3349 3320
6465 2 2 0 1 470 643 472
6466 2 2 0 1 1611 1612 1577
6467 2 2 0 1 2027 3654 2848
6468 2 2 0 1 658 2287 2286
6469 2 2 0 1 854 2489 2320
6470 2 2 0 1 3143 3169 912
6471 2 2 0 1 1550 3780 1542
6472 2 2 0 1 3538 3644 3537
6473 2 2 0 1 135 137 134
6474 2 2 0 1 2619 2625 2618
6475 2 2 0 1 146 147 145
6476 2 2 0 1 2841 3321 303
6477 2 2 0 1 3047 3686 2950
6478 2 2 0 1 706 2610 2609
6479 2 2 0 1 3043 3422 2123
6480 2 2 0 1 1747 2108 1720
6481 2 2 0 1 1655 1656 1485
6482 2 2 0 1 183 3230 338
6483 2 2 0 1 2644 4106 2330
6484 2 2 0 1 2591 4100 2948
6485 2 2 0 1 345 2877 342
6486 2 2 0 1 1958 2801 1955
6487 2 2 0 1 1752 2129 1750
6488 2 2 0 1 138 2098 137
6489 2 2 0 1 1764 2826 1762
6490 2 2 0 1 1852 3344 681
6491 2 2 0 1 1429 3888 1428
6492 2 2 0 1 1080 1083 1082
6493 2 2 0 1 3615 3641 2227
6494 2 2 0 1 3617 3916 3593
6495 2 2 0 1 3593 3785 3670
6496 2 2 0 1 571 3709 3019
6497 2 2 0 1 928 1378 929
6498 2 2 0 1 649 2235 572
6499 2 2 0 1 298 2930 570
6500 2 2 0 1 682 3953 2374
6501 2 2 0 1 709 3841 2335
6502 2 2 0 1 1150 1269 1173
6503 2 2 0 1 2330 4106 2331
6504 2 2 0 1 1667 3081 2167
6505 2 2 0 1 3089 3898 3093
6506 2 2 0 1 2811 3428 2570
6507 2 2 0 1 1383 3026 2222
6508 2 2 0 1 1275 2841 1272
6509 2 2 0 1 2005 3964 2188
6510 2 2 0 1 979 2880 978
6511 2 2 0 1 1100 1124 1102
6512 2 2 0 1 2474 2804 2463
6513 2 2 0 1 1083 2807 1084
6514 2 2 0 1 1486 2561 1655
6515 2 2 0 1 301 3162 2685
6516 2 2 0 1 1373 3010 2975
6517 2 2 0 1 2008 3342 2735
6518 2 2 0 1 1229 2718 1230
6519 2 2 0 1 579 3904 3622
6520 2 2 0 1 613 4023 454
6521 2 2 0 1 1293 3105 1292
6522 2 2 0 1 3149 3150 2439
6523 2 2 0 1 2319 4088 1998
6524 2 2 0 1 2662 2815 1874
6525 2 2 0 1 1428 2599 1424
6526 2 2 0 1 369 4121 2865
6527 2 2 0 1 1125 1139 1129
6528 2 2 0 1 303 3949 2478
6529 2 2 0 1 3025 3195 1146
6530 2 2 0 1 1676 3984 1389
6531 2 2 0 1 626 3760 627
6532 2 2 0 1 648 3929 1895
6533 2 2 0 1 1382 3815 2807
6534 2 2 0 1 1328 3170 3154
6535 2 2 0 1 1809 3238 1810
6536 2 2 0 1 1504 2486 1688
6537 2 2 0 1 2626 3180 745
6538 2 2 0 1 1679 3349 1680
6539 2 2 0 1 1821 4060 2339
6540 2 2 0 1 947 2130 949
6541 2 2 0 1 2019 2097 2020
6542 2 2 0 1 1729 3021 1733
6543 2 2 0 1 2584 2797 1681
6544 2 2 0 1 3062 3148 864
6545 2 2 0 1 2337 2884 649
6546 2 2 0 1 3761 4091 3942
6547 2 2 0 1 2912 3406 2368
6548 2 2 0 1 122 123 121
6549 2 2 0 1 1475 1480 1474
6550 2 2 0 1 1442 3658 3657
6551 2 2 0 1 1589 1707 1593
6552 2 2 0 1 2508 3866 3035
6553 2 2 0 1 3835 3901 701
6554 2 2 0 1 1167 1305 1168
6555 2 2 0 1 1376 3821 3332
6556 2 2 0 1 3077 3078 2434
6557 2 2 0 1 2522 3240 425
6558 2 2 0 1 1588 3174 3173
6559 2 2 0 1 2872 3343 1521
6560 2 2 0 1 169 171 170
6561 2 2 0 1 2254 4114 2253
6562 2 2 0 1 3645 3758 3319
6563 2 2 0 1 1378 3742 929
6564 2 2 0 1 523 3930 495
6565 2 2 0 1 2763 3750 2594
6566 2 2 0 1 178 180 179
6567 2 2 0 1 3582 3649 3318
6568 2 2 0 1 1987 2003 1998
6569 2 2 0 1 956 2944 959
6570 2 2 0 1 3158 3159 2850
6571 2 2 0 1 3007 3290 982
6572 2 2 0 1 1774 3002 1775
6573 2 2 0 1 677 2952 2557
6574 2 2 0 1 2237 3128 2236
6575 2 2 0 1 2188 3698 2190
6576 2 2 0 1 3358 3678 1768
6577 2 2 0 1 3534 4054 3618
6578 2 2 0 1 2214 2805 2218
6579 2 2 0 1 1090 1137 1092
6580 2 2 0 1 1335 2031 1336
6581 2 2 0 1 782 971 784
6582 2 2 0 1 872 2647 1393
6583 2 2 0 1 3342 4088 2319
6584 2 2 0 1 741 3103 666
6585 2 2 0 1 1564 4046 2544
6586 2 2 0 1 246 3241 2083
6587 2 2 0 1 1704 4028 2895
6588 2 2 0 1 2517 2941 2282
6589 2 2 0 1 3579 3645 3538
6590 2 2 0 1 3088 3898 3089
6591 2 2 0 1 3315 3786 2103
6592 2 2 0 1 3603 3647 3540
6593 2 2 0 1 1687 3020 2544
6594 2 2 0 1 2263 2265 2264
6595 2 2 0 1 2579 3951 2026
6596 2 2 0 1 1523 1629 1596
6597 2 2 0 1 801 837 803
6598 2 2 0 1 1523 1596 1517
6599 2 2 0 1 1723 3021 1722
6600 2 2 0 1 431 4019 2861
6601 2 2 0 1 3623 3874 3446
6602 2 2 0 1 1190 3036 1196
6603 2 2 0 1 3160 3955 2568
6604 2 2 0 1 2966 2967 1401
6605 2 2 0 1 2317 3657 3656
6606 2 2 0 1 627 1866 663
6607 2 2 0 1 872 969 873
6608 2 2 0 1 1579 2988 1711
6609 2 2 0 1 1223 2992 1216
6610 2 2 0 1 2540 3723 184
6611 2 2 0 1 1868 3605 3604
6612 2 2 0 1 3905 4021 1127
6613 2 2 0 1 661 2803 645
6614 2 2 0 1 1866 2292 663
6615 2 2 0 1 918 2821 917
6616 2 2 0 1 3048 3687 3686
6617 2 2 0 1 2090 3417 2037
6618 2 2 0 1 2480 3822 2849
6619 2 2 0 1 1711 1712 1600
6620 2 2 0 1 2003 3082 2319
6621 2 2 0 1 2375 3283 1299
6622 2 2 0 1 1768 3678 2481
6623 2 2 0 1 1576 1577 1570
6624 2 2 0 1 2848 3654 1306
6625 2 2 0 1 167 3325 169
6626 2 2 0 1 3036 3037 1196
6627 2 2 0 1 2718 3298 1081
6628 2 2 0 1 870 925 855
6629 2 2 0 1 1633 2688 1634
6630 2 2 0 1 963 3740 951
6631 2 2 0 1 103 3077 2434
6632 2 2 0 1 1109 4069 3808
6633 2 2 0 1 1196 1197 1189
6634 2 2 0 1 2188 3964 3698
6635 2 2 0 1 1098 4001 3265
6636 2 2 0 1 1317 3298 2762
6637 2 2 0 1 827 834 828
6638 2 2 0 1 1118 1122 1120
6639 2 2 0 1 812 3041 814
6640 2 2 0 1 519 3421 2649
6641 2 2 0 1 512 585 515
6642 2 2 0 1 3204 3381 2186
6643 2 2 0 1 2823 2994 118
6644 2 2 0 1 1320 3941 631
6645 2 2 0 1 2080 3977 2082
6646 2 2 0 1 848 2834 2760
6647 2 2 0 1 2684 2947 2683
6648 2 2 0 1 3445 3650 3444
6649 2 2 0 1 1582 1614 1581
6650 2 2 0 1 2862 2863 1988
6651 2 2 0 1 2677 3998 3124
6652 2 2 0 1 3089 3090 765
6653 2 2 0 1 1480 2618 1474
6654 2 2 0 1 1266 3420 3223
6655 2 2 0 1 3580 3581 3579
6656 2 2 0 1 2535 3691 202
6657 2 2 0 1 1171 2337 650
6658 2 2 0 1 1531 1628 1529
6659 2 2 0 1 3188 3214 599
6660 2 2 0 1 2095 3232 2825
6661 2 2 0 1 690 2160 2159
6662 2 2 0 1 2730 3686 3047
6663 2 2 0 1 1685 3655 2503
6664 2 2 0 1 2808 3858 2946
6665 2 2 0 1 969 1303 1288
6666 2 2 0 1 1686 3694 3227
6667 2 2 0 1 1841 3294 2903
6668 2 2 0 1 1276 2820 1280
6669 2 2 0 1 545 3361 552
6670 2 2 0 1 2604 2848 1306
6671 2 2 0 1 1788 3106 2588
6672 2 2 0 1 3233 3401 1137
6673 2 2 0 1 2985 3856 2158
6674 2 2 0 1 417 3085 2502
6675 2 2 0 1 2088 3190 2066
6676 2 2 0 1 178 179 177
6677 2 2 0 1 1574 1582 1581
6678 2 2 0 1 1099 2886 1100
6679 2 2 0 1 3113 3755 1894
6680 2 2 0 1 1749 1750 1727
6681 2 2 0 1 380 3028 3017
6682 2 2 0 1 3591 3625 3590
6683 2 2 0 1 1312 1803 1200
6684 2 2 0 1 1950 3040 1993
6685 2 2 0 1 3831 4100 1137
6686 2 2 0 1 671 2981 621
6687 2 2 0 1 1104 1138 1106
6688 2 2 0 1 395 396 392
6689 2 2 0 1 1192 3036 1190
6690 2 2 0 1 515 3979 1002
6691 2 2 0 1 2098 2099 137
6692 2 2 0 1 393 3028 378
6693 2 2 0 1 1308 4109 659
6694 2 2 0 1 559 571 557
6695 2 2 0 1 2227 3652 3615
6696 2 2 0 1 1489 4085 3911
6697 2 2 0 1 3485 3627 3591
6698 2 2 0 1 2197 3655 1685
6699 2 2 0 1 1262 3323 2926
6700 2 2 0 1 2283 4097 3173
6701 2 2 0 1 757 3088 759
6702 2 2 0 1 3142 3295 1357
6703 2 2 0 1 3757 4043 1012
6704 2 2 0 1 1924 3032 2558
6705 2 2 0 1 4049 4055 1553
6706 2 2 0 1 2594 3750 1161
6707 2 2 0 1 1447 3410 1800
6708 2 2 0 1 2274 2720 2719
6709 2 2 0 1 1567 1570 1565
6710 2 2 0 1 1498 3911 2250
6711 2 2 0 1 404 3364 3000
6712 2 2 0 1 928 2122 1378
6713 2 2 0 1 1885 3827 3689
6714 2 2 0 1 2183 3166 2182
6715 2 2 0 1 1414 1421 1420
6716 2 2 0 1 615 3824 1027
6717 2 2 0 1 2565 2898 1910
6718 2 2 0 1 763 769 767
6719 2 2 0 1 1079 2858 1080
6720 2 2 0 1 2010 2921 1960
6721 2 2 0 1 1228 3907 3339
6722 2 2 0 1 1443 3114 2495
6723 2 2 0 1 2330 4065 2644
6724 2 2 0 1 163 2808 1893
6725 2 2 0 1 3584 3638 3614
6726 2 2 0 1 1792 3027 1791
6727 2 2 0 1 1591 3060 2749
6728 2 2 0 1 570 2930 1347
6729 2 2 0 1 2097 2529 2020
6730 2 2 0 1 3162 3321 1280
6731 2 2 0 1 1762 1766 1761
6732 2 2 0 1 2784 3780 1590
6733 2 2 0 1 1335 3280 2031
6734 2 2 0 1 1513 1522 1511
6735 2 2 0 1 2430 3727 3721
6736 2 2 0 1 1232 2090 2037
6737 2 2 0 1 1245 3043 2123
6738 2 2 0 1 2409 2931 2411
6739 2 2 0 1 2374 3953 3168
6740 2 2 0 1 2976 3708 2167
6741 2 2 0 1 769 3322 3090
6742 2 2 0 1 1628 3121 3120
6743 2 2 0 1 1075 3952 3878
6744 2 2 0 1 133 2684 2683
6745 2 2 0 1 1756 1797 1734
6746 2 2 0 1 2750 2995 1547
6747 2 2 0 1 3291 3659 78
6748 2 2 0 1 1112 1128 1114
6749 2 2 0 1 133 2683 124
6750 2 2 0 1 805 836 807
6751 2 2 0 1 604 3066 635
6752 2 2 0 1 1669 3712 2959
6753 2 2 0 1 1702 2895 2519
6754 2 2 0 1 1684 3053 2177
6755 2 2 0 1 658 2286 619
6756 2 2 0 1 3347 4064 250
6757 2 2 0 1 983 3912 3728
6758 2 2 0 1 1807 2553 1809
6759 2 2 0 1 2456 3275 2559
6760 2 2 0 1 2873 3971 1507
6761 2 2 0 1 2222 2981 671
6762 2 2 0 1 1480 2619 2618
6763 2 2 0 1 127 4017 1004
6764 2 2 0 1 2959 2960 2341
6765 2 2 0 1 580 4000 332
6766 2 2 0 1 3042 3270 2787
6767 2 2 0 1 252 2964 744
6768 2 2 0 1 1070 1072 1071
6769 2 2 0 1 1094 1099 1096
6770 2 2 0 1 2822 2969 130
6771 2 2 0 1 1254 3152 1256
6772 2 2 0 1 2496 3682 1359
6773 2 2 0 1 123 2642 121
6774 2 2 0 1 2069 2070 2054
6775 2 2 0 1 2833 4088 2008
6776 2 2 0 1 463 3068 2593
6777 2 2 0 1 1681 4111 2960
6778 2 2 0 1 3006 4096 139
6779 2 2 0 1 2117 3303 1204
6780 2 2 0 1 2167 3708 1674
6781 2 2 0 1 390 395 392
6782 2 2 0 1 819 2871 830
6783 2 2 0 1 879 1061 1060
6784 2 2 0 1 625 3304 576
6785 2 2 0 1 3513 3540 3507
6786 2 2 0 1 3171 3172 2467
6787 2 2 0 1 1753 1791 1752
6788 2 2 0 1 836 872 852
6789 2 2 0 1 2669 3889 2713
6790 2 2 0 1 1366 2027 1314
6791 2 2 0 1 2989 3112 421
6792 2 2 0 1 2859 3695 74
6793 2 2 0 1 3681 3773 324
6794 2 2 0 1 2722 3029 2723
6795 2 2 0 1 1513 2127 1522
6796 2 2 0 1 2846 2847 2006
6797 2 2 0 1 2958 3715 985
6798 2 2 0 1 3508 3526 3524
6799 2 2 0 1 1070 3426 2311
6800 2 2 0 1 1818 2640 1825
6801 2 2 0 1 1495 1502 1493
6802 2 2 0 1 2710 3783 3074
6803 2 2 0 1 2052 3179 2050
6804 2 2 0 1 989 3828 3148
6805 2 2 0 1 3513 3560 3540
6806 2 2 0 1 263 566 261
6807 2 2 0 1 748 3126 668
6808 2 2 0 1 1076 1079 1078
6809 2 2 0 1 1901 1903 1902
6810 2 2 0 1 3350 3386 3385
6811 2 2 0 1 1307 3908 3328
6812 2 2 0 1 2010 2922 2921
6813 2 2 0 1 3542 3544 3543
6814 2 2 0 1 1099 3401 3233
6815 2 2 0 1 1032 2809 2734
6816 2 2 0 1 399 3134 486
6817 2 2 0 1 3580 3582 3581
6818 2 2 0 1 2569 3323 1262
6819 2 2 0 1 2914 3258 540
6820 2 2 0 1 3530 3623 3529
6821 2 2 0 1 2489 2977 2320
6822 2 2 0 1 1058 3250 2791
6823 2 2 0 1 3935 3936 829
6824 2 2 0 1 1237 3753 1236
6825 2 2 0 1 1680 2584 1681
6826 2 2 0 1 1548 3208 1536
6827 2 2 0 1 2839 2894 2024
6828 2 2 0 1 1183 2953 2697
6829 2 2 0 1 1349 3728 2974
6830 2 2 0 1 610 4106 2644
6831 2 2 0 1 3030 4090 458
6832 2 2 0 1 1408 1412 1411
6833 2 2 0 1 1796 2630 1719
6834 2 2 0 1 1814 2248 1816
6835 2 2 0 1 1854 3882 2603
6836 2 2 0 1 481 3016 357
6837 2 2 0 1 904 2891 2436
6838 2 2 0 1 2098 2327 2099
6839 2 2 0 1 3265 4001 1091
6840 2 2 0 1 2596 3663 1682
6841 2 2 0 1 175 178 177
6842 2 2 0 1 621 2981 622
6843 2 2 0 1 817 2871 816
6844 2 2 0 1 2884 3653 1010
6845 2 2 0 1 1131 4095 3832
6846 2 2 0 1 627 663 625
6847 2 2 0 1 2004 3206 2667
6848 2 2 0 1 1213 2992 2606
6849 2 2 0 1 854 4026 2489
6850 2 2 0 1 876 3781 3092
6851 2 2 0 1 1401 3079 1400
6852 2 2 0 1 2325 3993 2814
6853 2 2 0 1 934 1057 936
6854 2 2 0 1 109 3158 2850
6855 2 2 0 1 408 4094 2666
6856 2 2 0 1 1859 2613 1641
6857 2 2 0 1 2305 3944 3022
6858 2 2 0 1 840 855 834
6859 2 2 0 1 770 1877 772
6860 2 2 0 1 2452 3024 2546
6861 2 2 0 1 583 3438 414
6862 2 2 0 1 3231 4119 1355
6863 2 2 0 1 907 3282 2917
6864 2 2 0 1 2926 3968 2548
6865 2 2 0 1 1414 1420 1413
6866 2 2 0 1 2628 3146 542
6867 2 2 0 1 351 3135 349
6868 2 2 0 1 3021 3069 1733
6869 2 2 0 1 409 3771 706
6870 2 2 0 1 2420 2931 2409
6871 2 2 0 1 255 2964 252
6872 2 2 0 1 1751 1752 1750
6873 2 2 0 1 925 3754 3052
6874 2 2 0 1 144 3006 2658
6875 2 2 0 1 1196 3037 1802
6876 2 2 0 1 1383 3436 3230
6877 2 2 0 1 2236 3128 1422
6878 2 2 0 1 1820 3802 3076
6879 2 2 0 1 1953 2801 2012
6880 2 2 0 1 897 3141 895
6881 2 2 0 1 1814 3238 2248
6882 2 2 0 1 178 2955 180
6883 2 2 0 1 2370 4102 2369
6884 2 2 0 1 2642 3315 136
6885 2 2 0 1 3011 3012 998
6886 2 2 0 1 1067 1070 1069
6887 2 2 0 1 717 3856 2551
6888 2 2 0 1 688 3354 2560
6889 2 2 0 1 2696 3923 73
6890 2 2 0 1 2772 3106 1788
6891 2 2 0 1 1345 4078 3430
6892 2 2 0 1 1588 4097 2544
6893 2 2 0 1 1733 1756 1734
6894 2 2 0 1 2329 3819 2755
6895 2 2 0 1 325 3218 322
6896 2 2 0 1 338 3436 2292
6897 2 2 0 1 1357 4027 4022
6898 2 2 0 1 3593 3670 1315
6899 2 2 0 1 2771 3434 1045
6900 2 2 0 1 147 157 155
6901 2 2 0 1 1004 4017 3857
6902 2 2 0 1 3526 3531 3524
6903 2 2 0 1 2243 3732 2242
6904 2 2 0 1 3553 3569 3567
6905 2 2 0 1 2486 3252 1522
6906 2 2 0 1 133 3792 2684
6907 2 2 0 1 1597 3320 2934
6908 2 2 0 1 2032 2935 1073
6909 2 2 0 1 1063 1268 1064
6910 2 2 0 1 1038 4074 3847
6911 2 2 0 1 2946 3858 125
6912 2 2 0 1 2158 4037 240
6913 2 2 0 1 1601 3326 2514
6914 2 2 0 1 902 3189 900
6915 2 2 0 1 2939 4117 251
6916 2 2 0 1 2842 3122 2223
6917 2 2 0 1 548 4004 3324
6918 2 2 0 1 1263 3878 3237
6919 2 2 0 1 3166 3818 2500
6920 2 2 0 1 924 4011 3936
6921 2 2 0 1 147 155 145
6922 2 2 0 1 2520 3966 1543
6923 2 2 0 1 2521 3407 1261
6924 2 2 0 1 576 3304 575
6925 2 2 0 1 2260 3348 3347
6926 2 2 0 1 2615 4005 3402
6927 2 2 0 1 2025 3848 2925
6928 2 2 0 1 2936 3725 1022
6929 2 2 0 1 1644 3669 3174
6930 2 2 0 1 862 1000 863
6931 2 2 0 1 882 2971 1316
6932 2 2 0 1 1343 3377 3376
6933 2 2 0 1 879 4108 1065
6934 2 2 0 1 3044 3283 2130
6935 2 2 0 1 2928 3040 1952
6936 2 2 0 1 2224 3080 2225
6937 2 2 0 1 3689 3827 2114
6938 2 2 0 1 368 3102 366
6939 2 2 0 1 1664 3081 1667
6940 2 2 0 1 1994 2317 2316
6941 2 2 0 1 2036 2674 1293
6942 2 2 0 1 200 3416 567
6943 2 2 0 1 2572 3667 733
6944 2 2 0 1 2965 3875 1558
6945 2 2 0 1 1634 2688 1859
6946 2 2 0 1 3276 3808 1295
6947 2 2 0 1 791 3116 793
6948 2 2 0 1 3526 3603 3557
6949 2 2 0 1 2712 3917 1352
6950 2 2 0 1 3569 3633 3588
6951 2 2 0 1 1445 3114 1443
6952 2 2 0 1 3346 3956 2349
6953 2 2 0 1 2309 4028 1704
6954 2 2 0 1 776 876 778
6955 2 2 0 1 1699 2963 2933
6956 2 2 0 1 2749 3060 2748
6957 2 2 0 1 569 3707 568
6958 2 2 0 1 1919 3100 3099
6959 2 2 0 1 2904 4123 2030
6960 2 2 0 1 849 2993 877
6961 2 2 0 1 138 3199 2098
6962 2 2 0 1 1267 4115 2552
6963 2 2 0 1 3925 3926 1627
6964 2 2 0 1 2917 3282 915
6965 2 2 0 1 2823 3951 2579
6966 2 2 0 1 725 3755 3113
6967 2 2 0 1 1802 1804 1197
6968 2 2 0 1 178 3338 2955
6969 2 2 0 1 2820 2854 1280
6970 2 2 0 1 3708 3756 1674
6971 2 2 0 1 655 3954 3953
6972 2 2 0 1 836 3378 2647
6973 2 2 0 1 892 3169 890
6974 2 2 0 1 2646 3373 1829
6975 2 2 0 1 1351 3147 1159
6976 2 2 0 1 1949 3059 1944
6977 2 2 0 1 1196 1802 1197
6978 2 2 0 1 1412 1414 1413
6979 2 2 0 1 2423 3095 2404
6980 2 2 0 1 3390 4074 1038
6981 2 2 0 1 1812 3373 2646
6982 2 2 0 1 920 2821 1229
6983 2 2 0 1 2588 3768 2587
6984 2 2 0 1 1798 2963 1699
6985 2 2 0 1 3434 4065 1045
6986 2 2 0 1 547 3361 545
6987 2 2 0 1 1296 2996 2675
6988 2 2 0 1 1897 3285 2518
6989 2 2 0 1 701 3047 2949
6990 2 2 0 1 382 3017 394
6991 2 2 0 1 2169 4080 1867
6992 2 2 0 1 3314 3861 811
6993 2 2 0 1 2947 3786 2683
6994 2 2 0 1 2906 3743 873
6995 2 2 0 1 465 3068 463
6996 2 2 0 1 1061 1063 1062
6997 2 2 0 1 1845 3237 2638
6998 2 2 0 1 2094 3403 2790
6999 2 2 0 1 203 3416 200
7000 2 2 0 1 2943 3963 1148
7001 2 2 0 1 2604 3377 1144
7002 2 2 0 1 1962 3005 2010
7003 2 2 0 1 1567 3360 2853
7004 2 2 0 1 981 3007 982
7005 2 2 0 1 3287 3323 2569
7006 2 2 0 1 2938 4047 1860
7007 2 2 0 1 467 3997 3437
7008 2 2 0 1 2318 4070 787
7009 2 2 0 1 1854 4072 3882
7010 2 2 0 1 1914 3099 2566
7011 2 2 0 1 3145 3179 2052
7012 2 2 0 1 2713 3914 2498
7013 2 2 0 1 3059 3207 2004
7014 2 2 0 1 832 3109 826
7015 2 2 0 1 373 3094 152
7016 2 2 0 1 1079 3660 2859
7017 2 2 0 1 929 3742 931
7018 2 2 0 1 1087 3855 3854
7019 2 2 0 1 2982 3986 2232
7020 2 2 0 1 3440 3748 984
7021 2 2 0 1 1335 3409 3280
7022 2 2 0 1 536 3146 534
7023 2 2 0 1 2129 3876 1750
7024 2 2 0 1 1379 3356 2998
7025 2 2 0 1 118 3951 2823
7026 2 2 0 1 1330 3873 2280
7027 2 2 0 1 2467 3172 2473
7028 2 2 0 1 3025 4031 1103
7029 2 2 0 1 3808 4069 1107
7030 2 2 0 1 3337 3405 1881
7031 2 2 0 1 916 3209 913
7032 2 2 0 1 3230 3436 338
7033 2 2 0 1 1742 3819 3358
7034 2 2 0 1 2245 3641 3624
7035 2 2 0 1 1084 2807 1149
7036 2 2 0 1 1305 2604 1306
7037 2 2 0 1 617 1020 171
7038 2 2 0 1 1800 3680 1799
7039 2 2 0 1 3609 3992 3563
7040 2 2 0 1 2069 2089 2070
7041 2 2 0 1 2126 2995 2070
7042 2 2 0 1 1738 3933 3661
7043 2 2 0 1 419 3085 417
7044 2 2 0 1 2660 3398 3269
7045 2 2 0 1 1400 3079 1403
7046 2 2 0 1 150 2910 154
7047 2 2 0 1 1462 3125 1465
7048 2 2 0 1 1451 3129 1459
7049 2 2 0 1 2930 4051 1347
7050 2 2 0 1 3144 4104 1714
7051 2 2 0 1 1636 3201 1436
7052 2 2 0 1 791 3149 3116
7053 2 2 0 1 184 3723 186
7054 2 2 0 1 1316 2993 874
7055 2 2 0 1 2681 2682 2383
7056 2 2 0 1 2954 3240 2522
7057 2 2 0 1 1299 3283 3044
7058 2 2 0 1 3214 4113 599
7059 2 2 0 1 2641 3788 1050
7060 2 2 0 1 1923 3341 1920
7061 2 2 0 1 866 3149 789
7062 2 2 0 1 1485 3352 1481
7063 2 2 0 1 2762 2821 918
7064 2 2 0 1 1412 1413 1411
7065 2 2 0 1 1611 2856 1612
7066 2 2 0 1 3148 3794 864
7067 2 2 0 1 3090 3322 765
7068 2 2 0 1 2860 3947 231
7069 2 2 0 1 2103 3786 2947
7070 2 2 0 1 3202 3203 2181
7071 2 2 0 1 3057 3058 157
7072 2 2 0 1 3602 3617 3520
7073 2 2 0 1 3888 4052 1428
7074 2 2 0 1 2919 2920 1753
7075 2 2 0 1 3093 3898 108
7076 2 2 0 1 649 2884 2235
7077 2 2 0 1 1806 3853 2125
7078 2 2 0 1 3017 3018 394
7079 2 2 0 1 2682 4006 108
7080 2 2 0 1 1517 3384 1514
7081 2 2 0 1 2381 3209 916
7082 2 2 0 1 3271 3433 694
7083 2 2 0 1 2089 2126 2070
7084 2 2 0 1 2911 2928 1627
7085 2 2 0 1 731 3051 2817
7086 2 2 0 1 152 3094 2910
7087 2 2 0 1 3417 3872 1097
7088 2 2 0 1 1496 3696 3673
7089 2 2 0 1 1018 3830 3444
7090 2 2 0 1 337 3883 3848
7091 2 2 0 1 1780 3942 3002
7092 2 2 0 1 1681 3712 1671
7093 2 2 0 1 453 3788 3736
7094 2 2 0 1 1060 4026 2700
7095 2 2 0 1 1072 2812 1071
7096 2 2 0 1 2863 4122 1387
7097 2 2 0 1 3059 4101 3010
7098 2 2 0 1 2504 3846 2278
7099 2 2 0 1 2383 2962 754
7100 2 2 0 1 3002 3003 1775
7101 2 2 0 1 188 3958 190
7102 2 2 0 1 827 3109 840
7103 2 2 0 1 1526 3119 1524
7104 2 2 0 1 2568 3955 2781
7105 2 2 0 1 2583 3228 3194
7106 2 2 0 1 1169 3376 1167
7107 2 2 0 1 1481 3352 1480
7108 2 2 0 1 3936 4080 829
7109 2 2 0 1 1309 3691 2535
7110 2 2 0 1 1613 3167 3061
7111 2 2 0 1 1656 3352 1485
7112 2 2 0 1 111 3158 109
7113 2 2 0 1 1151 2848 2604
7114 2 2 0 1 1538 3211 1548
7115 2 2 0 1 2184 3380 2840
7116 2 2 0 1 982 2880 979
7117 2 2 0 1 3141 3142 912
7118 2 2 0 1 3446 3874 3650
7119 2 2 0 1 974 3243 334
7120 2 2 0 1 1514 3384 1513
7121 2 2 0 1 887 3239 885
7122 2 2 0 1 2061 3179 2750
7123 2 2 0 1 366 3102 747
7124 2 2 0 1 1554 3034 1555
7125 2 2 0 1 3522 3671 3558
7126 2 2 0 1 3922 3932 3559
7127 2 2 0 1 1228 3339 3049
7128 2 2 0 1 3121 3308 3120
7129 2 2 0 1 1555 3784 1552
7130 2 2 0 1 3540 3613 3603
7131 2 2 0 1 1124 3380 3379
7132 2 2 0 1 3820 3965 1365
7133 2 2 0 1 3082 3397 356
7134 2 2 0 1 2062 3190 2601
7135 2 2 0 1 2920 3812 1792
7136 2 2 0 1 1535 3208 2094
7137 2 2 0 1 2004 3207 3206
7138 2 2 0 1 1306 3654 2102
7139 2 2 0 1 484 3137 584
7140 2 2 0 1 457 4015 2789
7141 2 2 0 1 2616 3185 1585
7142 2 2 0 1 3564 3697 3620
7143 2 2 0 1 371 3156 397
7144 2 2 0 1 2435 3262 910
7145 2 2 0 1 2223 3122 2224
7146 2 2 0 1 2849 3408 612
7147 2 2 0 1 1091 3266 3265
7148 2 2 0 1 2744 3813 723
7149 2 2 0 1 1995 3372 2901
7150 2 2 0 1 908 3282 905
7151 2 2 0 1 2101 4087 2947
7152 2 2 0 1 175 3338 178
7153 2 2 0 1 586 3219 588
7154 2 2 0 1 1203 3270 3042
7155 2 2 0 1 1543 2932 2520
7156 2 2 0 1 1629 3296 1596
7157 2 2 0 1 1175 3291 1265
7158 2 2 0 1 719 3311 2982
7159 2 2 0 1 349 3135 412
7160 2 2 0 1 1506 3252 2486
7161 2 2 0 1 2487 3132 1619
7162 2 2 0 1 1000 2643 1001
7163 2 2 0 1 2509 3688 1304
7164 2 2 0 1 2753 3432 149
7165 2 2 0 1 2449 3710 3284
7166 2 2 0 1 2538 3723 2540
7167 2 2 0 1 1828 4091 2556
7168 2 2 0 1 3184 3185 2071
7169 2 2 0 1 259 2964 255
7170 2 2 0 1 406 3156 371
7171 2 2 0 1 3300 3301 89
7172 2 2 0 1 1195 3036 1192
7173 2 2 0 1 2556 4091 3761
7174 2 2 0 1 412 3299 347
7175 2 2 0 1 2792 3719 73
7176 2 2 0 1 3287 3428 3324
7177 2 2 0 1 1540 3211 1538
7178 2 2 0 1 1012 3943 2726
7179 2 2 0 1 1952 3040 1950
7180 2 2 0 1 3053 3054 398
7181 2 2 0 1 1256 3152 1377
7182 2 2 0 1 3034 3035 1555
7183 2 2 0 1 2925 3883 278
7184 2 2 0 1 2085 3306 2759
7185 2 2 0 1 1488 3289 2561
7186 2 2 0 1 2125 3215 2953
7187 2 2 0 1 639 4047 2938
7188 2 2 0 1 157 3161 155
7189 2 2 0 1 1795 3933 2889
7190 2 2 0 1 3131 4119 430
7191 2 2 0 1 2171 3778 2266
7192 2 2 0 1 1942 3881 1949
7193 2 2 0 1 646 3137 484
7194 2 2 0 1 1891 4067 3944
7195 2 2 0 1 2808 2946 1893
7196 2 2 0 1 2544 3020 1564
7197 2 2 0 1 3946 4083 306
7198 2 2 0 1 877 3293 2876
7199 2 2 0 1 2817 3051 1840
7200 2 2 0 1 2166 3150 866
7201 2 2 0 1 2631 3372 1995
7202 2 2 0 1 817 3130 2871
7203 2 2 0 1 3601 3602 3520
7204 2 2 0 1 3068 3151 2593
7205 2 2 0 1 2938 3741 639
7206 2 2 0 1 1364 3965 3820
7207 2 2 0 1 534 3146 639
7208 2 2 0 1 755 2962 1358
7209 2 2 0 1 1403 3079 1406
7210 2 2 0 1 2011 3400 3397
7211 2 2 0 1 3324 3428 2469
7212 2 2 0 1 1156 3826 1158
7213 2 2 0 1 2879 3822 2480
7214 2 2 0 1 1001 3290 3007
7215 2 2 0 1 1446 3029 2913
7216 2 2 0 1 1721 3383 3334
7217 2 2 0 1 386 3796 3227
7218 2 2 0 1 2376 3211 1545
7219 2 2 0 1 1243 3123 1270
7220 2 2 0 1 3569 3666 3633
7221 2 2 0 1 1100 2886 1124
7222 2 2 0 1 1080 2858 1083
7223 2 2 0 1 3550 3666 3553
7224 2 2 0 1 2866 3951 118
7225 2 2 0 1 80 3836 2592
7226 2 2 0 1 396 3134 392
7227 2 2 0 1 949 3283 2375
7228 2 2 0 1 2901 3212 1460
7229 2 2 0 1 126 3200 133
7230 2 2 0 1 2561 3289 1502
7231 2 2 0 1 2926 3684 983
7232 2 2 0 1 2812 3695 2859
7233 2 2 0 1 1479 3070 2898
7234 2 2 0 1 1476 3267 2618
7235 2 2 0 1 1596 3384 1517
7236 2 2 0 1 2425 3362 1228
7237 2 2 0 1 1839 3219 586
7238 2 2 0 1 532 3741 530
7239 2 2 0 1 3944 4067 1892
7240 2 2 0 1 834 3316 835
7241 2 2 0 1 2371 3895 2392
7242 2 2 0 1 2615 3402 728
7243 2 2 0 1 353 3934 3155
7244 2 2 0 1 1993 3040 2911
7245 2 2 0 1 2801 2924 2012
7246 2 2 0 1 2520 2932 1683
7247 2 2 0 1 3587 4054 3511
7248 2 2 0 1 1467 3267 1476
7249 2 2 0 1 2070 3145 2054
7250 2 2 0 1 2036 2834 2674
7251 2 2 0 1 1844 3693 1845
7252 2 2 0 1 3051 3235 1840
7253 2 2 0 1 3129 3220 1459
7254 2 2 0 1 1998 4088 2833
7255 2 2 0 1 1606 3273 2659
7256 2 2 0 1 1767 3886 3749
7257 2 2 0 1 1881 3405 3404
7258 2 2 0 1 828 4076 2716
7259 2 2 0 1 839 3278 795
7260 2 2 0 1 3684 4004 546
7261 2 2 0 1 1628 3726 3121
7262 2 2 0 1 2624 3735 990
7263 2 2 0 1 2578 3341 1923
7264 2 2 0 1 3507 3647 3508
7265 2 2 0 1 2625 3852 1638
7266 2 2 0 1 3016 3135 351
7267 2 2 0 1 1902 3285 1899
7268 2 2 0 1 2368 3406 2554
7269 2 2 0 1 3544 3561 3545
7270 2 2 0 1 2599 4052 79
7271 2 2 0 1 2957 4034 440
7272 2 2 0 1 2659 3274 2019
7273 2 2 0 1 928 3316 2122
7274 2 2 0 1 562 3210 3087
7275 2 2 0 1 572 3361 547
7276 2 2 0 1 2647 3378 837
7277 2 2 0 1 2050 3179 2061
7278 2 2 0 1 1351 3703 3364
7279 2 2 0 1 286 3251 284
7280 2 2 0 1 327 3243 325
7281 2 2 0 1 2570 3428 3287
7282 2 2 0 1 2621 4044 831
7283 2 2 0 1 1720 3329 1715
7284 2 2 0 1 2514 3186 1615
7285 2 2 0 1 1671 3712 1669
7286 2 2 0 1 3312 3360 1712
7287 2 2 0 1 895 3141 912
7288 2 2 0 1 1268 3887 3086
7289 2 2 0 1 2759 3306 2303
7290 2 2 0 1 114 3264 136
7291 2 2 0 1 1712 3326 1600
7292 2 2 0 1 1799 3411 1440
7293 2 2 0 1 3275 3276 2559
7294 2 2 0 1 900 3189 911
7295 2 2 0 1 1355 3824 615
7296 2 2 0 1 2038 3823 1019
7297 2 2 0 1 2314 3706 2662
7298 2 2 0 1 1906 4094 1908
7299 2 2 0 1 1158 3980 3297
7300 2 2 0 1 128 3200 126
7301 2 2 0 1 795 3278 797
7302 2 2 0 1 423 3085 419
7303 2 2 0 1 2973 3900 1227
7304 2 2 0 1 530 3741 2581
7305 2 2 0 1 1226 3387 2732
7306 2 2 0 1 1459 3220 1658
7307 2 2 0 1 472 3331 475
7308 2 2 0 1 3037 3098 1802
7309 2 2 0 1 786 3699 790
7310 2 2 0 1 2024 3737 2023
7311 2 2 0 1 2665 3196 2075
7312 2 2 0 1 2679 3791 3235
7313 2 2 0 1 3868 3897 1640
7314 2 2 0 1 2071 3185 2088
7315 2 2 0 1 397 3102 368
7316 2 2 0 1 1261 3407 1353
7317 2 2 0 1 154 4033 148
7318 2 2 0 1 2785 3839 1043
7319 2 2 0 1 2093 3726 1533
7320 2 2 0 1 1359 3682 3414
7321 2 2 0 1 1372 3865 3014
7322 2 2 0 1 1683 2932 2487
7323 2 2 0 1 1296 3050 2996
7324 2 2 0 1 628 3842 3605
7325 2 2 0 1 1674 3756 2596
7326 2 2 0 1 144 3405 3337
7327 2 2 0 1 866 3150 3149
7328 2 2 0 1 3882 4072 1853
7329 2 2 0 1 479 3068 465
7330 2 2 0 1 1552 3784 1551
7331 2 2 0 1 320 3288 317
7332 2 2 0 1 1023 3807 3015
7333 2 2 0 1 3547 3652 3549
7334 2 2 0 1 1270 3043 1245
7335 2 2 0 1 1321 3829 2782
7336 2 2 0 1 140 3199 138
7337 2 2 0 1 2911 3040 2928
7338 2 2 0 1 2859 3660 2812
7339 2 2 0 1 3260 3261 1836
7340 2 2 0 1 2530 3961 3399
7341 2 2 0 1 3697 3790 3620
7342 2 2 0 1 2418 3340 2419
7343 2 2 0 1 1919 3341 3100
7344 2 2 0 1 3339 3907 1134
7345 2 2 0 1 3278 3310 838
7346 2 2 0 1 3085 3231 2502
7347 2 2 0 1 1767 3749 2882
7348 2 2 0 1 1709 3065 2967
7349 2 2 0 1 1224 3412 1298
7350 2 2 0 1 1559 3307 1557
7351 2 2 0 1 1491 3918 3346
7352 2 2 0 1 398 3094 373
7353 2 2 0 1 347 3299 345
7354 2 2 0 1 3057 4033 154
7355 2 2 0 1 2902 3769 1269
7356 2 2 0 1 2365 3693 1844
7357 2 2 0 1 2905 4123 584
7358 2 2 0 1 1022 3725 3153
7359 2 2 0 1 814 3041 817
7360 2 2 0 1 549 3323 3287
7361 2 2 0 1 1271 3355 2477
7362 2 2 0 1 988 3028 393
7363 2 2 0 1 911 3141 897
7364 2 2 0 1 1608 3114 1450
7365 2 2 0 1 1941 3406 2722
7366 2 2 0 1 793 3116 839
7367 2 2 0 1 3143 3246 3245
7368 2 2 0 1 1689 3763 1503
7369 2 2 0 1 2998 3356 2203
7370 2 2 0 1 1508 3252 1506
7371 2 2 0 1 1640 3867 2922
7372 2 2 0 1 136 3264 2642
7373 2 2 0 1 2847 3155 2006
7374 2 2 0 1 2705 3152 1254
7375 2 2 0 1 982 2881 2880
7376 2 2 0 1 1659 4062 3410
7377 2 2 0 1 2596 3756 3663
7378 2 2 0 1 1687 3186 3020
7379 2 2 0 1 2011 3397 2003
7380 2 2 0 1 2830 3126 748
7381 2 2 0 1 542 3146 536
7382 2 2 0 1 1450 3114 1445
7383 2 2 0 1 2436 3263 3262
7384 2 2 0 1 1304 3688 2731
7385 2 2 0 1 2069 3677 2089
7386 2 2 0 1 1678 3696 2768
7387 2 2 0 1 1939 3881 1942
7388 2 2 0 1 2972 3136 85
7389 2 2 0 1 1329 3905 1318
7390 2 2 0 1 3244 4118 1676
7391 2 2 0 1 943 3084 1863
7392 2 2 0 1 2187 3996 923
7393 2 2 0 1 2651 3821 2652
7394 2 2 0 1 1471 3267 1467
7395 2 2 0 1 2761 3423 2112
7396 2 2 0 1 91 3759 3086
7397 2 2 0 1 2608 3374 1251
7398 2 2 0 1 3558 3592 3530
7399 2 2 0 1 639 3741 532
7400 2 2 0 1 912 3169 892
7401 2 2 0 1 3019 3709 1848
7402 2 2 0 1 1230 3177 1232
7403 2 2 0 1 2491 3976 2532
7404 2 2 0 1 1628 3120 3119
7405 2 2 0 1 2868 4053 2360
7406 2 2 0 1 2797 4111 1681
7407 2 2 0 1 1762 2826 1766
7408 2 2 0 1 1373 3937 3207
7409 2 2 0 1 2965 3196 2665
7410 2 2 0 1 580 4102 4000
7411 2 2 0 1 3374 3968 983
7412 2 2 0 1 2581 3741 2938
7413 2 2 0 1 521 3386 3350
7414 2 2 0 1 3258 3688 540
7415 2 2 0 1 2959 3712 2960
7416 2 2 0 1 3560 3613 3540
7417 2 2 0 1 2304 4084 2305
7418 2 2 0 1 2685 3162 2854
7419 2 2 0 1 1123 4093 3692
7420 2 2 0 1 3614 3636 3140
7421 2 2 0 1 3171 3975 1148
7422 2 2 0 1 3526 3557 3531
7423 2 2 0 1 3002 3942 3003
7424 2 2 0 1 2023 3737 3736
7425 2 2 0 1 890 3169 1297
7426 2 2 0 1 1347 4051 2704
7427 2 2 0 1 2090 3879 3417
7428 2 2 0 1 982 3290 2881
7429 2 2 0 1 448 3313 446
7430 2 2 0 1 102 3724 3092
7431 2 2 0 1 2852 3222 77
7432 2 2 0 1 731 3946 3051
7433 2 2 0 1 1615 3186 1687
7434 2 2 0 1 1711 3312 1712
7435 2 2 0 1 945 3369 947
7436 2 2 0 1 1300 3240 2954
7437 2 2 0 1 2544 4097 2543
7438 2 2 0 1 2547 3275 2456
7439 2 2 0 1 2767 3928 1660
7440 2 2 0 1 907 3189 902
7441 2 2 0 1 2012 3925 2928
7442 2 2 0 1 3311 3986 2982
7443 2 2 0 1 116 3264 114
7444 2 2 0 1 2789 4015 1793
7445 2 2 0 1 690 3391 2160
7446 2 2 0 1 3227 3694 1864
7447 2 2 0 1 2250 3273 1606
7448 2 2 0 1 3233 4100 2592
7449 2 2 0 1 761 3322 763
7450 2 2 0 1 885 3239 2971
7451 2 2 0 1 915 3282 908
7452 2 2 0 1 3229 4114 1392
7453 2 2 0 1 3588 3902 405
7454 2 2 0 1 177 3771 409
7455 2 2 0 1 2577 3707 1346
7456 2 2 0 1 2895 4028 1713
7457 2 2 0 1 913 3209 915
7458 2 2 0 1 2893 3908 1342
7459 2 2 0 1 2907 3761 1780
7460 2 2 0 1 509 3394 512
7461 2 2 0 1 2477 3355 2478
7462 2 2 0 1 3035 3866 1555
7463 2 2 0 1 3832 4095 1113
7464 2 2 0 1 2554 3406 1941
7465 2 2 0 1 2225 3372 2631
7466 2 2 0 1 1292 3117 3013
7467 2 2 0 1 2876 3253 841
7468 2 2 0 1 1358 3088 757
7469 2 2 0 1 3287 3324 549
7470 2 2 0 1 3335 3772 319
7471 2 2 0 1 1557 3307 3034
7472 2 2 0 1 284 3782 282
7473 2 2 0 1 1803 4081 1200
7474 2 2 0 1 370 3160 2865
7475 2 2 0 1 571 3395 557
7476 2 2 0 1 1490 3289 1488
7477 2 2 0 1 1110 4093 3247
7478 2 2 0 1 3008 3250 1058
7479 2 2 0 1 1529 3119 1526
7480 2 2 0 1 3088 3089 765
7481 2 2 0 1 2847 3762 3216
7482 2 2 0 1 2121 3293 2837
7483 2 2 0 1 2495 3410 1447
7484 2 2 0 1 2856 3222 1612
7485 2 2 0 1 2812 3660 1074
7486 2 2 0 1 706 3771 2610
7487 2 2 0 1 3404 3405 2387
7488 2 2 0 1 2445 4025 2648
7489 2 2 0 1 1684 3056 3053
7490 2 2 0 1 2436 3262 2435
7491 2 2 0 1 3422 4001 1098
7492 2 2 0 1 663 3304 625
7493 2 2 0 1 2745 3050 1296
7494 2 2 0 1 1994 4012 2317
7495 2 2 0 1 1169 3414 3376
7496 2 2 0 1 2888 4025 970
7497 2 2 0 1 3025 3413 1264
7498 2 2 0 1 2995 3145 2070
7499 2 2 0 1 2829 4020 1560
7500 2 2 0 1 3942 4091 1830
7501 2 2 0 1 3010 4101 2623
7502 2 2 0 1 798 3939 3936
7503 2 2 0 1 1142 3722 2633
7504 2 2 0 1 1733 3069 1756
7505 2 2 0 1 282 3782 291
7506 2 2 0 1 2111 3821 2651
7507 2 2 0 1 3000 3748 416
7508 2 2 0 1 2543 4097 2283
7509 2 2 0 1 136 3158 111
7510 2 2 0 1 2532 3976 2830
7511 2 2 0 1 2341 3439 2033
7512 2 2 0 1 3074 3783 1021
7513 2 2 0 1 835 3316 928
7514 2 2 0 1 3159 3197 2850
7515 2 2 0 1 1297 3239 887
7516 2 2 0 1 2654 3400 2653
7517 2 2 0 1 584 3156 406
7518 2 2 0 1 2769 3868 2002
7519 2 2 0 1 2782 3873 1330
7520 2 2 0 1 1466 3799 3798
7521 2 2 0 1 2697 3215 3076
7522 2 2 0 1 1103 3413 3025
7523 2 2 0 1 794 3817 2674
7524 2 2 0 1 1563 3880 3198
7525 2 2 0 1 1803 3098 3037
7526 2 2 0 1 2791 3250 1059
7527 2 2 0 1 631 3941 632
7528 2 2 0 1 1558 4007 2965
7529 2 2 0 1 2730 3674 3629
7530 2 2 0 1 905 3282 907
7531 2 2 0 1 2075 3196 3184
7532 2 2 0 1 759 3088 765
7533 2 2 0 1 588 3219 591
7534 2 2 0 1 3602 3916 3617
7535 2 2 0 1 2560 3354 3153
7536 2 2 0 1 4000 4102 2370
7537 2 2 0 1 1132 3419 1266
7538 2 2 0 1 1102 3379 1104
7539 2 2 0 1 2777 3989 1849
7540 2 2 0 1 3157 3440 984
7541 2 2 0 1 1109 3808 3276
7542 2 2 0 1 2638 3237 2639
7543 2 2 0 1 362 4103 2999
7544 2 2 0 1 1346 3137 646
7545 2 2 0 1 3460 3790 3697
7546 2 2 0 1 1589 3255 1707
7547 2 2 0 1 3213 3752 158
7548 2 2 0 1 785 4070 2643
7549 2 2 0 1 3643 3932 3585
7550 2 2 0 1 3483 4058 3632
7551 2 2 0 1 2363 4119 3131
7552 2 2 0 1 3443 3444 195
7553 2 2 0 1 1088 3831 1090
7554 2 2 0 1 3642 3874 3623
7555 2 2 0 1 3581 3645 3579
7556 2 2 0 1 1519 3870 3439
7557 2 2 0 1 3698 3964 355
7558 2 2 0 1 2873 3396 1639
7559 2 2 0 1 668 3126 741
7560 2 2 0 1 2735 4122 2862
7561 2 2 0 1 3439 3665 2033
7562 2 2 0 1 179 3771 177
7563 2 2 0 1 1004 3857 2765
7564 2 2 0 1 1612 3222 1710
7565 2 2 0 1 3419 3420 1266
7566 2 2 0 1 324 3773 2968
7567 2 2 0 1 3306 3393 1890
7568 2 2 0 1 651 4092 3692
7569 2 2 0 1 1251 3374 1349
7570 2 2 0 1 3538 3645 3644
7571 2 2 0 1 1710 3222 2852
7572 2 2 0 1 1269 3769 3659
7573 2 2 0 1 2618 3267 1474
7574 2 2 0 1 2019 3274 2097
7575 2 2 0 1 1137 4100 3233
7576 2 2 0 1 3136 3928 85
7577 2 2 0 1 3430 3729 153
7578 2 2 0 1 2953 3685 2125
7579 2 2 0 1 931 3742 934
7580 2 2 0 1 3342 4122 2735
7581 2 2 0 1 2607 3423 2761
7582 2 2 0 1 1996 3720 3023
7583 2 2 0 1 3246 4022 526
7584 2 2 0 1 1545 3211 1540
7585 2 2 0 1 552 3683 2627
7586 2 2 0 1 1999 3330 2842
7587 2 2 0 1 2633 3722 2417
7588 2 2 0 1 322 3218 336
7589 2 2 0 1 1997 3881 1939
7590 2 2 0 1 3963 4040 1148
7591 2 2 0 1 2758 3764 656
7592 2 2 0 1 1333 3409 1335
7593 2 2 0 1 3409 4056 1326
7594 2 2 0 1 1598 3255 1586
7595 2 2 0 1 2718 3177 1230
7596 2 2 0 1 1318 3363 1285
7597 2 2 0 1 641 3917 640
7598 2 2 0 1 2228 3434 2726
7599 2 2 0 1 2002 3868 3005
7600 2 2 0 1 799 3389 801
7601 2 2 0 1 3561 3615 3545
7602 2 2 0 1 803 3378 805
7603 2 2 0 1 838 3389 799
7604 2 2 0 1 557 3395 555
7605 2 2 0 1 562 3787 3210
7606 2 2 0 1 1715 3329 2856
7607 2 2 0 1 1268 3426 1064
7608 2 2 0 1 3944 4084 1891
7609 2 2 0 1 826 3109 827
7610 2 2 0 1 1092 3401 1094
7611 2 2 0 1 1097 3854 3123
7612 2 2 0 1 1186 3336 1188
7613 2 2 0 1 1901 4116 1903
7614 2 2 0 1 1522 3252 1511
7615 2 2 0 1 3713 3891 2689
7616 2 2 0 1 2085 3393 3306
7617 2 2 0 1 2235 3361 572
7618 2 2 0 1 1002 3979 2991
7619 2 2 0 1 3631 3662 2729
7620 2 2 0 1 345 3299 2877
7621 2 2 0 1 2113 3764 1394
7622 2 2 0 1 3854 3872 1087
7623 2 2 0 1 1628 3119 1529
7624 2 2 0 1 2862 4122 2863
7625 2 2 0 1 3359 3413 1105
7626 2 2 0 1 285 4079 2796
7627 2 2 0 1 2253 4114 3229
7628 2 2 0 1 289 3251 286
7629 2 2 0 1 2642 3264 121
7630 2 2 0 1 1377 3266 2432
7631 2 2 0 1 1432 3888 1429
7632 2 2 0 1 1845 3693 3237
7633 2 2 0 1 276 3883 337
7634 2 2 0 1 1480 3352 2619
7635 2 2 0 1 2796 4079 721
7636 2 2 0 1 2996 3829 1321
7637 2 2 0 1 3721 3727 1395
7638 2 2 0 1 1423 3301 1421
7639 2 2 0 1 475 3331 2113
7640 2 2 0 1 2261 3242 2972
7641 2 2 0 1 444 4039 460
7642 2 2 0 1 1513 3384 2127
7643 2 2 0 1 3049 3339 2418
7644 2 2 0 1 3617 3671 3520
7645 2 2 0 1 3221 3976 2491
7646 2 2 0 1 3157 4003 418
7647 2 2 0 1 1197 3336 1189
7648 2 2 0 1 3152 3265 1377
7649 2 2 0 1 1586 3255 1589
7650 2 2 0 1 3662 3767 2729
7651 2 2 0 1 2473 3192 2474
7652 2 2 0 1 2953 3215 2697
7653 2 2 0 1 2384 3109 832
7654 2 2 0 1 314 3945 3833
7655 2 2 0 1 855 3316 834
7656 2 2 0 1 3374 3728 1349
7657 2 2 0 1 145 3199 140
7658 2 2 0 1 2788 4019 431
7659 2 2 0 1 3629 3674 2728
7660 2 2 0 1 1189 3336 1186
7661 2 2 0 1 1064 3426 1067
7662 2 2 0 1 81 3308 3121
7663 2 2 0 1 643 3331 472
7664 2 2 0 1 2995 3127 1547
7665 2 2 0 1 3857 3858 1016
7666 2 2 0 1 2027 3711 1314
7667 2 2 0 1 134 3200 128
7668 2 2 0 1 1420 3300 2171
7669 2 2 0 1 1125 3424 1139
7670 2 2 0 1 3054 3094 398
7671 2 2 0 1 317 3288 2611
7672 2 2 0 1 1275 3321 2841
7673 2 2 0 1 797 3278 838
7674 2 2 0 1 395 3679 410
7675 2 2 0 1 3139 3636 3614
7676 2 2 0 1 1520 3998 3665
7677 2 2 0 1 3177 3178 2090
7678 2 2 0 1 1203 4021 3205
7679 2 2 0 1 1502 3289 1493
7680 2 2 0 1 1498 3918 3911
7681 2 2 0 1 334 3243 327
7682 2 2 0 1 3364 3703 3000
7683 2 2 0 1 3519 3671 3522
7684 2 2 0 1 1393 3441 969
7685 2 2 0 1 2845 4071 608
7686 2 2 0 1 1129 3419 1132
7687 2 2 0 1 1120 3424 1125
7688 2 2 0 1 3558 3671 3617
7689 2 2 0 1 2468 3975 3171
7690 2 2 0 1 3689 3845 1885
7691 2 2 0 1 1440 3411 1438
7692 2 2 0 1 2648 4025 2888
7693 2 2 0 1 910 3423 2607
7694 2 2 0 1 3615 3652 3547
7695 2 2 0 1 1074 3660 1076
7696 2 2 0 1 3111 3330 1999
7697 2 2 0 1 2108 3329 1720
7698 2 2 0 1 1134 3340 3339
7699 2 2 0 1 1085 3872 3417
7700 2 2 0 1 2777 3679 395
7701 2 2 0 1 2841 3355 1271
7702 2 2 0 1 468 3844 470
7703 2 2 0 1 1049 3776 2818
7704 2 2 0 1 3253 3293 2121
7705 2 2 0 1 1421 3300 1420
7706 2 2 0 1 2771 3757 1012
7707 2 2 0 1 1555 3866 3784
7708 2 2 0 1 1575 3307 1559
7709 2 2 0 1 112 3849 2690
7710 2 2 0 1 2548 3968 2608
7711 2 2 0 1 1565 3880 1563
7712 2 2 0 1 278 3883 276
7713 2 2 0 1 147 4033 157
7714 2 2 0 1 2746 3766 2760
7715 2 2 0 1 3172 3192 2473
7716 2 2 0 1 1293 3427 3105
7717 2 2 0 1 1232 3177 2090
7718 2 2 0 1 148 4033 147
7719 2 2 0 1 1498 3732 3346
7720 2 2 0 1 370 3955 3160
7721 2 2 0 1 2600 3677 2069
7722 2 2 0 1 2974 3728 544
7723 2 2 0 1 1093 4040 3963
7724 2 2 0 1 3442 3795 1303
7725 2 2 0 1 975 3864 3348
7726 2 2 0 1 336 3288 320
7727 2 2 0 1 1511 3252 1508
7728 2 2 0 1 2652 3720 1996
7729 2 2 0 1 3280 3672 2031
7730 2 2 0 1 2144 4053 2868
7731 2 2 0 1 3036 4081 3037
7732 2 2 0 1 1408 3382 1412
7733 2 2 0 1 3241 4008 244
7734 2 2 0 1 155 3199 145
7735 2 2 0 1 1280 3321 1275
7736 2 2 0 1 1285 3363 3362
7737 2 2 0 1 1755 3333 3069
7738 2 2 0 1 403 3438 974
7739 2 2 0 1 3014 3937 1372
7740 2 2 0 1 986 3950 2702
7741 2 2 0 1 2877 3725 2936
7742 2 2 0 1 1289 3708 2976
7743 2 2 0 1 3047 3674 2730
7744 2 2 0 1 2905 3701 2030
7745 2 2 0 1 2483 3943 3008
7746 2 2 0 1 470 3844 643
7747 2 2 0 1 1124 3379 1102
7748 2 2 0 1 3508 3647 3526
7749 2 2 0 1 2258 3704 452
7750 2 2 0 1 325 3243 3218
7751 2 2 0 1 2130 3283 949
7752 2 2 0 1 2909 3673 1678
7753 2 2 0 1 3182 4053 2144
7754 2 2 0 1 3163 3881 1997
7755 2 2 0 1 781 4043 3757
7756 2 2 0 1 2038 4024 3823
7757 2 2 0 1 1316 3800 2993
7758 2 2 0 1 1863 3369 945
7759 2 2 0 1 3789 4057 848
7760 2 2 0 1 1046 3959 2685
7761 2 2 0 1 3629 3767 3662
7762 2 2 0 1 3235 3791 1840
7763 2 2 0 1 79 3985 2599
7764 2 2 0 1 2852 3838 1710
7765 2 2 0 1 2850 3197 156
7766 2 2 0 1 1405 3382 1408
7767 2 2 0 1 555 3395 988
7768 2 2 0 1 1264 3413 3359
7769 2 2 0 1 1438 3411 1636
7770 2 2 0 1 438 4034 562
7771 2 2 0 1 3603 3613 629
7772 2 2 0 1 3829 3873 2782
7773 2 2 0 1 3663 3756 1291
7774 2 2 0 1 291 4068 2925
7775 2 2 0 1 765 3322 761
7776 2 2 0 1 837 3378 803
7777 2 2 0 1 2876 3293 3253
7778 2 2 0 1 1597 3775 3349
7779 2 2 0 1 446 4039 444
7780 2 2 0 1 3858 4017 125
7781 2 2 0 1 566 3804 261
7782 2 2 0 1 1175 3659 3291
7783 2 2 0 1 2934 3435 1597
7784 2 2 0 1 3687 3922 3559
7785 2 2 0 1 3646 3916 3602
7786 2 2 0 1 3437 3851 998
7787 2 2 0 1 763 3322 769
7788 2 2 0 1 841 3253 2384
7789 2 2 0 1 121 3264 116
7790 2 2 0 1 414 3438 403
7791 2 2 0 1 1298 3703 1166
7792 2 2 0 1 1474 3267 1471
7793 2 2 0 1 451 3313 448
7794 2 2 0 1 1305 3377 2604
7795 2 2 0 1 3227 3796 1686
7796 2 2 0 1 199 3901 3835
7797 2 2 0 1 1188 3685 2717
7798 2 2 0 1 1493 3289 1490
7799 2 2 0 1 1109 3276 3275
7800 2 2 0 1 1137 3401 1092
7801 2 2 0 1 2842 3330 3122
7802 2 2 0 1 978 3766 2746
7803 2 2 0 1 1200 4081 1195
7804 2 2 0 1 2329 3678 3358
7805 2 2 0 1 1816 3714 1818
7806 2 2 0 1 1173 3659 1175
7807 2 2 0 1 73 3923 2792
7808 2 2 0 1 2949 3835 701
7809 2 2 0 1 413 3785 3700
7810 2 2 0 1 1167 3376 1305
7811 2 2 0 1 1958 3770 2801
7812 2 2 0 1 1676 4118 3984
7813 2 2 0 1 3385 3386 999
7814 2 2 0 1 1651 3791 1661
7815 2 2 0 1 2193 3998 2677
7816 2 2 0 1 512 3394 585
7817 2 2 0 1 629 3842 3622
7818 2 2 0 1 3700 3916 3646
7819 2 2 0 1 3743 3816 1065
7820 2 2 0 1 1878 3425 3254
7821 2 2 0 1 3273 3274 2659
7822 2 2 0 1 1428 4052 2599
7823 2 2 0 1 1519 4111 4066
7824 2 2 0 1 1764 4013 2826
7825 2 2 0 1 3339 3340 2418
7826 2 2 0 1 2679 3793 305
7827 2 2 0 1 983 3968 2926
7828 2 2 0 1 1139 3419 1129
7829 2 2 0 1 1818 3714 2640
7830 2 2 0 1 607 3365 3221
7831 2 2 0 1 3250 3399 1059
7832 2 2 0 1 2726 3943 2483
7833 2 2 0 1 2807 3815 1149
7834 2 2 0 1 1394 3764 2758
7835 2 2 0 1 2003 3397 3082
7836 2 2 0 1 1406 3382 1405
7837 2 2 0 1 934 3742 1057
7838 2 2 0 1 1849 3679 2777
7839 2 2 0 1 870 3754 925
7840 2 2 0 1 3122 3330 1468
7841 2 2 0 1 3877 3878 1263
7842 2 2 0 1 776 3781 876
7843 2 2 0 1 3553 3666 3569
7844 2 2 0 1 3235 3236 2679
7845 2 2 0 1 1090 3831 1137
7846 2 2 0 1 1269 3659 1173
7847 2 2 0 1 643 3845 3689
7848 2 2 0 1 1949 3881 3163
7849 2 2 0 1 1104 3379 1138
7850 2 2 0 1 2921 3863 1958
7851 2 2 0 1 2184 3381 3380
7852 2 2 0 1 3349 3775 1680
7853 2 2 0 1 3269 3398 1331
7854 2 2 0 1 1800 4062 3242
7855 2 2 0 1 3048 3922 3687
7856 2 2 0 1 3388 3832 1113
7857 2 2 0 1 770 3738 1877
7858 2 2 0 1 3328 3908 869
7859 2 2 0 1 1807 3862 2553
7860 2 2 0 1 3730 3811 408
7861 2 2 0 1 1363 3969 3317
7862 2 2 0 1 2924 3925 2012
7863 2 2 0 1 3520 3671 3519
7864 2 2 0 1 3849 3850 110
7865 2 2 0 1 2126 3127 2995
7866 2 2 0 1 784 3699 786
7867 2 2 0 1 2511 3869 3167
7868 2 2 0 1 1840 3791 1651
7869 2 2 0 1 1857 3909 3101
7870 2 2 0 1 1537 3891 2832
7871 2 2 0 1 1166 3703 1351
7872 2 2 0 1 76 3442 3441
7873 2 2 0 1 3265 3266 1377
7874 2 2 0 1 1300 3972 3240
7875 2 2 0 1 1122 3424 1120
7876 2 2 0 1 1446 3893 3029
7877 2 2 0 1 947 3369 2130
7878 2 2 0 1 1916 3807 3806
7879 2 2 0 1 2690 3849 113
7880 2 2 0 1 1204 4045 1171
7881 2 2 0 1 767 3738 770
7882 2 2 0 1 2566 4016 3899
7883 2 2 0 1 3251 3782 284
7884 2 2 0 1 209 3969 3138
7885 2 2 0 1 3198 3880 3061
7886 2 2 0 1 3410 4062 1800
7887 2 2 0 1 2960 4111 1519
7888 2 2 0 1 1331 3733 3269
7889 2 2 0 1 1031 3716 3390
7890 2 2 0 1 3183 4112 1265
7891 2 2 0 1 332 4000 289
7892 2 2 0 1 440 4034 438
7893 2 2 0 1 2863 3967 1988
7894 2 2 0 1 2305 4084 3944
7895 2 2 0 1 971 3699 784
7896 2 2 0 1 2818 3776 2241
7897 2 2 0 1 462 3704 2894
7898 2 2 0 1 2031 3672 2935
7899 2 2 0 1 2160 3760 2159
7900 2 2 0 1 801 3389 837
7901 2 2 0 1 3076 3215 1820
7902 2 2 0 1 1105 4069 3359
7903 2 2 0 1 3200 3792 133
7904 2 2 0 1 3833 3859 314
7905 2 2 0 1 1805 3862 1807
7906 2 2 0 1 2546 4035 2547
7907 2 2 0 1 519 3668 3421
7908 2 2 0 1 3684 3912 983
7909 2 2 0 1 1756 3383 1797
7910 2 2 0 1 3736 3737 453
7911 2 2 0 1 1421 3301 3300
7912 2 2 0 1 2556 3761 2907
7913 2 2 0 1 2168 3920 3009
7914 2 2 0 1 1533 3726 1531
7915 2 2 0 1 1094 3401 1099
7916 2 2 0 1 1570 3880 1565
7917 2 2 0 1 730 3235 3051
7918 2 2 0 1 1068 3280 3279
7919 2 2 0 1 969 3441 1303
7920 2 2 0 1 3351 3749 1747
7921 2 2 0 1 798 3936 3935
7922 2 2 0 1 1747 3749 2108
7923 2 2 0 1 1059 3961 862
7924 2 2 0 1 2601 3677 2600
7925 2 2 0 1 3814 4056 884
7926 2 2 0 1 1635 4118 3244
7927 2 2 0 1 384 3731 388
7928 2 2 0 1 2317 3656 2316
7929 2 2 0 1 3173 4097 1588
7930 2 2 0 1 2717 3685 2953
7931 2 2 0 1 1531 3726 1628
7932 2 2 0 1 244 3864 3241
7933 2 2 0 1 1117 3900 2973
7934 2 2 0 1 3420 3818 3223
7935 2 2 0 1 3051 3946 730
7936 2 2 0 1 3303 4045 1204
7937 2 2 0 1 370 4121 3885
7938 2 2 0 1 3319 3646 3644
7939 2 2 0 1 2829 3875 1637
7940 2 2 0 1 2619 3978 2625
7941 2 2 0 1 486 3801 569
7942 2 2 0 1 2880 3766 978
7943 2 2 0 1 562 4034 3787
7944 2 2 0 1 261 3804 259
7945 2 2 0 1 805 3378 836
7946 2 2 0 1 772 3746 774
7947 2 2 0 1 416 3748 3440
7948 2 2 0 1 2008 4088 3342
7949 2 2 0 1 1171 4045 2337
7950 2 2 0 1 3953 4002 655
7951 2 2 0 1 1295 3808 2745
7952 2 2 0 1 95 4115 3223
7953 2 2 0 1 1958 3863 3770
7954 2 2 0 1 2013 3861 3314
7955 2 2 0 1 1076 3660 1079
7956 2 2 0 1 1067 3426 1070
7957 2 2 0 1 1680 3775 2584
7958 2 2 0 1 1575 3869 3307
7959 2 2 0 1 3132 3751 1598
7960 2 2 0 1 2121 3429 3253
7961 2 2 0 1 3540 3647 3507
7962 2 2 0 1 3657 3658 1856
7963 2 2 0 1 4061 4114 2254
7964 2 2 0 1 2870 4076 926
7965 2 2 0 1 643 3689 3331
7966 2 2 0 1 3399 3961 1059
7967 2 2 0 1 1065 3816 1061
7968 2 2 0 1 361 3392 2975
7969 2 2 0 1 1083 3702 2807
7970 2 2 0 1 730 3236 3235
7971 2 2 0 1 3798 3799 1468
7972 2 2 0 1 454 4023 451
7973 2 2 0 1 2699 4013 1764
7974 2 2 0 1 2674 3427 1293
7975 2 2 0 1 3067 3860 2335
7976 2 2 0 1 1585 3185 3184
7977 2 2 0 1 2248 3714 1816
7978 2 2 0 1 394 3731 384
7979 2 2 0 1 3018 3989 394
7980 2 2 0 1 1707 3891 3713
7981 2 2 0 1 2089 4049 2126
7982 2 2 0 1 3762 3967 2863
7983 2 2 0 1 3262 3423 910
7984 2 2 0 1 3253 3429 2384
7985 2 2 0 1 1503 3763 1495
7986 2 2 0 1 1707 3713 1593
7987 2 2 0 1 2922 3863 2921
7988 2 2 0 1 2436 4082 3263
7989 2 2 0 1 2683 3786 123
7990 2 2 0 1 3686 3687 2950
7991 2 2 0 1 3797 4021 1203
7992 2 2 0 1 3163 4101 1949
7993 2 2 0 1 3441 3442 1303
7994 2 2 0 1 2116 3862 1805
7995 2 2 0 1 2608 3968 3374
7996 2 2 0 1 289 4000 3251
7997 2 2 0 1 3284 3710 1286
7998 2 2 0 1 3889 3914 2713
7999 2 2 0 1 1495 3763 1502
8000 2 2 0 1 443 3813 2744
8001 2 2 0 1 769 3738 767
8002 2 2 0 1 123 3786 2642
8003 2 2 0 1 2743 3980 3826
8004 2 2 0 1 3832 3873 1131
8005 2 2 0 1 3348 3864 248
8006 2 2 0 1 3118 3884 102
8007 2 2 0 1 3326 3664 2514
8008 2 2 0 1 3024 4035 2546
8009 2 2 0 1 2858 3702 1083
8010 2 2 0 1 546 3912 3684
8011 2 2 0 1 87 4112 3183
8012 2 2 0 1 1195 4081 3036
8013 2 2 0 1 1068 3672 3280
8014 2 2 0 1 1593 3713 1633
8015 2 2 0 1 3070 4116 2541
8016 2 2 0 1 3973 3974 739
8017 2 2 0 1 778 3809 780
8018 2 2 0 1 3223 4115 1267
8019 2 2 0 1 1988 3967 2846
8020 2 2 0 1 966 3837 3367
8021 2 2 0 1 2280 3832 3388
8022 2 2 0 1 2846 3967 2847
8023 2 2 0 1 1038 3847 3305
8024 2 2 0 1 4022 4027 527
8025 2 2 0 1 3115 4012 1994
8026 2 2 0 1 3376 3377 1305
8027 2 2 0 1 4008 4009 244
8028 2 2 0 1 3299 3725 2877
8029 2 2 0 1 3430 4078 151
8030 2 2 0 1 2366 4018 3279
8031 2 2 0 1 2801 3770 2924
8032 2 2 0 1 3069 3333 1756
8033 2 2 0 1 1030 4074 3390
8034 2 2 0 1 2807 3702 1382
8035 2 2 0 1 3330 3798 1468
8036 2 2 0 1 538 4005 2915
8037 2 2 0 1 3744 3745 1344
8038 2 2 0 1 774 3781 776
8039 2 2 0 1 3242 4062 2972
8040 2 2 0 1 1877 3746 772
8041 2 2 0 1 2526 4052 3888
8042 2 2 0 1 569 3801 3701
8043 2 2 0 1 3238 3960 2248
8044 2 2 0 1 467 3986 3311
8045 2 2 0 1 2541 4116 1901
8046 2 2 0 1 3313 4039 446
8047 2 2 0 1 3826 3980 1158
8048 2 2 0 1 3776 3777 1048
8049 2 2 0 1 1288 3887 2906
8050 2 2 0 1 1392 4114 4061
8051 2 2 0 1 3178 3879 2090
8052 2 2 0 1 2732 3387 1225
8053 2 2 0 1 1727 3876 1755
8054 2 2 0 1 248 4064 3347
8055 2 2 0 1 2030 4123 2905
8056 2 2 0 1 1507 3396 2873
8057 2 2 0 1 2221 3787 2957
8058 2 2 0 1 830 4108 879
8059 2 2 0 1 3692 4093 651
8060 2 2 0 1 2625 3978 3852
8061 2 2 0 1 2939 3892 1017
8062 2 2 0 1 3134 3801 486
8063 2 2 0 1 254 3690 3294
8064 2 2 0 1 3779 4109 1308
8065 2 2 0 1 3661 3933 1795
8066 2 2 0 1 1868 3915 3605
8067 2 2 0 1 2514 3664 3186
8068 2 2 0 1 3893 4012 2723
8069 2 2 0 1 3111 3798 3330
8070 2 2 0 1 157 4033 3057
8071 2 2 0 1 876 3809 778
8072 2 2 0 1 274 4059 272
8073 2 2 0 1 75 3978 3286
8074 2 2 0 1 3806 3807 1025
8075 2 2 0 1 3184 3196 1585
8076 2 2 0 1 3022 3944 1892
8077 2 2 0 1 2891 4082 2436
8078 2 2 0 1 3437 3997 464
8079 2 2 0 1 3223 3818 95
8080 2 2 0 1 2847 3967 3762
8081 2 2 0 1 1065 4108 3130
8082 2 2 0 1 3761 3942 1780
8083 2 2 0 1 3347 3348 248
8084 2 2 0 1 3745 3834 712
8085 2 2 0 1 3774 3940 2469
8086 2 2 0 1 2871 4108 830
8087 2 2 0 1 1049 3777 3776
8088 2 2 0 1 1520 3665 3439
8089 2 2 0 1 1527 3435 2934
8090 2 2 0 1 3859 3931 314
8091 2 2 0 1 2882 3749 3351
8092 2 2 0 1 1061 3816 1063
8093 2 2 0 1 3802 4060 1821
8094 2 2 0 1 251 3892 2939
8095 2 2 0 1 3844 3845 643
8096 2 2 0 1 1270 3855 3043
8097 2 2 0 1 1448 3925 2924
8098 2 2 0 1 2896 3840 1028
8099 2 2 0 1 3037 4081 1803
8100 2 2 0 1 3130 4108 2871
8101 2 2 0 1 862 3961 1000
8102 2 2 0 1 3333 3383 1756
8103 2 2 0 1 2971 4030 1316
8104 2 2 0 1 1750 3876 1727
8105 2 2 0 1 259 3804 2964
8106 2 2 0 1 394 3989 3731
8107 2 2 0 1 1027 3947 2860
8108 2 2 0 1 3787 4034 2957
8109 2 2 0 1 1327 4050 3309
8110 2 2 0 1 3991 4024 809
8111 2 2 0 1 101 3884 3118
8112 2 2 0 1 1505 3673 2909
8113 2 2 0 1 3424 3948 1139
8114 2 2 0 1 1316 4030 3800
8115 2 2 0 1 300 3653 3303
8116 2 2 0 1 2280 3873 3832
8117 2 2 0 1 682 4002 3953
8118 2 2 0 1 2317 4012 3893
8119 2 2 0 1 3856 4037 2158
8120 2 2 0 1 3650 3874 1018
8121 2 2 0 1 3100 4016 3099
8122 2 2 0 1 2925 4068 2025
8123 2 2 0 1 2432 3963 2943
8124 2 2 0 1 2991 3979 587
8125 2 2 0 1 3413 4048 1105
8126 2 2 0 1 112 3850 3849
8127 2 2 0 1 3984 4118 2246
8128 2 2 0 1 194 3835 2949
8129 2 2 0 1 3123 3854 1270
8130 2 2 0 1 2039 3274 3273
8131 2 2 0 1 3439 3870 1520
8132 2 2 0 1 281 3718 3083
8133 2 2 0 1 1365 3965 3596
8134 2 2 0 1 3317 3969 207
8135 2 2 0 1 2500 3818 3420
8136 2 2 0 1 3974 4083 739
8137 2 2 0 1 2337 4045 3653
8138 2 2 0 1 1598 3751 3255
8139 2 2 0 1 3221 3365 606
8140 2 2 0 1 3852 3978 75
8141 2 2 0 1 3899 4016 1469
8142 2 2 0 1 3634 3938 3546
8143 2 2 0 1 418 3440 3157
8144 2 2 0 1 2630 4104 1584
8145 2 2 0 1 1095 3192 3172
8146 2 2 0 1 3784 3866 2507
8147 2 2 0 1 3622 3842 579
8148 2 2 0 1 3543 3938 3634
8149 2 2 0 1 2728 3767 3629
8150 2 2 0 1 3237 3693 1263
8151 2 2 0 1 1387 4122 3342
8152 2 2 0 1 319 3859 3833
8153 2 2 0 1 3236 3793 2679
8154 2 2 0 1 3728 3912 544
8155 2 2 0 1 3216 3762 1386
8156 2 2 0 1 3251 4000 2370
8157 2 2 0 1 1097 3872 3854
8158 2 2 0 1 275 3793 3236
8159 2 2 0 1 3417 3879 1085
8160 2 2 0 1 3653 4045 3303
8161 2 2 0 1 2723 4012 3115
8162 2 2 0 1 246 4008 3241
8163 2 2 0 1 3229 4011 924
8164 2 2 0 1 571 3999 3395
8165 2 2 0 1 3358 3819 2329
8166 2 2 0 1 3421 3668 508
8167 2 2 0 1 1560 3875 2829
8168 2 2 0 1 451 4023 3313
8169 2 2 0 1 3444 3830 195
8170 2 2 0 1 3427 3817 796
8171 2 2 0 1 1131 3873 3829
8172 2 2 0 1 3099 4016 2566
8173 2 2 0 1 2674 3817 3427
8174 2 2 0 1 828 4099 4076
8175 2 2 0 1 2493 3845 3844
8176 2 2 0 1 3931 4010 314
8177 2 2 0 1 2370 3782 3251
8178 2 2 0 1 430 4119 3231
8179 2 2 0 1 810 3896 3861
8180 2 2 0 1 469 3825 3248
8181 2 2 0 1 1089 4001 3422
8182 2 2 0 1 3746 3781 774
8183 2 2 0 1 343 3840 2896
8184 2 2 0 1 3390 3716 1030
8185 2 2 0 1 3911 3918 1489
8186 2 2 0 1 3644 3645 3319
8187 2 2 0 1 407 3811 3730
8188 2 2 0 1 3854 3855 1270
8189 2 2 0 1 3701 3801 2029
8190 2 2 0 1 1082 3879 3178
8191 2 2 0 1 2906 3816 3743
8192 2 2 0 1 1842 4038 3212
8193 2 2 0 1 151 3729 3430
8194 2 2 0 1 110 3752 3213
8195 2 2 0 1 738 3974 3973
8196 2 2 0 1 3279 4018 1068
8197 2 2 0 1 3823 4024 804
8198 2 2 0 1 606 3976 3221
8199 2 2 0 1 551 3940 3774
8200 2 2 0 1 1018 3874 3642
8201 2 2 0 1 3772 3859 319
8202 2 2 0 1 1519 4066 3870
8203 2 2 0 1 3605 3915 628
8204 2 2 0 1 701 3674 3047
8205 2 2 0 1 313 4010 3931
8206 2 2 0 1 1075 3878 3877
8207 2 2 0 1 3836 3927 2185
8208 2 2 0 1 3593 3916 3700
8209 2 2 0 1 3861 3896 811
8210 2 2 0 1 792 4057 3789
8211 2 2 0 1 660 4109 3779
8212 2 2 0 1 464 3851 3437
8213 2 2 0 1 3731 3989 2777
8214 2 2 0 1 2312 4039 3313
8215 2 2 0 1 316 3931 3859
8216 2 2 0 1 4076 4099 926
8217 2 2 0 1 3885 4121 367
8218 2 2 0 1 2935 3672 1069
8219 2 2 0 1 1127 4021 3797
8220 2 2 0 1 3313 4023 2312
8221 2 2 0 1 1448 3926 3925
8222 2 2 0 1 1103 4048 3413
8223 2 2 0 1 3092 3781 3746
8224 2 2 0 1 804 4024 3991
8225 2 2 0 1 306 4083 3974
8226 2 2 0 1 243 4009 4008
8227 2 2 0 1 316 3859 3772
8228 2 2 0 1 1811 4060 3802
8229 2 2 0 1 3670 3785 205
8230 2 2 0 1 171 173 170
8231 2 2 0 1 266 566 263
8232 2 2 0 1 365 2999 1024
8233 2 2 0 1 3317 3785 413
8234 2 2 0 1 3304 3709 575
8235 2 2 0 1 619 1020 617
8236 2 2 0 1 995 3295 2918
8237 2 2 0 1 1114 3366 1116
8238 2 2 0 1 1303 3086 1288
8239 2 2 0 1 1314 1803 1312
8240 2 2 0 1 2967 3079 1401
8241 2 2 0 1 1419 1709 1418
8242 2 2 0 1 2553 3238 1809
8243 2 2 0 1 1826 3988 1827
8244 2 2 0 1 2037 2687 2686
8245 2 2 0 1 2682 2962 2383
8246 2 2 0 1 3142 3246 3143
8247 2 2 0 1 3510 3992 3509
8248 2 2 0 1 3537 3602 3601
$EndElements
